SET FOREIGN_KEY_CHECKS=0;

-- ----------------------------
-- Records of basekey_cat
-- ----------------------------
INSERT INTO `basekey_cat` VALUES ('0041_0000000012', null, null, null, null, null, null, 'tab_of_planning_design', null, null, '规划设计CI标签', 'tab_of_planning_design', '0042_0000000003');
INSERT INTO `basekey_cat` VALUES ('0041_0000000013', null, null, null, null, null, null, 'tab_query_of_planning_design', null, null, '规划设计标签查询', 'tab_query_of_planning_design', '0042_0000000003');
INSERT INTO `basekey_cat` VALUES ('0041_0000000014', null, null, null, null, null, null, 'tab_of_resourse_planning', null, null, '资源规划CI标签', 'tab_of_resourse_planning', '0042_0000000003');
INSERT INTO `basekey_cat` VALUES ('0041_0000000015', null, null, null, null, null, null, 'tab_query_of_resourse_planning', null, null, '资源规划标签查询', 'tab_query_of_resourse_planning', '0042_0000000003');
INSERT INTO `basekey_cat` VALUES ('0041_0000000016', null, null, null, null, null, null, 'tab_of_architecture_design', null, null, '架构设计CI标签', 'tab_of_architecture_design', '0042_0000000003');
INSERT INTO `basekey_cat` VALUES ('0041_0000000017', null, null, null, null, null, null, 'tab_query_of_architecture_design', null, null, '架构设计标签查询', 'tab_query_of_architecture_design', '0042_0000000003');
INSERT INTO `basekey_cat` VALUES ('0041_0000000018', null, null, null, null, null, null, 'tab_of_deploy_design', null, null, '部署设计CI标签', 'tab_of_deploy_design', '0042_0000000003');
INSERT INTO `basekey_cat` VALUES ('0041_0000000019', null, null, null, null, null, null, 'tab_query_of_deploy_design', null, null, '部署设计标签查询', 'tab_query_of_deploy_design', '0042_0000000003');
INSERT INTO `basekey_cat` VALUES ('0041_0000000020', null, null, null, null, null, null, 'business_group', null, null, '业务群组', 'business_group', '0042_0000000003');
INSERT INTO `basekey_cat` VALUES ('0041_0000000021', null, null, null, null, null, null, 'unit_design_type', null, null, '单元设计类型', 'unit_design_type', '0042_0000000003');
INSERT INTO `basekey_cat` VALUES ('0041_0000000022', null, null, null, null, null, null, 'unit_type', null, null, '单元类型', 'unit_type', '0042_0000000003');
INSERT INTO `basekey_cat` VALUES ('0041_0000000024', null, null, null, null, null, null, 'deploy_environment', null, null, '部署环境', 'deploy_environment', '0042_0000000003');
INSERT INTO `basekey_cat` VALUES ('0041_0000000025', null, null, null, null, null, null, 'charge_type', null, null, '计费模式', 'charge_type', '0042_0000000003');
INSERT INTO `basekey_cat` VALUES ('0041_0000000026', null, null, null, null, null, null, 'network_zone_type', null, null, '网络区域类型', 'network_zone_type', '0042_0000000003');
INSERT INTO `basekey_cat` VALUES ('0041_0000000027', null, null, null, null, null, null, 'network_zone_layer', null, null, '网络区域层级', 'network_zone_layer', '0042_0000000003');
INSERT INTO `basekey_cat` VALUES ('0041_0000000028', null, null, null, null, null, null, 'service_type', null, null, '服务类型', 'service_type', '0042_0000000003');
INSERT INTO `basekey_cat` VALUES ('0041_0000000029', null, null, null, null, null, null, 'invoke_type', null, null, '调用类型', 'invoke_type', '0042_0000000003');
INSERT INTO `basekey_cat` VALUES ('0041_0000000030', null, null, null, null, null, null, 'cluster_type', null, null, '集群类型', 'cluster_type', '0042_0000000003');
INSERT INTO `basekey_cat` VALUES ('0041_0000000033', null, null, null, null, null, null, 'network_segment_usage', null, null, '网段用途', 'network_segment_usage', '0042_0000000003');
INSERT INTO `basekey_cat` VALUES ('0041_0000000034', null, null, null, null, null, null, 'network_zone_link_type', null, null, '网络连接类型', 'network_zone_link_type', '0042_0000000003');
INSERT INTO `basekey_cat` VALUES ('0041_0000000035', null, null, null, null, null, null, 'across_resource_set', null, null, '跨资源集合部署', 'across_resource_set', '0042_0000000005');
INSERT INTO `basekey_cat` VALUES ('0041_0000000036', null, null, null, null, null, null, 'service_dns_domain', null, null, '服务域名域', 'service_dns_domain', '0042_0000000011');
INSERT INTO `basekey_cat` VALUES ('0041_0000000037', null, null, null, null, null, null, 'diff_conf_variable', null, null, '差异配置变量', 'diff_conf_variable', '0042_0000000014');
INSERT INTO `basekey_cat` VALUES ('0041_0000000038', null, null, null, null, null, null, 'resource_instance_type', null, null, '资源实例类型', 'resource_instance_type', '0042_0000000017');
INSERT INTO `basekey_cat` VALUES ('0041_0000000039', null, null, null, null, null, null, 'resource_system', null, null, '资源系统', 'resource_system', '0042_0000000017');
INSERT INTO `basekey_cat` VALUES ('0041_0000000040', null, null, null, null, null, null, 'resource_instance_spec', null, null, '资源实例规格', 'resource_instance_spec', '0042_0000000017');
INSERT INTO `basekey_cat` VALUES ('0041_0000000041', null, null, null, null, null, null, 'cluster_node_type', null, null, '集群节点类型', 'cluster_node_type', '0042_0000000017');
INSERT INTO `basekey_cat` VALUES ('0041_0000000042', null, null, null, null, null, null, 'block_storage_type', null, null, '块存储类型', 'block_storage_type', '0042_0000000018');
INSERT INTO `basekey_cat` VALUES ('0041_0000000043', null, null, null, null, null, null, 'ip_address_usage', null, null, 'IP地址用途', 'ip_address_usage', '0042_0000000019');
INSERT INTO `basekey_cat` VALUES ('0041_0000000044', null, null, null, null, null, null, 'file_system', null, null, '文件系统', 'file_system', '0042_0000000018');
INSERT INTO `basekey_cat` VALUES ('0041_0000000045', null, null, null, null, null, null, 'init_source_type', null, null, '初始化源类型', 'init_source_type', '0042_0000000003');
INSERT INTO `basekey_cat` VALUES ('0041_0000000046', null, null, null, null, null, null, 'data_center_type', null, null, '数据中心类型', 'data_center_type', '0042_0000000020');
INSERT INTO `basekey_cat` VALUES ('0041_0000000047', null, null, null, null, null, null, 'protocol', null, null, '协议', 'protocol', '0042_0000000003');
INSERT INTO `basekey_cat` VALUES ('0041_0000000048', null, null, null, null, null, null, 'service_invoke_type', null, null, '服务调用类型', 'service_invoke_type', '0042_0000000003');
INSERT INTO `basekey_cat` VALUES ('0041_0000000049', null, null, null, null, null, null, 'service_nature', null, null, '服务特性', 'service_nature', '0042_0000000006');
INSERT INTO `basekey_cat` VALUES ('0041_0000000050', null, null, null, null, null, null, 'network_zone_type', null, null, '网络区域类型', 'network_zone_type', '0042_0000000003');
INSERT INTO `basekey_cat` VALUES ('0041_0000000051', null, null, null, null, null, null, 'security_policy_type', null, null, '安全规则类型', 'security_policy_type', '0042_0000000040');
INSERT INTO `basekey_cat` VALUES ('0041_0000000052', null, null, null, null, null, null, 'security_policy_action', null, null, '安全规则行为', 'security_policy_action', '0042_0000000040');

-- ----------------------------
-- Records of basekey_cat_type
-- ----------------------------
INSERT INTO `basekey_cat_type` VALUES ('0042_0000000003', null, null, null, null, null, null, 'system_design', null, null, '系统设计', 'system_design', '1');
INSERT INTO `basekey_cat_type` VALUES ('0042_0000000004', null, null, null, null, null, null, 'subsys_design', null, null, '子系统设计', 'subsys_design', '2');
INSERT INTO `basekey_cat_type` VALUES ('0042_0000000005', null, null, null, null, null, null, 'unit_design', null, null, '单元设计', 'unit_design', '3');
INSERT INTO `basekey_cat_type` VALUES ('0042_0000000006', null, null, null, null, null, null, 'service_design', null, null, '服务设计', 'service_design', '4');
INSERT INTO `basekey_cat_type` VALUES ('0042_0000000007', null, null, null, null, null, null, 'invoke_design', null, null, '调用设计', 'invoke_design', '5');
INSERT INTO `basekey_cat_type` VALUES ('0042_0000000008', null, null, null, null, null, null, 'service_invoke_seq_design', null, null, '服务调用时序设计', 'service_invoke_seq_design', '6');
INSERT INTO `basekey_cat_type` VALUES ('0042_0000000009', null, null, null, null, null, null, 'we_system', null, null, '系统', 'we_system', '7');
INSERT INTO `basekey_cat_type` VALUES ('0042_0000000010', null, null, null, null, null, null, 'subsys', null, null, '子系统', 'subsys', '8');
INSERT INTO `basekey_cat_type` VALUES ('0042_0000000011', null, null, null, null, null, null, 'unit', null, null, '单元', 'unit', '9');
INSERT INTO `basekey_cat_type` VALUES ('0042_0000000012', null, null, null, null, null, null, 'service', null, null, '服务', 'service', '10');
INSERT INTO `basekey_cat_type` VALUES ('0042_0000000013', null, null, null, null, null, null, 'invoke', null, null, '调用', 'invoke', '11');
INSERT INTO `basekey_cat_type` VALUES ('0042_0000000014', null, null, null, null, null, null, 'deploy_package', null, null, '部署包', 'deploy_package', '12');
INSERT INTO `basekey_cat_type` VALUES ('0042_0000000016', null, null, null, null, null, null, 'business_app_instance', null, null, '业务应用实例', 'business_app_instance', '14');
INSERT INTO `basekey_cat_type` VALUES ('0042_0000000017', null, null, null, null, null, null, 'resource_instance', null, null, '资源实例', 'resource_instance', '15');
INSERT INTO `basekey_cat_type` VALUES ('0042_0000000018', null, null, null, null, null, null, 'block_storage', null, null, '块存储', 'block_storage', '16');
INSERT INTO `basekey_cat_type` VALUES ('0042_0000000019', null, null, null, null, null, null, 'ip_address', null, null, 'IP地址', 'ip_address', '17');
INSERT INTO `basekey_cat_type` VALUES ('0042_0000000020', null, null, null, null, null, null, 'data_center', null, null, '数据中心', 'data_center', '18');
INSERT INTO `basekey_cat_type` VALUES ('0042_0000000021', null, null, null, null, null, null, 'network_zone', null, null, '网络区域', 'network_zone', '19');
INSERT INTO `basekey_cat_type` VALUES ('0042_0000000022', null, null, null, null, null, null, 'network_zone_link', null, null, '网络区域连接', 'network_zone_link', '20');
INSERT INTO `basekey_cat_type` VALUES ('0042_0000000023', null, null, null, null, null, null, 'business_zone', null, null, '业务区域', 'business_zone', '21');
INSERT INTO `basekey_cat_type` VALUES ('0042_0000000024', null, null, null, null, null, null, 'resource_set', null, null, '资源集合', 'resource_set', '22');
INSERT INTO `basekey_cat_type` VALUES ('0042_0000000025', null, null, null, null, null, null, 'network_segment', null, null, '网段', 'network_segment', '23');
INSERT INTO `basekey_cat_type` VALUES ('0042_0000000026', null, null, null, null, null, null, 'routing_rule', null, null, '路由规则', 'routing_rule', '24');
INSERT INTO `basekey_cat_type` VALUES ('0042_0000000027', null, null, null, null, null, null, 'data_center_design', null, null, '数据中心设计', 'data_center_design', '25');
INSERT INTO `basekey_cat_type` VALUES ('0042_0000000028', null, null, null, null, null, null, 'network_zone_design', null, null, '网络区域设计', 'network_zone_design', '26');
INSERT INTO `basekey_cat_type` VALUES ('0042_0000000029', null, null, null, null, null, null, 'network_zone_link_design', null, null, '网络区域连接设计', 'network_zone_link_design', '27');
INSERT INTO `basekey_cat_type` VALUES ('0042_0000000030', null, null, null, null, null, null, 'business_zone_design', null, null, '业务区域设计', 'business_zone_design', '28');
INSERT INTO `basekey_cat_type` VALUES ('0042_0000000031', null, null, null, null, null, null, 'resource_set_design', null, null, '资源集合设计', 'resource_set_design', '29');
INSERT INTO `basekey_cat_type` VALUES ('0042_0000000032', null, null, null, null, null, null, 'network_segment_design', null, null, '网段设计', 'network_segment_design', '30');
INSERT INTO `basekey_cat_type` VALUES ('0042_0000000033', null, null, null, null, null, null, 'routing_rule_design', null, null, '路由规则设计', 'routing_rule_design', '31');
INSERT INTO `basekey_cat_type` VALUES ('0042_0000000034', null, null, null, null, null, null, 'diff_configuration', null, null, '差异配置', 'diff_configuration', '32');
INSERT INTO `basekey_cat_type` VALUES ('0042_0000000037', null, null, null, null, null, null, 'service_invoke_design', null, null, '服务调用设计', 'service_invoke_design', '35');
INSERT INTO `basekey_cat_type` VALUES ('0042_0000000038', null, null, null, null, null, null, 'resource_set_invoke_desig', null, null, '资源集合调用设计', 'resource_set_invoke_desig', '36');
INSERT INTO `basekey_cat_type` VALUES ('0042_0000000040', null, null, null, null, null, null, '默认安全策略', null, null, null, '默认安全策略', '38');
INSERT INTO `basekey_cat_type` VALUES ('0042_0000000041', null, null, null, null, null, null, '直连服务调用', null, null, null, '直连服务调用', '39');
INSERT INTO `basekey_cat_type` VALUES ('0042_0000000042', null, null, null, null, null, null, '枚举', null, null, null, '枚举', '40');
INSERT INTO `basekey_cat_type` VALUES ('0042_0000000043', null, null, null, null, null, null, '枚举组', null, null, null, '枚举组', '41');
INSERT INTO `basekey_cat_type` VALUES ('0042_0000000044', null, null, null, null, null, null, '枚举组类型', null, null, null, '枚举组类型', '42');

-- ----------------------------
-- Records of basekey_code
-- ----------------------------
INSERT INTO `basekey_code` VALUES ('0040_0000000058', null, null, null, null, null, null, '业务群组A', null, null, '业务群组A', 'business_group_A', '0041_0000000020', null, '业务群组A');
INSERT INTO `basekey_code` VALUES ('0040_0000000059', null, null, null, null, null, null, '业务群组B', null, null, '业务群组B', 'business_group_B', '0041_0000000020', null, '业务群组B');
INSERT INTO `basekey_code` VALUES ('0040_0000000060', null, null, null, null, null, null, 'TOMCAT', null, null, 'tomcat', 'tomcat', '0041_0000000021', null, 'TOMCAT');
INSERT INTO `basekey_code` VALUES ('0040_0000000061', null, null, null, null, null, null, 'MQSQL', null, null, 'mysql', 'mysql', '0041_0000000021', null, 'MQSQL');
INSERT INTO `basekey_code` VALUES ('0040_0000000062', null, null, null, null, null, null, 'REDIS', null, null, 'redis', 'redis', '0041_0000000021', null, 'REDIS');
INSERT INTO `basekey_code` VALUES ('0040_0000000063', null, null, null, null, null, null, 'TOMCAT 7.x', null, null, 'tomcat_7', 'tomcat7', '0041_0000000022', '0040_0000000060', 'TOMCAT 7.x');
INSERT INTO `basekey_code` VALUES ('0040_0000000064', null, null, null, null, null, null, 'TOMCAT 8.x', null, null, 'tomcat_8', 'tomcat8', '0041_0000000022', '0040_0000000060', 'TOMCAT 8.x');
INSERT INTO `basekey_code` VALUES ('0040_0000000065', null, null, null, null, null, null, 'MySQL 5.6', null, null, 'mysql_7', '5.6', '0041_0000000022', '0040_0000000061', 'MySQL 5.6');
INSERT INTO `basekey_code` VALUES ('0040_0000000066', null, null, null, null, null, null, 'MySQL 5.7', null, null, 'mysql_8', '5.7', '0041_0000000022', '0040_0000000061', 'MySQL 5.7');
INSERT INTO `basekey_code` VALUES ('0040_0000000067', null, null, null, null, null, null, 'REDIS 3.2', null, null, 'redis_4', '3.2', '0041_0000000022', '0040_0000000062', 'REDIS 3.2');
INSERT INTO `basekey_code` VALUES ('0040_0000000068', null, null, null, null, null, null, 'REDIS 4.0', null, null, 'redis_5', '4.0', '0041_0000000022', '0040_0000000062', 'REDIS 4.0');
INSERT INTO `basekey_code` VALUES ('0040_0000000069', null, null, null, null, null, null, '生产环境', null, null, '生产环境', 'PRD', '0041_0000000024', null, '生产环境');
INSERT INTO `basekey_code` VALUES ('0040_0000000070', null, null, null, null, null, null, '容灾环境', null, null, '容灾环境', 'DR', '0041_0000000024', null, '容灾环境');
INSERT INTO `basekey_code` VALUES ('0040_0000000071', null, null, null, null, null, null, 'STGi环境', null, null, 'STGi环境', 'STGi', '0041_0000000024', null, 'STGi环境');
INSERT INTO `basekey_code` VALUES ('0040_0000000072', null, null, null, null, null, null, 'STGk环境', null, null, 'STGk环境', 'STGk', '0041_0000000024', null, 'STGk环境');
INSERT INTO `basekey_code` VALUES ('0040_0000000073', null, null, null, null, null, null, 'INTi环境', null, null, 'INTi环境', 'INTi', '0041_0000000024', null, 'INTi环境');
INSERT INTO `basekey_code` VALUES ('0040_0000000074', null, null, null, null, null, null, 'INTk环境', null, null, 'INTk环境', 'INTk', '0041_0000000024', null, 'INTk环境');
INSERT INTO `basekey_code` VALUES ('0040_0000000075', null, null, null, null, null, null, '开发环境', null, null, '开发环境', 'DEV', '0041_0000000024', null, '开发环境');
INSERT INTO `basekey_code` VALUES ('0040_0000000076', null, null, null, null, null, null, '包年包月', null, null, '包年包月', 'PERPAID', '0041_0000000025', null, '包年包月');
INSERT INTO `basekey_code` VALUES ('0040_0000000077', null, null, null, null, null, null, '按量计费', null, null, '按量计费', 'POSTPAID_BY_HOUR', '0041_0000000025', null, '按量计费');
INSERT INTO `basekey_code` VALUES ('0040_0000000078', null, null, null, null, null, null, '客户层', null, null, '客户层', 'client_layer', '0041_0000000027', null, '客户层');
INSERT INTO `basekey_code` VALUES ('0040_0000000079', null, null, null, null, null, null, '接入层', null, null, '接入层', 'link_layer', '0041_0000000027', null, '接入层');
INSERT INTO `basekey_code` VALUES ('0040_0000000080', null, null, null, null, null, null, '业务层', null, null, '业务层', 'buss_layer', '0041_0000000027', null, '业务层');
INSERT INTO `basekey_code` VALUES ('0040_0000000082', null, null, null, null, null, null, 'RMB总线', null, null, 'tcp短连接', 'RMB', '0041_0000000028', null, 'RMB总线');
INSERT INTO `basekey_code` VALUES ('0040_0000000083', null, null, null, null, null, null, '直连访问', null, null, 'udp', 'DIRECT', '0041_0000000028', null, '直连访问');
INSERT INTO `basekey_code` VALUES ('0040_0000000084', null, null, null, null, null, null, '同步调用', null, null, '同步调用', 'sync_invoke', '0041_0000000029', null, '同步调用');
INSERT INTO `basekey_code` VALUES ('0040_0000000085', null, null, null, null, null, null, '同步请求', null, null, '同步请求', 'sync_request', '0041_0000000029', null, '同步请求');
INSERT INTO `basekey_code` VALUES ('0040_0000000086', null, null, null, null, null, null, '异步返回', null, null, '异步返回', 'async_respond', '0041_0000000029', null, '异步返回');
INSERT INTO `basekey_code` VALUES ('0040_0000000087', null, null, null, null, null, null, '负载均衡', null, null, '负载均衡', 'loadblacne', '0041_0000000030', '0040_0000000060', '负载均衡');
INSERT INTO `basekey_code` VALUES ('0040_0000000088', null, null, null, null, null, null, 'keepalived', null, null, 'keepalived', 'keepalived', '0041_0000000030', '0040_0000000060', 'keepalived');
INSERT INTO `basekey_code` VALUES ('0040_0000000089', null, null, null, null, null, null, 'MYSQL主从', null, null, 'mysql_主从', 'mysql_ms', '0041_0000000030', '0040_0000000061', 'MYSQL主从');
INSERT INTO `basekey_code` VALUES ('0040_0000000090', null, null, null, null, null, null, 'MYSQL单机', null, null, 'mysql_单机', 'mysql_alone', '0041_0000000030', '0040_0000000061', 'MYSQL单机');
INSERT INTO `basekey_code` VALUES ('0040_0000000091', null, null, null, null, null, null, 'REDIS主从', null, null, 'redis_主从', 'redis_ms', '0041_0000000030', '0040_0000000062', 'REDIS主从');
INSERT INTO `basekey_code` VALUES ('0040_0000000092', null, null, null, null, null, null, 'REDIS集群', null, null, 'redis_单机', 'redis_cluster', '0041_0000000030', '0040_0000000062', 'REDIS集群');
INSERT INTO `basekey_code` VALUES ('0040_0000000094', null, null, null, null, null, null, '互联网', null, null, null, 'internet', '0041_0000000033', null, '互联网');
INSERT INTO `basekey_code` VALUES ('0040_0000000095', null, null, null, null, null, null, '数据中心', null, null, '数据中心', 'data_center', '0041_0000000033', null, '数据中心');
INSERT INTO `basekey_code` VALUES ('0040_0000000096', null, null, null, null, null, null, '网络区域', null, null, '网络区域', 'network_zone', '0041_0000000033', null, '网络区域');
INSERT INTO `basekey_code` VALUES ('0040_0000000097', null, null, null, null, null, null, '业务区域', null, null, '业务区域', 'business_zone', '0041_0000000033', null, '业务区域');
INSERT INTO `basekey_code` VALUES ('0040_0000000098', null, null, null, null, null, null, '资源集合', null, null, '资源集合', 'resource_set', '0041_0000000033', null, '资源集合');
INSERT INTO `basekey_code` VALUES ('0040_0000000101', null, null, null, null, null, null, '对等连接', null, null, '对等连接', 'PEERCONNECTION', '0041_0000000034', null, '对等连接');
INSERT INTO `basekey_code` VALUES ('0040_0000000102', null, null, null, null, null, null, 'NAT网关', null, null, 'NAT网关', 'NAT', '0041_0000000034', null, 'NAT网关');
INSERT INTO `basekey_code` VALUES ('0040_0000000103', null, null, null, null, null, null, '单资源集合', null, null, '单资源集合', 'single', '0041_0000000035', null, '单资源集合');
INSERT INTO `basekey_code` VALUES ('0040_0000000104', null, null, null, null, null, null, '同城资源集合', null, null, '同城资源集合', 'local', '0041_0000000035', null, '同城资源集合');
INSERT INTO `basekey_code` VALUES ('0040_0000000105', null, null, null, null, null, null, '异地资源集合', null, null, '异地资源集合', 'remote', '0041_0000000035', null, '异地资源集合');
INSERT INTO `basekey_code` VALUES ('0040_0000000106', null, null, null, null, null, null, '内网应用域名', null, null, '内网应用域名', 'app.demo.com', '0041_0000000036', null, '内网应用域名');
INSERT INTO `basekey_code` VALUES ('0040_0000000107', null, null, null, null, null, null, '内网数据库域名', null, null, '内网数据库域名', 'db.demo.com', '0041_0000000036', null, '内网数据库域名');
INSERT INTO `basekey_code` VALUES ('0040_0000000108', null, null, null, null, null, null, '内网缓存域名', null, null, '内网缓存域名', 'cache.demo.com', '0041_0000000036', null, '内网缓存域名');
INSERT INTO `basekey_code` VALUES ('0040_0000000109', null, null, null, null, null, null, '外网应用域名', null, null, '外网应用域名', 'demo.com', '0041_0000000036', null, '外网应用域名');
INSERT INTO `basekey_code` VALUES ('0040_0000000110', null, null, null, null, null, null, '标准型CVM', null, null, '标准型CVM', 'standard', '0041_0000000038', '0040_0000000060', '标准型CVM');
INSERT INTO `basekey_code` VALUES ('0040_0000000111', null, null, null, null, null, null, '内存型CVM', null, null, '内存型CVM', 'memory', '0041_0000000038', '0040_0000000060', '内存型CVM');
INSERT INTO `basekey_code` VALUES ('0040_0000000112', null, null, null, null, null, null, '异步同步类型', null, null, '基础版mysql', '0', '0041_0000000038', '0040_0000000061', '异步同步类型');
INSERT INTO `basekey_code` VALUES ('0040_0000000113', null, null, null, null, null, null, '强同步类型', null, null, '高可用版mysql', '2', '0041_0000000038', '0040_0000000061', '强同步类型');
INSERT INTO `basekey_code` VALUES ('0040_0000000114', null, null, null, null, null, null, '3.2主从类型', null, null, '基础版redis', '3', '0041_0000000038', '0040_0000000062', '3.2主从类型');
INSERT INTO `basekey_code` VALUES ('0040_0000000115', null, null, null, null, null, null, '3.2集群类型', null, null, '高可用版redis', '4', '0041_0000000038', '0040_0000000062', '3.2集群类型');
INSERT INTO `basekey_code` VALUES ('0040_0000000116', null, null, null, null, null, null, 'CentOs 7.4 64位', null, null, 'CentOs 7.2 64位', 'img-8toqc6s3', '0041_0000000039', '0040_0000000060', 'CentOs 7.4 64位');
INSERT INTO `basekey_code` VALUES ('0040_0000000117', null, null, null, null, null, null, 'CentOs 6.8 64位', null, null, 'CentOs 6.8 64位', 'img-6ns5om13', '0041_0000000039', '0040_0000000060', 'CentOs 6.8 64位');
INSERT INTO `basekey_code` VALUES ('0040_0000000118', null, null, null, null, null, null, 'MySQL 5.6', null, null, 'mysql5.5', '5.6', '0041_0000000039', '0040_0000000061', 'MySQL 5.6');
INSERT INTO `basekey_code` VALUES ('0040_0000000119', null, null, null, null, null, null, 'MySQL 5.7', null, null, 'mysql5.6', '5.7', '0041_0000000039', '0040_0000000061', 'MySQL 5.7');
INSERT INTO `basekey_code` VALUES ('0040_0000000120', null, null, null, null, null, null, 'REDIS 3.2', null, null, 'redis3.0', 'REDIS3.2', '0041_0000000039', '0040_0000000062', 'REDIS 3.2');
INSERT INTO `basekey_code` VALUES ('0040_0000000121', null, null, null, null, null, null, 'REDIS 4.0', null, null, 'redis4.0', 'REDIS4.0', '0041_0000000039', '0040_0000000062', 'REDIS 4.0');
INSERT INTO `basekey_code` VALUES ('0040_0000000122', null, null, null, null, null, null, '1核2GB', null, null, '1核2GB', '1C2G', '0041_0000000040', '0040_0000000060', '1核2GB');
INSERT INTO `basekey_code` VALUES ('0040_0000000123', null, null, null, null, null, null, '2核4GB', null, null, '2核4GB', '2C4G', '0041_0000000040', '0040_0000000060', '2核4GB');
INSERT INTO `basekey_code` VALUES ('0040_0000000124', null, null, null, null, null, null, '2GB', null, null, '1核2GB', '2000', '0041_0000000040', '0040_0000000061', '2GB');
INSERT INTO `basekey_code` VALUES ('0040_0000000125', null, null, null, null, null, null, '4GB', null, null, '2核4GB', '4000', '0041_0000000040', '0040_0000000061', '4GB');
INSERT INTO `basekey_code` VALUES ('0040_0000000126', null, null, null, null, null, null, '2GB', null, null, '4GB', '2048', '0041_0000000040', '0040_0000000062', '2GB');
INSERT INTO `basekey_code` VALUES ('0040_0000000127', null, null, null, null, null, null, '4GB', null, null, '8GB', '4096', '0041_0000000040', '0040_0000000062', '4GB');
INSERT INTO `basekey_code` VALUES ('0040_0000000128', null, null, null, null, null, null, '负载均衡节点', null, null, '负载均衡节点', 'loadblance_node', '0041_0000000041', '0040_0000000087', '负载均衡节点');
INSERT INTO `basekey_code` VALUES ('0040_0000000129', null, null, null, null, null, null, 'Keepalived主节点', null, null, 'Keepalived主节点', 'keepalived_master', '0041_0000000041', '0040_0000000088', 'Keepalived主节点');
INSERT INTO `basekey_code` VALUES ('0040_0000000130', null, null, null, null, null, null, 'Keepalived从节点', null, null, 'Keepalived从节点', 'keepalived_slave', '0041_0000000041', '0040_0000000088', 'Keepalived从节点');
INSERT INTO `basekey_code` VALUES ('0040_0000000131', null, null, null, null, null, null, 'MYSQL主节点', null, null, 'mysql主节点', 'master', '0041_0000000041', '0040_0000000089', 'MYSQL主节点');
INSERT INTO `basekey_code` VALUES ('0040_0000000132', null, null, null, null, null, null, 'MYSQL只读节点', null, null, 'mysql从节点', 'ro', '0041_0000000041', '0040_0000000089', 'MYSQL只读节点');
INSERT INTO `basekey_code` VALUES ('0040_0000000133', null, null, null, null, null, null, 'REDIS读写节点', null, null, 'mysql节点', 'master', '0041_0000000041', '0040_0000000090', 'REDIS读写节点');
INSERT INTO `basekey_code` VALUES ('0040_0000000134', null, null, null, null, null, null, '主从统一节点', null, null, 'redis主节点', 'redis_node', '0041_0000000041', '0040_0000000091', '主从统一节点');
INSERT INTO `basekey_code` VALUES ('0040_0000000136', null, null, null, null, null, null, '集群节点', null, null, 'redis节点', 'redis_node', '0041_0000000041', '0040_0000000092', '集群节点');
INSERT INTO `basekey_code` VALUES ('0040_0000000137', null, null, null, null, null, null, '高性能', null, null, '高性能', 'CLOUD_PREMIUM', '0041_0000000042', null, '高性能');
INSERT INTO `basekey_code` VALUES ('0040_0000000138', null, null, null, null, null, null, '高容量', null, null, '高容量', 'CLOUD_BASIC', '0041_0000000042', null, '高容量');
INSERT INTO `basekey_code` VALUES ('0040_0000000139', null, null, null, null, null, null, 'SSD', null, null, 'SSD', 'CLOUD_SSD', '0041_0000000042', null, 'SSD');
INSERT INTO `basekey_code` VALUES ('0040_0000000140', null, null, null, null, null, null, '外网IP', null, null, '业务IP', '外网IP', '0041_0000000043', null, '外网IP');
INSERT INTO `basekey_code` VALUES ('0040_0000000141', null, null, null, null, null, null, '网关IP', null, null, '网关IP', '网关IP', '0041_0000000043', null, '网关IP');
INSERT INTO `basekey_code` VALUES ('0040_0000000142', null, null, null, null, null, null, '广播IP', null, null, '广播IP', '广播IP', '0041_0000000043', null, '广播IP');
INSERT INTO `basekey_code` VALUES ('0040_0000000143', null, null, null, null, null, null, '资源IP', null, null, '外网IP', '资源IP', '0041_0000000043', null, '资源IP');
INSERT INTO `basekey_code` VALUES ('0040_0000000254', null, null, null, null, null, null, '业务群组MT ', null, null, null, 'business_group_mt', '0041_0000000020', null, '业务群组MT ');
INSERT INTO `basekey_code` VALUES ('0040_0000000256', null, null, null, null, null, null, 'VPN网关', null, null, null, 'VPN', '0041_0000000034', null, 'VPN网关');
INSERT INTO `basekey_code` VALUES ('0040_0000000257', null, null, null, null, null, null, 'NGINX', null, null, null, 'nginx', '0041_0000000021', null, 'NGINX');
INSERT INTO `basekey_code` VALUES ('0040_0000000258', null, null, null, null, null, null, 'NGINX 1.8', null, null, null, 'nginx1.8', '0041_0000000022', '0040_0000000257', 'NGINX 1.8');
INSERT INTO `basekey_code` VALUES ('0040_0000000260', null, null, null, null, null, null, '网络区域设计', null, null, null, '26', '0041_0000000012', null, '网络区域设计');
INSERT INTO `basekey_code` VALUES ('0040_0000000261', null, null, null, null, null, null, '网络区域连接设计', null, null, null, '27', '0041_0000000012', null, '网络区域连接设计');
INSERT INTO `basekey_code` VALUES ('0040_0000000262', null, null, null, null, null, null, '业务区域设计', null, null, null, '28', '0041_0000000012', null, '业务区域设计');
INSERT INTO `basekey_code` VALUES ('0040_0000000263', null, null, null, null, null, null, '资源集合设计', null, null, null, '29', '0041_0000000012', null, '资源集合设计');
INSERT INTO `basekey_code` VALUES ('0040_0000000264', null, null, null, null, null, null, '资源集合调用设计', null, null, null, '36', '0041_0000000012', null, '资源集合调用设计');
INSERT INTO `basekey_code` VALUES ('0040_0000000265', null, null, null, null, null, null, 'BDP', null, null, null, 'bdp', '0041_0000000021', null, 'BDP');
INSERT INTO `basekey_code` VALUES ('0040_0000000266', null, null, null, null, null, null, 'hadoop_2.0', null, null, null, 'hadoop_2.0', '0041_0000000022', '0040_0000000265', 'hadoop_2.0');
INSERT INTO `basekey_code` VALUES ('0040_0000000267', null, null, null, null, null, null, '业务群组CS', null, null, null, 'business_group_cs', '0041_0000000020', null, '业务群组CS');
INSERT INTO `basekey_code` VALUES ('0040_0000000268', null, null, null, null, null, null, 'CentOs 7.2 64位', null, null, null, 'img-31tjrtph11', '0041_0000000039', '0040_0000000257', 'CentOs 7.2 64位');
INSERT INTO `basekey_code` VALUES ('0040_0000000269', null, null, null, null, null, null, '标准型CVM', null, null, null, 'standard', '0041_0000000038', '0040_0000000257', '标准型CVM');
INSERT INTO `basekey_code` VALUES ('0040_0000000270', null, null, null, null, null, null, '1核2GB', null, null, null, '1C2G', '0041_0000000040', '0040_0000000257', '1核2GB');
INSERT INTO `basekey_code` VALUES ('0040_0000000272', null, null, null, null, null, null, '[{\"ciTypeId\":26},{\"ciTypeId\":25,\"parentRs\":{\"attrId\": 457,\"isReferedFromParent\": 1}}]', null, null, null, 'guid_of_network_zone_design', '0041_0000000013', '0040_0000000260', '[{\"ciTypeId\":26},{\"ciTypeId\":25,\"parentRs\":{\"attrId\": 457,\"isReferedFromParent\": 1}}]');
INSERT INTO `basekey_code` VALUES ('0040_0000000273', null, null, null, null, null, null, 'EXT3', null, null, null, 'ext3', '0041_0000000044', null, 'EXT3');
INSERT INTO `basekey_code` VALUES ('0040_0000000274', null, null, null, null, null, null, '自带监控Agent CentOs ', null, null, null, 'img-pecg18g2', '0041_0000000039', '0040_0000000060', '自带监控Agent CentOs ');
INSERT INTO `basekey_code` VALUES ('0040_0000000275', null, null, null, null, null, null, '本地文件', null, null, null, 'LOCAL', '0041_0000000045', null, '本地文件');
INSERT INTO `basekey_code` VALUES ('0040_0000000276', null, null, null, null, null, null, 'S3文件', null, null, null, 'S3', '0041_0000000045', null, 'S3文件');
INSERT INTO `basekey_code` VALUES ('0040_0000000277', null, null, null, null, null, null, '上传脚本内容', null, null, null, 'USER_PARAM', '0041_0000000045', null, '上传脚本内容');
INSERT INTO `basekey_code` VALUES ('0040_0000000279', null, null, null, null, null, null, '大数据集群', null, null, null, 'bdpcluster', '0041_0000000030', '0040_0000000265', '大数据集群');
INSERT INTO `basekey_code` VALUES ('0040_0000000280', null, null, null, null, null, null, '未知', null, null, null, 'unknown', '0041_0000000021', null, '未知');
INSERT INTO `basekey_code` VALUES ('0040_0000000281', null, null, null, null, null, null, '非标准', null, null, null, 'nonstandard', '0041_0000000022', '0040_0000000280', '非标准');
INSERT INTO `basekey_code` VALUES ('0040_0000000282', null, null, null, null, null, null, '多节点', null, null, null, 'multi-node', '0041_0000000030', '0040_0000000280', '多节点');
INSERT INTO `basekey_code` VALUES ('0040_0000000283', null, null, null, null, null, null, '任一节点', null, null, null, 'anynode', '0041_0000000041', '0040_0000000282', '任一节点');
INSERT INTO `basekey_code` VALUES ('0040_0000000284', null, null, null, null, null, null, '[{\"ciTypeId\":27},{\"ciTypeId\":26,\"parentRs\":{\"attrId\":471,\"isReferedFromParent\":1}},{\"ciTypeId\":25,\"parentRs\":{\"attrId\":457,\"isReferedFromParent\":1}}]', null, null, null, 'guid_of_network_zone_link_design', '0041_0000000013', '0040_0000000261', '[{\"ciTypeId\":27},{\"ciTypeId\":26,\"parentRs\":{\"attrId\":471,\"isReferedFromParent\":1}},{\"ciTypeId\":25,\"parentRs\":{\"attrId\":457,\"isReferedFromParent\":1}}]');
INSERT INTO `basekey_code` VALUES ('0040_0000000285', null, null, null, null, null, null, '[{\"ciTypeId\":28},{\"ciTypeId\":26,\"parentRs\":{\"attrId\":486,\"isReferedFromParent\":1}},{\"ciTypeId\":25,\"parentRs\":{\"attrId\":457,\"isReferedFromParent\":1}}]', null, null, null, 'guid_of_business_zone_design', '0041_0000000013', '0040_0000000262', '[{\"ciTypeId\":28},{\"ciTypeId\":26,\"parentRs\":{\"attrId\":486,\"isReferedFromParent\":1}},{\"ciTypeId\":25,\"parentRs\":{\"attrId\":457,\"isReferedFromParent\":1}}]');
INSERT INTO `basekey_code` VALUES ('0040_0000000287', null, null, null, null, null, null, '[{\"ciTypeId\":29},{\"ciTypeId\":28,\"parentRs\":{\"attrId\":500,\"isReferedFromParent\":1}},{\"ciTypeId\":26,\"parentRs\":{\"attrId\":486,\"isReferedFromParent\":1}},{\"ciTypeId\":25,\"parentRs\":{\"attrId\":457,\"isReferedFromParent\":1}}]', null, null, null, 'guid_of_resource_set_design', '0041_0000000013', '0040_0000000263', '[{\"ciTypeId\":29},{\"ciTypeId\":28,\"parentRs\":{\"attrId\":500,\"isReferedFromParent\":1}},{\"ciTypeId\":26,\"parentRs\":{\"attrId\":486,\"isReferedFromParent\":1}},{\"ciTypeId\":25,\"parentRs\":{\"attrId\":457,\"isReferedFromParent\":1}}]');
INSERT INTO `basekey_code` VALUES ('0040_0000000288', null, null, null, null, null, null, '[{\"ciTypeId\":36},{\"ciTypeId\":29,\"parentRs\":{\"attrId\":923,\"isReferedFromParent\":1}},{\"ciTypeId\":28,\"parentRs\":{\"attrId\":500,\"isReferedFromParent\":1}},{\"ciTypeId\":26,\"parentRs\":{\"attrId\":486,\"isReferedFromParent\":1}},{\"ciTypeId\":25,\"parentRs\":{\"attrId\":457,\"isReferedFromParent\":1}}]', null, null, null, 'guid_of_resource_set_invoke_design', '0041_0000000013', '0040_0000000264', '[{\"ciTypeId\":36},{\"ciTypeId\":29,\"parentRs\":{\"attrId\":923,\"isReferedFromParent\":1}},{\"ciTypeId\":28,\"parentRs\":{\"attrId\":500,\"isReferedFromParent\":1}},{\"ciTypeId\":26,\"parentRs\":{\"attrId\":486,\"isReferedFromParent\":1}},{\"ciTypeId\":25,\"parentRs\":{\"attrId\":457,\"isReferedFromParent\":1}}]');
INSERT INTO `basekey_code` VALUES ('0040_0000000289', null, null, null, null, null, null, '网段', null, null, null, '23', '0041_0000000014', null, '网段');
INSERT INTO `basekey_code` VALUES ('0040_0000000290', null, null, null, null, null, null, '网络区域', null, null, null, '19', '0041_0000000014', null, '网络区域');
INSERT INTO `basekey_code` VALUES ('0040_0000000291', null, null, null, null, null, null, '网络区域连接', null, null, null, '20', '0041_0000000014', null, '网络区域连接');
INSERT INTO `basekey_code` VALUES ('0040_0000000292', null, null, null, null, null, null, '业务区域', null, null, null, '21', '0041_0000000014', null, '业务区域');
INSERT INTO `basekey_code` VALUES ('0040_0000000293', null, null, null, null, null, null, '资源集合', null, null, null, '22', '0041_0000000014', null, '资源集合');
INSERT INTO `basekey_code` VALUES ('0040_0000000294', null, null, null, null, null, null, '资源集合调用', null, null, null, '37', '0041_0000000014', null, '资源集合调用');
INSERT INTO `basekey_code` VALUES ('0040_0000000295', null, null, null, null, null, null, '子系统设计', null, null, null, '2', '0041_0000000016', null, '子系统设计');
INSERT INTO `basekey_code` VALUES ('0040_0000000296', null, null, null, null, null, null, '单元设计', null, null, null, '3', '0041_0000000016', null, '单元设计');
INSERT INTO `basekey_code` VALUES ('0040_0000000297', null, null, null, null, null, null, '服务设计', null, null, null, '4', '0041_0000000016', null, '服务设计');
INSERT INTO `basekey_code` VALUES ('0040_0000000298', null, null, null, null, null, null, '调用设计', null, null, null, '5', '0041_0000000016', null, '调用设计');
INSERT INTO `basekey_code` VALUES ('0040_0000000299', null, null, null, null, null, null, '服务调用时序设计', null, null, null, '6', '0041_0000000016', null, '服务调用时序设计');
INSERT INTO `basekey_code` VALUES ('0040_0000000300', null, null, null, null, null, null, '子系统', null, null, null, '8', '0041_0000000018', null, '子系统');
INSERT INTO `basekey_code` VALUES ('0040_0000000301', null, null, null, null, null, null, '单元', null, null, null, '9', '0041_0000000018', null, '单元');
INSERT INTO `basekey_code` VALUES ('0040_0000000303', null, null, null, null, null, null, '调用', null, null, null, '11', '0041_0000000018', null, '调用');
INSERT INTO `basekey_code` VALUES ('0040_0000000304', null, null, null, null, null, null, '业务应用实例', null, null, null, '14', '0041_0000000018', null, '业务应用实例');
INSERT INTO `basekey_code` VALUES ('0040_0000000305', null, null, null, null, null, null, '资源实例', null, null, null, '15', '0041_0000000014', null, '资源实例');
INSERT INTO `basekey_code` VALUES ('0040_0000000306', null, null, null, null, null, null, '块存储', null, null, null, '16', '0041_0000000014', null, '块存储');
INSERT INTO `basekey_code` VALUES ('0040_0000000307', null, null, null, null, null, null, '[{\"ciTypeId\":2},{\"ciTypeId\":1,\"parentRs\":{\"attrId\": 27,\"isReferedFromParent\":1}}]', null, null, null, 'guid_of_subsys_design', '0041_0000000017', '0040_0000000295', '[{\"ciTypeId\":2},{\"ciTypeId\":1,\"parentRs\":{\"attrId\": 27,\"isReferedFromParent\":1}}]');
INSERT INTO `basekey_code` VALUES ('0040_0000000308', null, null, null, null, null, null, '[{\"ciTypeId\":3},{\"ciTypeId\":2,\"parentRs\":{\"attrId\": 43,\"isReferedFromParent\":1}},{\"ciTypeId\":1,\"parentRs\":{\"attrId\": 27,\"isReferedFromParent\":1}}]', null, null, null, 'guid_of_unit_design', '0041_0000000017', '0040_0000000296', '[{\"ciTypeId\":3},{\"ciTypeId\":2,\"parentRs\":{\"attrId\": 43,\"isReferedFromParent\":1}},{\"ciTypeId\":1,\"parentRs\":{\"attrId\": 27,\"isReferedFromParent\":1}}]');
INSERT INTO `basekey_code` VALUES ('0040_0000000309', null, null, null, null, null, null, '[{\"ciTypeId\":4},{\"ciTypeId\":3,\"parentRs\":{\"attrId\": 60,\"isReferedFromParent\":1}},{\"ciTypeId\":2,\"parentRs\":{\"attrId\": 43,\"isReferedFromParent\":1}},{\"ciTypeId\":1,\"parentRs\":{\"attrId\": 27,\"isReferedFromParent\":1}}]', null, null, null, 'guid_of_service_design', '0041_0000000017', '0040_0000000297', '[{\"ciTypeId\":4},{\"ciTypeId\":3,\"parentRs\":{\"attrId\": 60,\"isReferedFromParent\":1}},{\"ciTypeId\":2,\"parentRs\":{\"attrId\": 43,\"isReferedFromParent\":1}},{\"ciTypeId\":1,\"parentRs\":{\"attrId\": 27,\"isReferedFromParent\":1}}]');
INSERT INTO `basekey_code` VALUES ('0040_0000000310', null, null, null, null, null, null, '[{\"ciTypeId\":5},{\"ciTypeId\":3,\"parentRs\":{\"attrId\": 76,\"isReferedFromParent\":1}},{\"ciTypeId\":2,\"parentRs\":{\"attrId\": 43,\"isReferedFromParent\":1}},{\"ciTypeId\":1,\"parentRs\":{\"attrId\": 27,\"isReferedFromParent\":1}}]', null, null, null, 'guid_of_invoke_design', '0041_0000000017', '0040_0000000298', '[{\"ciTypeId\":5},{\"ciTypeId\":3,\"parentRs\":{\"attrId\": 76,\"isReferedFromParent\":1}},{\"ciTypeId\":2,\"parentRs\":{\"attrId\": 43,\"isReferedFromParent\":1}},{\"ciTypeId\":1,\"parentRs\":{\"attrId\": 27,\"isReferedFromParent\":1}}]');
INSERT INTO `basekey_code` VALUES ('0040_0000000311', null, null, null, null, null, null, '[{\"ciTypeId\":6},{\"ciTypeId\":1,\"parentRs\":{\"attrId\": 91,\"isReferedFromParent\":1}}]', null, null, null, 'guid_of_invoke_seq_design', '0041_0000000017', '0040_0000000299', '[{\"ciTypeId\":6},{\"ciTypeId\":1,\"parentRs\":{\"attrId\": 91,\"isReferedFromParent\":1}}]');
INSERT INTO `basekey_code` VALUES ('0040_0000000312', null, null, null, null, null, null, '[{\"ciTypeId\":8},{\"ciTypeId\":7,\"parentRs\":{\"attrId\": 120,\"isReferedFromParent\":1}}]', null, null, null, 'guid_of_subsys', '0041_0000000019', '0040_0000000300', '[{\"ciTypeId\":8},{\"ciTypeId\":7,\"parentRs\":{\"attrId\": 120,\"isReferedFromParent\":1}}]');
INSERT INTO `basekey_code` VALUES ('0040_0000000313', null, null, null, null, null, null, '[{\"ciTypeId\":9},{\"ciTypeId\":8,\"parentRs\":{\"attrId\": 136,\"isReferedFromParent\":1}},{\"ciTypeId\":7,\"parentRs\":{\"attrId\": 120,\"isReferedFromParent\":1}}]', null, null, null, 'guid_of_unit', '0041_0000000019', '0040_0000000301', '[{\"ciTypeId\":9},{\"ciTypeId\":8,\"parentRs\":{\"attrId\": 136,\"isReferedFromParent\":1}},{\"ciTypeId\":7,\"parentRs\":{\"attrId\": 120,\"isReferedFromParent\":1}}]');
INSERT INTO `basekey_code` VALUES ('0040_0000000315', null, null, null, null, null, null, '[{\"ciTypeId\":11},{\"ciTypeId\":9,\"parentRs\":{\"attrId\": 175,\"isReferedFromParent\":1}},{\"ciTypeId\":8,\"parentRs\":{\"attrId\": 136,\"isReferedFromParent\":1}},{\"ciTypeId\":7,\"parentRs\":{\"attrId\": 120,\"isReferedFromParent\":1}}]', null, null, null, 'guid_of_invoke', '0041_0000000019', '0040_0000000303', '[{\"ciTypeId\":11},{\"ciTypeId\":9,\"parentRs\":{\"attrId\": 175,\"isReferedFromParent\":1}},{\"ciTypeId\":8,\"parentRs\":{\"attrId\": 136,\"isReferedFromParent\":1}},{\"ciTypeId\":7,\"parentRs\":{\"attrId\": 120,\"isReferedFromParent\":1}}]');
INSERT INTO `basekey_code` VALUES ('0040_0000000316', null, null, null, null, null, null, '[{\"ciTypeId\":14},{\"ciTypeId\":9,\"parentRs\":{\"attrId\": 236,\"isReferedFromParent\":1}},{\"ciTypeId\":8,\"parentRs\":{\"attrId\": 136,\"isReferedFromParent\":1}},{\"ciTypeId\":7,\"parentRs\":{\"attrId\": 120,\"isReferedFromParent\":1}}]', null, null, null, 'guid_of_business_app_instance', '0041_0000000019', '0040_0000000304', '[{\"ciTypeId\":14},{\"ciTypeId\":9,\"parentRs\":{\"attrId\": 236,\"isReferedFromParent\":1}},{\"ciTypeId\":8,\"parentRs\":{\"attrId\": 136,\"isReferedFromParent\":1}},{\"ciTypeId\":7,\"parentRs\":{\"attrId\": 120,\"isReferedFromParent\":1}}]');
INSERT INTO `basekey_code` VALUES ('0040_0000000317', null, null, null, null, null, null, '[{\"ciTypeId\":19},{\"ciTypeId\":18,\"parentRs\":{\"attrId\": 339,\"isReferedFromParent\":1}}]', null, null, null, 'guid_of_network_zone', '0041_0000000015', '0040_0000000290', '[{\"ciTypeId\":19},{\"ciTypeId\":18,\"parentRs\":{\"attrId\": 339,\"isReferedFromParent\":1}}]');
INSERT INTO `basekey_code` VALUES ('0040_0000000318', null, null, null, null, null, null, '[{\"ciTypeId\":20},{\"ciTypeId\":19,\"parentRs\":{\"attrId\": 358,\"isReferedFromParent\": 1}},{\"ciTypeId\":18,\"parentRs\":{\"attrId\": 339,\"isReferedFromParent\":1}}]', null, null, null, 'guid_of_network_zone_link', '0041_0000000015', '0040_0000000291', '[{\"ciTypeId\":20},{\"ciTypeId\":19,\"parentRs\":{\"attrId\": 358,\"isReferedFromParent\": 1}},{\"ciTypeId\":18,\"parentRs\":{\"attrId\": 339,\"isReferedFromParent\":1}}]');
INSERT INTO `basekey_code` VALUES ('0040_0000000319', null, null, null, null, null, null, '[{\"ciTypeId\":21},{\"ciTypeId\":19,\"parentRs\":{\"attrId\": 376,\"isReferedFromParent\": 1}},{\"ciTypeId\":18,\"parentRs\":{\"attrId\": 339,\"isReferedFromParent\":1}}]', null, null, null, 'guid_of_business_zone', '0041_0000000015', '0040_0000000292', '[{\"ciTypeId\":21},{\"ciTypeId\":19,\"parentRs\":{\"attrId\": 376,\"isReferedFromParent\": 1}},{\"ciTypeId\":18,\"parentRs\":{\"attrId\": 339,\"isReferedFromParent\":1}}]');
INSERT INTO `basekey_code` VALUES ('0040_0000000320', null, null, null, null, null, null, '[{\"ciTypeId\":22},{\"ciTypeId\":21,\"parentRs\":{\"attrId\": 391,\"isReferedFromParent\": 1}},{\"ciTypeId\":19,\"parentRs\":{\"attrId\": 376,\"isReferedFromParent\": 1}},{\"ciTypeId\":18,\"parentRs\":{\"attrId\": 339,\"isReferedFromParent\":1}}]', null, null, null, 'guid_of_resource_set', '0041_0000000015', '0040_0000000293', '[{\"ciTypeId\":22},{\"ciTypeId\":21,\"parentRs\":{\"attrId\": 391,\"isReferedFromParent\": 1}},{\"ciTypeId\":19,\"parentRs\":{\"attrId\": 376,\"isReferedFromParent\": 1}},{\"ciTypeId\":18,\"parentRs\":{\"attrId\": 339,\"isReferedFromParent\":1}}]');
INSERT INTO `basekey_code` VALUES ('0040_0000000321', null, null, null, null, null, null, '[{\"ciTypeId\":37},{\"ciTypeId\":22,\"parentRs\":{\"attrId\": 925,\"isReferedFromParent\": 1}},{\"ciTypeId\":21,\"parentRs\":{\"attrId\": 391,\"isReferedFromParent\": 1}},{\"ciTypeId\":19,\"parentRs\":{\"attrId\": 376,\"isReferedFromParent\": 1}},{\"ciTypeId\":18,\"parentRs\":{\"attrId\": 339,\"isReferedFromParent\":1}}]', null, null, null, 'guid_of_resource_set_invoke', '0041_0000000015', '0040_0000000294', '[{\"ciTypeId\":37},{\"ciTypeId\":22,\"parentRs\":{\"attrId\": 925,\"isReferedFromParent\": 1}},{\"ciTypeId\":21,\"parentRs\":{\"attrId\": 391,\"isReferedFromParent\": 1}},{\"ciTypeId\":19,\"parentRs\":{\"attrId\": 376,\"isReferedFromParent\": 1}},{\"ciTypeId\":18,\"parentRs\":{\"attrId\": 339,\"isReferedFromParent\":1}}]');
INSERT INTO `basekey_code` VALUES ('0040_0000000322', null, null, null, null, null, null, '[{\"ciTypeId\":15},{\"ciTypeId\":22,\"parentRs\":{\"attrId\": 258,\"isReferedFromParent\": 1}},{\"ciTypeId\":21,\"parentRs\":{\"attrId\": 391,\"isReferedFromParent\": 1}},{\"ciTypeId\":19,\"parentRs\":{\"attrId\": 376,\"isReferedFromParent\": 1}},{\"ciTypeId\":18,\"parentRs\":{\"attrId\": 339,\"isReferedFromParent\":1}}]', null, null, null, 'guid_of_resource_instance', '0041_0000000015', '0040_0000000305', '[{\"ciTypeId\":15},{\"ciTypeId\":22,\"parentRs\":{\"attrId\": 258,\"isReferedFromParent\": 1}},{\"ciTypeId\":21,\"parentRs\":{\"attrId\": 391,\"isReferedFromParent\": 1}},{\"ciTypeId\":19,\"parentRs\":{\"attrId\": 376,\"isReferedFromParent\": 1}},{\"ciTypeId\":18,\"parentRs\":{\"attrId\": 339,\"isReferedFromParent\":1}}]');
INSERT INTO `basekey_code` VALUES ('0040_0000000323', null, null, null, null, null, null, '[{\"ciTypeId\":16},{\"ciTypeId\":22,\"parentRs\":{\"attrId\": 728,\"isReferedFromParent\": 1}},{\"ciTypeId\":21,\"parentRs\":{\"attrId\": 391,\"isReferedFromParent\": 1}},{\"ciTypeId\":19,\"parentRs\":{\"attrId\": 376,\"isReferedFromParent\": 1}},{\"ciTypeId\":18,\"parentRs\":{\"attrId\": 339,\"isReferedFromParent\":1}}]', null, null, null, 'guid_of_block_storage', '0041_0000000015', '0040_0000000306', '[{\"ciTypeId\":16},{\"ciTypeId\":22,\"parentRs\":{\"attrId\": 728,\"isReferedFromParent\": 1}},{\"ciTypeId\":21,\"parentRs\":{\"attrId\": 391,\"isReferedFromParent\": 1}},{\"ciTypeId\":19,\"parentRs\":{\"attrId\": 376,\"isReferedFromParent\": 1}},{\"ciTypeId\":18,\"parentRs\":{\"attrId\": 339,\"isReferedFromParent\":1}}]');
INSERT INTO `basekey_code` VALUES ('0040_0000000324', null, null, null, null, null, null, '互联网直连', null, null, null, 'DLINK', '0041_0000000034', null, '互联网直连');
INSERT INTO `basekey_code` VALUES ('0040_0000000325', null, null, null, null, null, null, '客户端', null, null, null, 'client', '0041_0000000021', null, '客户端');
INSERT INTO `basekey_code` VALUES ('0040_0000000326', null, null, null, null, null, null, 'brower', null, null, null, 'brower', '0041_0000000022', '0040_0000000325', 'brower');
INSERT INTO `basekey_code` VALUES ('0040_0000000327', null, null, null, null, null, null, '桌面系统', null, null, null, 'werer', '0041_0000000038', '0040_0000000325', '桌面系统');
INSERT INTO `basekey_code` VALUES ('0040_0000000328', null, null, null, null, null, null, 'WinServer2012 64位', null, null, null, 'img-29hl923v', '0041_0000000039', '0040_0000000325', 'WinServer2012 64位');
INSERT INTO `basekey_code` VALUES ('0040_0000000329', null, null, null, null, null, null, '2核4GB', null, null, null, '2C4G', '0041_0000000040', '0040_0000000325', '2核4GB');
INSERT INTO `basekey_code` VALUES ('0040_0000000330', null, null, null, null, null, null, '多节点', null, null, null, 'multi-node', '0041_0000000030', '0040_0000000325', '多节点');
INSERT INTO `basekey_code` VALUES ('0040_0000000331', null, null, null, null, null, null, '任一节点', null, null, null, 'anynode', '0041_0000000041', '0040_0000000330', '任一节点');
INSERT INTO `basekey_code` VALUES ('0040_0000000334', null, null, null, null, null, null, '应用负载均衡', null, null, null, 'app_loadbalance', '0041_0000000033', null, '应用负载均衡');
INSERT INTO `basekey_code` VALUES ('0040_0000000335', null, null, null, null, null, null, '数据库负载均衡', null, null, null, 'db_loadbalance', '0041_0000000033', null, '数据库负载均衡');
INSERT INTO `basekey_code` VALUES ('0040_0000000336', null, null, null, null, null, null, '地域级', null, null, null, 'region', '0041_0000000046', null, '地域级');
INSERT INTO `basekey_code` VALUES ('0040_0000000337', null, null, null, null, null, null, '可用区级', null, null, null, 'zone', '0041_0000000046', null, '可用区级');
INSERT INTO `basekey_code` VALUES ('0040_0000000338', null, null, null, null, null, null, '应用负载均衡', null, null, null, 'app_lb', '0041_0000000021', null, '应用负载均衡');
INSERT INTO `basekey_code` VALUES ('0040_0000000339', null, null, null, null, null, null, '数据库负载均衡', null, null, null, 'db_lb', '0041_0000000021', null, '数据库负载均衡');
INSERT INTO `basekey_code` VALUES ('0040_0000000340', null, null, null, null, null, null, 'CLB', null, null, null, 'clb', '0041_0000000022', '0040_0000000338', 'CLB');
INSERT INTO `basekey_code` VALUES ('0040_0000000341', null, null, null, null, null, null, 'CLB', null, null, null, 'clb', '0041_0000000022', '0040_0000000339', 'CLB');
INSERT INTO `basekey_code` VALUES ('0040_0000000342', null, null, null, null, null, null, '内网类型', null, null, null, 'internal_lb', '0041_0000000038', '0040_0000000338', '内网类型');
INSERT INTO `basekey_code` VALUES ('0040_0000000343', null, null, null, null, null, null, '内网类型', null, null, null, 'internal_lb', '0041_0000000038', '0040_0000000339', '内网类型');
INSERT INTO `basekey_code` VALUES ('0040_0000000344', null, null, null, null, null, null, 'CLB', null, null, null, 'clb', '0041_0000000039', '0040_0000000338', 'CLB');
INSERT INTO `basekey_code` VALUES ('0040_0000000345', null, null, null, null, null, null, '1', null, null, null, '1', '0041_0000000040', '0040_0000000338', '1');
INSERT INTO `basekey_code` VALUES ('0040_0000000346', null, null, null, null, null, null, '1', null, null, null, '1', '0041_0000000040', '0040_0000000339', '1');
INSERT INTO `basekey_code` VALUES ('0040_0000000347', null, null, null, null, null, null, 'CLB', null, null, null, 'clb', '0041_0000000039', '0040_0000000339', 'CLB');
INSERT INTO `basekey_code` VALUES ('0040_0000000348', null, null, null, null, null, null, '公网负载均衡', null, null, null, 'internet_lb', '0041_0000000021', null, '公网负载均衡');
INSERT INTO `basekey_code` VALUES ('0040_0000000349', null, null, null, null, null, null, 'CLB', null, null, null, 'clb', '0041_0000000022', '0040_0000000348', 'CLB');
INSERT INTO `basekey_code` VALUES ('0040_0000000350', null, null, null, null, null, null, '公网类型', null, null, null, 'external_lb', '0041_0000000038', '0040_0000000348', '公网类型');
INSERT INTO `basekey_code` VALUES ('0040_0000000351', null, null, null, null, null, null, 'CLB', null, null, null, 'clb', '0041_0000000039', '0040_0000000348', 'CLB');
INSERT INTO `basekey_code` VALUES ('0040_0000000352', null, null, null, null, null, null, '1', null, null, null, '1', '0041_0000000040', '0040_0000000348', '1');
INSERT INTO `basekey_code` VALUES ('0040_0000000353', null, null, null, null, null, null, 'LB多活', null, null, null, 'multi-node', '0041_0000000030', '0040_0000000338', 'LB多活');
INSERT INTO `basekey_code` VALUES ('0040_0000000354', null, null, null, null, null, null, 'LB多活', null, null, null, 'multi-node', '0041_0000000030', '0040_0000000339', 'LB多活');
INSERT INTO `basekey_code` VALUES ('0040_0000000355', null, null, null, null, null, null, 'LB多活', null, null, null, 'multi-node', '0041_0000000030', '0040_0000000348', 'LB多活');
INSERT INTO `basekey_code` VALUES ('0040_0000000356', null, null, null, null, null, null, '单一节点', null, null, null, 'onenode', '0041_0000000041', '0040_0000000353', '单一节点');
INSERT INTO `basekey_code` VALUES ('0040_0000000357', null, null, null, null, null, null, '单一节点', null, null, null, 'onenode', '0041_0000000041', '0040_0000000354', '单一节点');
INSERT INTO `basekey_code` VALUES ('0040_0000000358', null, null, null, null, null, null, '单一节点', null, null, null, 'onenode', '0041_0000000041', '0040_0000000355', '单一节点');
INSERT INTO `basekey_code` VALUES ('0040_0000000361', null, null, null, null, null, null, 'TCP', null, null, null, 'TCP', '0041_0000000047', null, 'TCP');
INSERT INTO `basekey_code` VALUES ('0040_0000000362', null, null, null, null, null, null, '同步', null, null, null, '同步', '0041_0000000048', '0040_0000000082', '同步');
INSERT INTO `basekey_code` VALUES ('0040_0000000363', null, null, null, null, null, null, '异步', null, null, null, '异步', '0041_0000000048', '0040_0000000082', '异步');
INSERT INTO `basekey_code` VALUES ('0040_0000000364', null, null, null, null, null, null, '广播', null, null, null, '广播', '0041_0000000048', '0040_0000000082', '广播');
INSERT INTO `basekey_code` VALUES ('0040_0000000365', null, null, null, null, null, null, '查询类', null, null, null, 'query', '0041_0000000049', null, '查询类');
INSERT INTO `basekey_code` VALUES ('0040_0000000366', null, null, null, null, null, null, '交易类', null, null, null, 'transaction', '0041_0000000049', null, '交易类');
INSERT INTO `basekey_code` VALUES ('0040_0000000367', null, null, null, null, null, null, '同步调用', null, null, null, '同步', '0041_0000000048', '0040_0000000083', '同步调用');
INSERT INTO `basekey_code` VALUES ('0040_0000000368', null, null, null, null, null, null, '服务调用设计', null, null, null, '35', '0041_0000000016', null, '服务调用设计');
INSERT INTO `basekey_code` VALUES ('0040_0000000369', null, null, null, null, null, null, '[{\"ciTypeId\":35},{\"ciTypeId\":3,\"parentRs\":{\"attrId\": 888,\"isReferedFromParent\":1}},{\"ciTypeId\":2,\"parentRs\":{\"attrId\": 43,\"isReferedFromParent\":1}},{\"ciTypeId\":1,\"parentRs\":{\"attrId\": 27,\"isReferedFromParent\":1}}]', null, null, null, 'guid_of_service_invoke_design', '0041_0000000017', '0040_0000000368', '[{\"ciTypeId\":35},{\"ciTypeId\":3,\"parentRs\":{\"attrId\": 888,\"isReferedFromParent\":1}},{\"ciTypeId\":2,\"parentRs\":{\"attrId\": 43,\"isReferedFromParent\":1}},{\"ciTypeId\":1,\"parentRs\":{\"attrId\": 27,\"isReferedFromParent\":1}}]');
INSERT INTO `basekey_code` VALUES ('0040_0000000370', null, null, null, null, null, null, '网段设计', null, null, null, '30', '0041_0000000012', null, '网段设计');
INSERT INTO `basekey_code` VALUES ('0040_0000000371', null, null, null, null, null, null, '[{\"ciTypeId\":30},{\"ciTypeId\":25,\"parentRs\":{\"attrId\": 940,\"isReferedFromParent\":1}}]', null, null, null, 'guid_of_network_segment_design', '0041_0000000013', '0040_0000000370', '[{\"ciTypeId\":30},{\"ciTypeId\":25,\"parentRs\":{\"attrId\": 940,\"isReferedFromParent\":1}}]');
INSERT INTO `basekey_code` VALUES ('0040_0000000372', null, null, null, null, null, null, '路由规则设计', null, null, null, '31', '0041_0000000012', null, '路由规则设计');
INSERT INTO `basekey_code` VALUES ('0040_0000000373', null, null, null, null, null, null, '[{\"ciTypeId\":31},{\"ciTypeId\":30,\"parentRs\":{\"attrId\": 531,\"isReferedFromParent\":1}},{\"ciTypeId\":25,\"parentRs\":{\"attrId\": 940,\"isReferedFromParent\":1}}]', null, null, null, 'guid_of_routing_rule_design', '0041_0000000013', '0040_0000000372', '[{\"ciTypeId\":31},{\"ciTypeId\":30,\"parentRs\":{\"attrId\": 531,\"isReferedFromParent\":1}},{\"ciTypeId\":25,\"parentRs\":{\"attrId\": 940,\"isReferedFromParent\":1}}]');
INSERT INTO `basekey_code` VALUES ('0040_0000000374', null, null, null, null, null, null, '路由规则', null, null, null, '24', '0041_0000000014', null, '路由规则');
INSERT INTO `basekey_code` VALUES ('0040_0000000375', null, null, null, null, null, null, '[{\"ciTypeId\":23},{\"ciTypeId\":18,\"parentRs\":{\"attrId\": 934,\"isReferedFromParent\":1}}]', null, null, null, 'guid_of_network_segment', '0041_0000000015', '0040_0000000289', '[{\"ciTypeId\":23},{\"ciTypeId\":18,\"parentRs\":{\"attrId\": 934,\"isReferedFromParent\":1}}]');
INSERT INTO `basekey_code` VALUES ('0040_0000000376', null, null, null, null, null, null, '[{\"ciTypeId\":24},{\"ciTypeId\":23,\"parentRs\":{\"attrId\": 428,\"isReferedFromParent\":1}},{\"ciTypeId\":18,\"parentRs\":{\"attrId\": 934,\"isReferedFromParent\":1}}]', null, null, null, 'guid_of_routing_rule', '0041_0000000015', '0040_0000000374', '[{\"ciTypeId\":24},{\"ciTypeId\":23,\"parentRs\":{\"attrId\": 428,\"isReferedFromParent\":1}},{\"ciTypeId\":18,\"parentRs\":{\"attrId\": 934,\"isReferedFromParent\":1}}]');
INSERT INTO `basekey_code` VALUES ('0040_0000000377', null, null, null, null, null, null, 'IP地址', null, null, null, '17', '0041_0000000014', null, 'IP地址');
INSERT INTO `basekey_code` VALUES ('0040_0000000378', null, null, null, null, null, null, '[{\"ciTypeId\":17},{\"ciTypeId\":23,\"parentRs\":{\"attrId\": 310,\"isReferedFromParent\":1}},{\"ciTypeId\":18,\"parentRs\":{\"attrId\": 934,\"isReferedFromParent\":1}}]', null, null, null, 'guid_of_ip_address', '0041_0000000015', '0040_0000000377', '[{\"ciTypeId\":17},{\"ciTypeId\":23,\"parentRs\":{\"attrId\": 310,\"isReferedFromParent\":1}},{\"ciTypeId\":18,\"parentRs\":{\"attrId\": 934,\"isReferedFromParent\":1}}]');
INSERT INTO `basekey_code` VALUES ('0040_0000000379', null, null, null, null, null, null, 'VPC网络区域', null, null, null, 'vpc', '0041_0000000050', '0040_0000000336', 'VPC网络区域');
INSERT INTO `basekey_code` VALUES ('0040_0000000380', null, null, null, null, null, null, '网络区域', null, null, null, 'normal', '0041_0000000050', '0040_0000000337', '网络区域');
INSERT INTO `basekey_code` VALUES ('0040_0000000381', null, null, null, null, null, null, '4.0主从类型', null, null, null, '6', '0041_0000000038', '0040_0000000062', '4.0主从类型');
INSERT INTO `basekey_code` VALUES ('0040_0000000382', null, null, null, null, null, null, '4.0集群类型', null, null, null, '7', '0041_0000000038', '0040_0000000062', '4.0集群类型');
INSERT INTO `basekey_code` VALUES ('0040_0000000383', null, null, null, null, null, null, '入站规则', null, null, null, 'ingress', '0041_0000000051', null, '入站规则');
INSERT INTO `basekey_code` VALUES ('0040_0000000384', null, null, null, null, null, null, '出站规则', null, null, null, 'egress', '0041_0000000051', null, '出站规则');
INSERT INTO `basekey_code` VALUES ('0040_0000000385', null, null, null, null, null, null, '拒绝', null, null, null, 'DROP', '0041_0000000052', null, '拒绝');
INSERT INTO `basekey_code` VALUES ('0040_0000000386', null, null, null, null, null, null, '通过', null, null, null, 'ACCEPT', '0041_0000000052', null, '通过');
INSERT INTO `basekey_code` VALUES ('0040_0000000387', null, null, null, null, null, null, '[{\"ciTypeId\": 7},{ \"ciTypeId\": 1, \"parentRs\": { \"attrId\": 106, \"isReferedFromParent\": 1}}]', null, null, null, 'guid_of_deploy_detail', '0041_0000000019', null, '[{\"ciTypeId\": 7},{ \"ciTypeId\": 1, \"parentRs\": { \"attrId\": 106, \"isReferedFromParent\": 1}}]');

-- ----------------------------
-- Records of business_app_instance
-- ----------------------------
INSERT INTO `business_app_instance` VALUES ('0014_0000000001', null, '0014_0000000001', null, '2019-12-30 03:45:52', null, '2019-12-24 04:08:53', 'WECUBE_PRD_CORE_APP_301', '40', '', '', '301', '1', null, '', '', '2', '0015_0000000009', '10', '0009_0000000009', '0040_0000000064', '', '', '8080', '28080', '0015_0000000009-8080', null, null, null, null, null, null, null, null, null);
INSERT INTO `business_app_instance` VALUES ('0014_0000000002', '0014_0000000021', '0014_0000000002', 'SYS_PLATFORM', '2020-01-15 09:16:37', null, '2020-01-03 04:54:38', 'DEMO2_PRD_CORE_APP_DEMO2_APP1', '42', null, '', 'DEMO2_APP1', '1', '0012_0000000037', 'http://localhost:9000/wecube-artifacts/692405b7701244e76962f725e307d543_demo-app-spring-boot_1.2.2.tar-202001151716.tar.gz', '{cipher_a}3708e2fae9885f558000f5f785b9749e', '2', '0015_0000000014', '10', '0009_0000000034', '0040_0000000064', 'db_host_ip,db_host_port,port,db_name,db_username,db_password,1,jmx_port=10.128.5.10,3306,8081,DEMO2_DB,DEMO2_CORE,mock1234,,9151', '', '8081', '9151', '0015_0000000014-8081', '28081', '/data/DEMO2_PRD_CORE_APP/demo-app-spring-boot_1.2.2/bin/start.sh', '/data/DEMO2_PRD_CORE_APP/demo-app-spring-boot_1.2.2/bin/stop.sh', '/data/DEMO2_PRD_CORE_APP/demo-app-spring-boot_1.2.2/bin/deploy.sh', 'DEMO2_CORE', null, null, 'DEMO2_CORE', 'DEMO2_CORE');
INSERT INTO `business_app_instance` VALUES ('0014_0000000003', '0014_0000000019', '0014_0000000003', 'mockadmin', '2020-01-15 09:15:14', null, '2020-01-06 02:49:15', 'DEMO2_PRD_CORE_DB_DEMO2_DB', '42', null, '', 'DEMO2_DB', '', '0012_0000000032', 'http://localhost:9000/wecube-artifacts/d502c4127f7c3cc6fb7a060eab1e31bb_demo-app-spring-boot-db_1.0.1.tar-202001141540.tar.gz', 'mock1234', '', '0015_0000000020', '', '0009_0000000035', '0040_0000000066', '=', '', '3306', '3306', '0015_0000000020-3306', null, 'demo-app-spring-boot-db_1.0.1/increment/demo-app-spring-boot-db_increment.sql', 'demo-app-spring-boot-db_1.0.1/increment/demo-app-spring-boot-db_rollback.sql', 'demo-app-spring-boot-db_1.0.1/full-load/demo-app-spring-boot-db_fullload.sql', 'DEMO2_CORE', null, null, 'DEMO2_CORE', 'DEMO2_CORE');
INSERT INTO `business_app_instance` VALUES ('0014_0000000004', null, '0014_0000000004', 'mockadmin', '2020-01-10 08:05:57', null, '2020-01-06 03:23:38', 'DEMO2_PRD_CORE_DLB_test', '40', '', '', 'test', '', '', '', '', '', '0015_0000000017', '', '0009_0000000036', '0040_0000000341', '=', '', '13306', '13306', '0015_0000000017-13306', null, null, null, null, 'DEMO2_CORE', null, null, 'DEMO2_CORE', 'DEMO2_CORE');
INSERT INTO `business_app_instance` VALUES ('0014_0000000005', null, '0014_0000000005', null, '2020-01-08 03:31:40', null, '2020-01-06 04:37:43', 'DEMO2_PRD_CORE_ALB_demoapplb1', '40', '2020-01-06 04:38:14', '', 'demoapplb1', '', '', '', '', '', '0015_0000000018', '', '0009_0000000037', '0040_0000000340', '=', 'lbl-mlij8iw6', '8080', '8080', '0015_0000000018-8080', null, null, null, null, null, null, null, null, null);
INSERT INTO `business_app_instance` VALUES ('0014_0000000006', null, '0014_0000000006', 'SYS_PLATFORM', '2020-01-10 06:25:35', null, '2020-01-06 09:09:35', 'DEMO2_PRD_CORE_APP_DEMO2_APP2', '40', '', '', 'DEMO2_APP2', '', '0012_0000000022', 'http://localhost:9000/wecube-artifacts/b07f2ce4431323509204a7687e24267a_demo_jar_v1.5-202001061805.zip', '8cadf5b8ada285ead5082837cec5d450', '', '0015_0000000019', '', '0009_0000000034', '0040_0000000064', '1,path=,', '', '8081', '9151', '0015_0000000019-8081', '28081', null, null, null, 'DEMO2_PRD_CORE', null, null, null, null);
INSERT INTO `business_app_instance` VALUES ('0014_0000000008', null, '0014_0000000002', null, '2020-01-06 10:40:48', null, '2020-01-03 04:54:38', 'DEMO2_PRD_CORE_APP_DEMO2_APP1', '40', '2020-01-06 07:48:16', '', 'DEMO2_APP1', '1', '0012_0000000018', 'http://localhost:9000/wecube-artifacts/32bc643b8d274acffce4a46af51ae80b_demo-app-spring-boot_0.0.11.tar-202001061548.tar.gz', '5617aae32df6841911fd28f4dff1c96d', '2', '0015_0000000013', '10', '0009_0000000034', '0040_0000000064', 'db_host_ip,db_host_port,port,db_name,db_username,db_password=10.128.5.10,3306,8081,test,test,test', '', '8081', '28081', '0015_0000000013-8081', null, null, null, null, null, null, null, null, null);
INSERT INTO `business_app_instance` VALUES ('0014_0000000009', '0014_0000000008', '0014_0000000002', null, '2020-01-06 10:41:00', null, '2020-01-03 04:54:38', 'DEMO2_PRD_CORE_APP_DEMO2_APP1', '43', '2020-01-06 10:40:59', '', 'DEMO2_APP1', '1', '0012_0000000018', 'http://localhost:9000/wecube-artifacts/32bc643b8d274acffce4a46af51ae80b_demo-app-spring-boot_0.0.11.tar-202001061548.tar.gz', '5617aae32df6841911fd28f4dff1c96d', '2', '0015_0000000013', '10', '0009_0000000034', '0040_0000000064', 'db_host_ip,db_host_port,port,db_name,db_username,db_password=10.128.5.10,3306,8081,test,test,test', '', '8081', '28081', '0015_0000000013-8081', null, null, null, null, null, null, null, null, null);
INSERT INTO `business_app_instance` VALUES ('0014_0000000010', null, '0014_0000000003', null, '2020-01-09 07:19:50', null, '2020-01-06 02:49:15', 'DEMO2_PRD_CORE_DB_db_m', '40', '2020-01-09 07:19:50', '', 'db_m', '', '0012_0000000024', 'http://localhost:9000/wecube-artifacts/9611abbd5f0670e7cfe6911784a8dc9c_demo-app-spring-boot-db_0.0.3_fullload.sql', '20e2dbf3bf59ee346df85e6981135be9', '', '0015_0000000020', '', '0009_0000000035', '0040_0000000066', '=', '', '3306', '3306', '0015_0000000020-3306', null, null, null, null, 'DEMO2_CORE', null, null, null, null);
INSERT INTO `business_app_instance` VALUES ('0014_0000000011', '0014_0000000010', '0014_0000000003', 'mockadmin', '2020-01-10 07:18:20', null, '2020-01-06 02:49:15', 'DEMO2_PRD_CORE_DB_db_m', '41', '2020-01-10 07:18:20', '', 'db_m', '', '0012_0000000024', 'http://localhost:9000/wecube-artifacts/9611abbd5f0670e7cfe6911784a8dc9c_demo-app-spring-boot-db_0.0.3_fullload.sql', '20e2dbf3bf59ee346df85e6981135be9', '', '0015_0000000020', '', '0009_0000000035', '0040_0000000066', '=', '', '3306', '3306', '0015_0000000020-3306', null, null, null, null, 'DEMO2_CORE', null, null, null, null);
INSERT INTO `business_app_instance` VALUES ('0014_0000000012', '0014_0000000011', '0014_0000000003', 'SYS_PLATFORM', '2020-01-13 07:49:19', null, '2020-01-06 02:49:15', 'DEMO2_PRD_CORE_DB_DEMO2_DB', '42', '2020-01-13 07:49:19', '', 'DEMO2_DB', '', '0012_0000000032', 'http://localhost:9000/wecube-artifacts/d502c4127f7c3cc6fb7a060eab1e31bb_demo-app-spring-boot-db_1.0.1.tar-202001131549.tar.gz', 'mock1234', '', '0015_0000000020', '', '0009_0000000035', '0040_0000000066', '=', '', '3306', '3306', '0015_0000000020-3306', null, 'demo-app-spring-boot-db_1.0.1/increment/demo-app-spring-boot-db_increment.sql', 'demo-app-spring-boot-db_1.0.1/increment/demo-app-spring-boot-db_rollback.sql', 'demo-app-spring-boot-db_1.0.1/full-load/demo-app-spring-boot-db_fullload.sql', 'DEMO2_CORE', null, null, 'DEMO2_CORE', 'DEMO2_CORE');
INSERT INTO `business_app_instance` VALUES ('0014_0000000013', '0014_0000000012', '0014_0000000003', 'mockadmin', '2020-01-13 08:52:03', null, '2020-01-06 02:49:15', 'DEMO2_PRD_CORE_DB_DEMO2_DB', '41', '2020-01-13 08:52:02', '', 'DEMO2_DB', '', '0012_0000000032', 'http://localhost:9000/wecube-artifacts/d502c4127f7c3cc6fb7a060eab1e31bb_demo-app-spring-boot-db_1.0.1.tar-202001131549.tar.gz', 'mock1234', '', '0015_0000000020', '', '0009_0000000035', '0040_0000000066', '=', '', '3306', '3306', '0015_0000000020-3306', null, 'demo-app-spring-boot-db_1.0.1/increment/demo-app-spring-boot-db_increment.sql', 'demo-app-spring-boot-db_1.0.1/increment/demo-app-spring-boot-db_rollback.sql', 'demo-app-spring-boot-db_1.0.1/full-load/demo-app-spring-boot-db_fullload.sql', 'DEMO2_CORE', null, null, 'DEMO2_CORE', 'DEMO2_CORE');
INSERT INTO `business_app_instance` VALUES ('0014_0000000014', '0014_0000000009', '0014_0000000002', 'SYS_PLATFORM', '2020-01-13 08:53:37', null, '2020-01-03 04:54:38', 'DEMO2_PRD_CORE_APP_DEMO2_APP1', '42', '2020-01-13 07:03:22', '', 'DEMO2_APP1', '1', '0012_0000000023', 'http://localhost:9000/wecube-artifacts/576bab7c54e9e332803bc4fd5ea1c64f_demo-app-spring-boot_1.1.0.tar-202001131154.tar.gz', '{cipher_a}3708e2fae9885f558000f5f785b9749e', '2', '0015_0000000014', '10', '0009_0000000034', '0040_0000000064', 'db_host_ip,db_host_port,port,db_name,db_username,db_password,1,jmx_prometheus_exporter_port,jmx_port=10.128.5.10,3306,8081,DEMO2_DB,DEMO2_CORE,mock1234,,9151,9151', '', '8081', '9151', '0015_0000000014-8081', '28081', '/data/DEMO2_PRD_CORE_APP/demo-app-spring-boot_1.1.0/bin/start.sh', '/data/DEMO2_PRD_CORE_APP/demo-app-spring-boot_1.1.0/bin/stop.sh', '/data/DEMO2_PRD_CORE_APP/demo-app-spring-boot_1.1.0/bin/deploy.sh', 'DEMO2_CORE', null, null, 'DEMO2_CORE', 'DEMO2_CORE');
INSERT INTO `business_app_instance` VALUES ('0014_0000000015', '0014_0000000014', '0014_0000000002', 'mockadmin', '2020-01-13 08:54:43', null, '2020-01-03 04:54:38', 'DEMO2_PRD_CORE_APP_DEMO2_APP1', '41', '2020-01-13 08:54:43', '', 'DEMO2_APP1', '1', '0012_0000000023', 'http://localhost:9000/wecube-artifacts/576bab7c54e9e332803bc4fd5ea1c64f_demo-app-spring-boot_1.1.0.tar-202001131154.tar.gz', '{cipher_a}3708e2fae9885f558000f5f785b9749e', '2', '0015_0000000014', '10', '0009_0000000034', '0040_0000000064', 'db_host_ip,db_host_port,port,db_name,db_username,db_password,1,jmx_prometheus_exporter_port,jmx_port=10.128.5.10,3306,8081,DEMO2_DB,DEMO2_CORE,mock1234,,9151,9151', '', '8081', '9151', '0015_0000000014-8081', '28081', '/data/DEMO2_PRD_CORE_APP/demo-app-spring-boot_1.1.0/bin/start.sh', '/data/DEMO2_PRD_CORE_APP/demo-app-spring-boot_1.1.0/bin/stop.sh', '/data/DEMO2_PRD_CORE_APP/demo-app-spring-boot_1.1.0/bin/deploy.sh', 'DEMO2_CORE', null, null, 'DEMO2_CORE', 'DEMO2_CORE');
INSERT INTO `business_app_instance` VALUES ('0014_0000000016', '0014_0000000015', '0014_0000000002', 'SYS_PLATFORM', '2020-01-13 08:57:14', null, '2020-01-03 04:54:38', 'DEMO2_PRD_CORE_APP_DEMO2_APP1', '42', '2020-01-13 08:57:13', '', 'DEMO2_APP1', '1', '0012_0000000023', 'http://localhost:9000/wecube-artifacts/576bab7c54e9e332803bc4fd5ea1c64f_demo-app-spring-boot_1.1.0.tar-202001131656.tar.gz', '{cipher_a}3708e2fae9885f558000f5f785b9749e', '2', '0015_0000000014', '10', '0009_0000000034', '0040_0000000064', 'db_host_ip,db_host_port,port,db_name,db_username,db_password,1,jmx_prometheus_exporter_port,jmx_port=10.128.5.10,3306,8081,DEMO2_DB,DEMO2_CORE,xxxxxx,,9151,9151', '', '8081', '9151', '0015_0000000014-8081', '28081', '/data/DEMO2_PRD_CORE_APP/demo-app-spring-boot_1.1.0/bin/start.sh', '/data/DEMO2_PRD_CORE_APP/demo-app-spring-boot_1.1.0/bin/stop.sh', '/data/DEMO2_PRD_CORE_APP/demo-app-spring-boot_1.1.0/bin/deploy.sh', 'DEMO2_CORE', null, null, 'DEMO2_CORE', 'DEMO2_CORE');
INSERT INTO `business_app_instance` VALUES ('0014_0000000017', '0014_0000000016', '0014_0000000002', 'mockadmin', '2020-01-13 09:18:14', null, '2020-01-03 04:54:38', 'DEMO2_PRD_CORE_APP_DEMO2_APP1', '41', '2020-01-13 09:18:14', '', 'DEMO2_APP1', '1', '0012_0000000023', 'http://localhost:9000/wecube-artifacts/576bab7c54e9e332803bc4fd5ea1c64f_demo-app-spring-boot_1.1.0.tar-202001131656.tar.gz', '{cipher_a}3708e2fae9885f558000f5f785b9749e', '2', '0015_0000000014', '10', '0009_0000000034', '0040_0000000064', 'db_host_ip,db_host_port,port,db_name,db_username,db_password,1,jmx_prometheus_exporter_port,jmx_port=10.128.5.10,3306,8081,DEMO2_DB,DEMO2_CORE,xxxxxx,,9151,9151', '', '8081', '9151', '0015_0000000014-8081', '28081', '/data/DEMO2_PRD_CORE_APP/demo-app-spring-boot_1.1.0/bin/start.sh', '/data/DEMO2_PRD_CORE_APP/demo-app-spring-boot_1.1.0/bin/stop.sh', '/data/DEMO2_PRD_CORE_APP/demo-app-spring-boot_1.1.0/bin/deploy.sh', 'DEMO2_CORE', null, null, 'DEMO2_CORE', 'DEMO2_CORE');
INSERT INTO `business_app_instance` VALUES ('0014_0000000018', '0014_0000000013', '0014_0000000003', 'SYS_PLATFORM', '2020-01-15 02:58:16', null, '2020-01-06 02:49:15', 'DEMO2_PRD_CORE_DB_DEMO2_DB', '42', '2020-01-14 07:41:02', '', 'DEMO2_DB', '', '0012_0000000032', 'http://localhost:9000/wecube-artifacts/d502c4127f7c3cc6fb7a060eab1e31bb_demo-app-spring-boot-db_1.0.1.tar-202001141540.tar.gz', 'mock1234', '', '0015_0000000020', '', '0009_0000000035', '0040_0000000066', '=', '', '3306', '3306', '0015_0000000020-3306', null, 'demo-app-spring-boot-db_1.0.1/increment/demo-app-spring-boot-db_increment.sql', 'demo-app-spring-boot-db_1.0.1/increment/demo-app-spring-boot-db_rollback.sql', 'demo-app-spring-boot-db_1.0.1/full-load/demo-app-spring-boot-db_fullload.sql', 'DEMO2_CORE', null, null, 'DEMO2_CORE', 'DEMO2_CORE');
INSERT INTO `business_app_instance` VALUES ('0014_0000000019', '0014_0000000018', '0014_0000000003', 'mockadmin', '2020-01-15 09:06:30', null, '2020-01-06 02:49:15', 'DEMO2_PRD_CORE_DB_DEMO2_DB', '41', '2020-01-15 09:06:30', '', 'DEMO2_DB', '', '0012_0000000032', 'http://localhost:9000/wecube-artifacts/d502c4127f7c3cc6fb7a060eab1e31bb_demo-app-spring-boot-db_1.0.1.tar-202001141540.tar.gz', 'mock1234', '', '0015_0000000020', '', '0009_0000000035', '0040_0000000066', '=', '', '3306', '3306', '0015_0000000020-3306', null, 'demo-app-spring-boot-db_1.0.1/increment/demo-app-spring-boot-db_increment.sql', 'demo-app-spring-boot-db_1.0.1/increment/demo-app-spring-boot-db_rollback.sql', 'demo-app-spring-boot-db_1.0.1/full-load/demo-app-spring-boot-db_fullload.sql', 'DEMO2_CORE', null, null, 'DEMO2_CORE', 'DEMO2_CORE');
INSERT INTO `business_app_instance` VALUES ('0014_0000000020', '0014_0000000017', '0014_0000000002', 'SYS_PLATFORM', '2020-01-15 09:05:37', null, '2020-01-03 04:54:38', 'DEMO2_PRD_CORE_APP_DEMO2_APP1', '42', '2020-01-15 02:58:40', '', 'DEMO2_APP1', '1', '0012_0000000037', 'http://localhost:9000/wecube-artifacts/692405b7701244e76962f725e307d543_demo-app-spring-boot_1.2.2.tar-202001151058.tar.gz', '{cipher_a}3708e2fae9885f558000f5f785b9749e', '2', '0015_0000000014', '10', '0009_0000000034', '0040_0000000064', 'db_host_ip,db_host_port,port,db_name,db_username,db_password,1,jmx_port=10.128.5.10,3306,8081,DEMO2_DB,DEMO2_CORE,mock1234,,9151', '', '8081', '9151', '0015_0000000014-8081', '28081', '/data/DEMO2_PRD_CORE_APP/demo-app-spring-boot_1.2.2/bin/start.sh', '/data/DEMO2_PRD_CORE_APP/demo-app-spring-boot_1.2.2/bin/stop.sh', '/data/DEMO2_PRD_CORE_APP/demo-app-spring-boot_1.2.2/bin/deploy.sh', 'DEMO2_CORE', null, null, 'DEMO2_CORE', 'DEMO2_CORE');
INSERT INTO `business_app_instance` VALUES ('0014_0000000021', '0014_0000000020', '0014_0000000002', 'mockadmin', '2020-01-15 09:07:07', null, '2020-01-03 04:54:38', 'DEMO2_PRD_CORE_APP_DEMO2_APP1', '41', '2020-01-15 09:07:07', '', 'DEMO2_APP1', '1', '0012_0000000037', 'http://localhost:9000/wecube-artifacts/692405b7701244e76962f725e307d543_demo-app-spring-boot_1.2.2.tar-202001151058.tar.gz', '{cipher_a}3708e2fae9885f558000f5f785b9749e', '2', '0015_0000000014', '10', '0009_0000000034', '0040_0000000064', 'db_host_ip,db_host_port,port,db_name,db_username,db_password,1,jmx_port=10.128.5.10,3306,8081,DEMO2_DB,DEMO2_CORE,mock1234,,9151', '', '8081', '9151', '0015_0000000014-8081', '28081', '/data/DEMO2_PRD_CORE_APP/demo-app-spring-boot_1.2.2/bin/start.sh', '/data/DEMO2_PRD_CORE_APP/demo-app-spring-boot_1.2.2/bin/stop.sh', '/data/DEMO2_PRD_CORE_APP/demo-app-spring-boot_1.2.2/bin/deploy.sh', 'DEMO2_CORE', null, null, 'DEMO2_CORE', 'DEMO2_CORE');


-- ----------------------------
-- Records of business_zone
-- ----------------------------
INSERT INTO `business_zone` VALUES ('0021_0000000001', null, '0021_0000000001', null, '2019-12-24 12:27:07', null, '2019-12-16 02:21:25', 'GZP3_SF_BZa', '37', '', '', 'BZa', '0028_0000000001', '', '0019_0000000011', '0023_0000000127');
INSERT INTO `business_zone` VALUES ('0021_0000000002', null, '0021_0000000002', null, '2019-12-24 08:08:54', null, '2019-12-17 17:56:20', 'GZP3_SF_BZb', '37', '', '', 'BZb', '0028_0000000002', '', '0019_0000000011', '0023_0000000125');
INSERT INTO `business_zone` VALUES ('0021_0000000003', null, '0021_0000000003', null, '2019-12-24 12:27:16', null, '2019-12-17 17:56:31', 'GZP3_SF_CS', '37', '', '', 'CS', '0028_0000000004', '', '0019_0000000011', '0023_0000000123');
INSERT INTO `business_zone` VALUES ('0021_0000000004', null, '0021_0000000004', null, '2019-12-24 08:08:54', null, '2019-12-17 17:56:48', 'GZP3_DMZ_BZa', '37', '', '', 'BZa', '0028_0000000003', '', '0019_0000000012', '0023_0000000119');
INSERT INTO `business_zone` VALUES ('0021_0000000005', null, '0021_0000000005', null, '2019-12-24 08:07:51', null, '2019-12-17 17:57:12', 'GZP3_DMZ_BZb', '37', '', '', 'BZb', '0028_0000000006', '', '0019_0000000012', '0023_0000000117');
INSERT INTO `business_zone` VALUES ('0021_0000000006', null, '0021_0000000006', null, '2019-12-24 08:07:51', null, '2019-12-17 17:57:25', 'GZP3_ECN_BZa', '37', '', '', 'BZa', '0028_0000000007', '', '0019_0000000013', '0023_0000000115');
INSERT INTO `business_zone` VALUES ('0021_0000000007', null, '0021_0000000007', null, '2019-12-24 08:07:51', null, '2019-12-17 17:57:39', 'GZP3_ECN_BZb', '37', '', '', 'BZb', '0028_0000000008', '', '0019_0000000013', '0023_0000000113');
INSERT INTO `business_zone` VALUES ('0021_0000000008', null, '0021_0000000008', null, '2019-12-24 08:07:51', null, '2019-12-17 17:57:53', 'GZP3_MGMT_MT', '37', '', '', 'MT', '0028_0000000005', '', '0019_0000000014', '0023_0000000121');
INSERT INTO `business_zone` VALUES ('0021_0000000009', null, '0021_0000000009', null, '2019-12-24 08:07:51', null, '2019-12-17 18:01:28', 'GZP3_MGMT_QZ', '37', '', '', 'QZ', '0028_0000000013', '', '0019_0000000014', '0023_0000000111');
INSERT INTO `business_zone` VALUES ('0021_0000000010', null, '0021_0000000010', null, '2019-12-24 10:29:33', null, '2019-12-17 18:01:51', 'NDC_WAN_ALL', '37', '', '', 'ALL', '0028_0000000010', '', '0019_0000000005', '0023_0000000129');
INSERT INTO `business_zone` VALUES ('0021_0000000011', null, '0021_0000000011', null, '2019-12-24 08:07:51', null, '2019-12-17 18:02:06', 'NDC_OPN_ALL', '37', '', '', 'ALL', '0028_0000000012', '', '0019_0000000006', '0023_0000000130');
INSERT INTO `business_zone` VALUES ('0021_0000000021', null, '0021_0000000021', null, '2019-12-24 08:07:51', null, '2019-12-21 11:26:12', 'GZP3_MGMT_CS', '37', '', '', 'CS', '0028_0000000015', '', '0019_0000000014', '0023_0000000109');
INSERT INTO `business_zone` VALUES ('0021_0000000022', null, '0021_0000000022', null, '2019-12-24 08:07:51', null, '2019-12-21 11:38:13', 'GZP3_ECN_CS', '37', '', '', 'CS', '0028_0000000017', '', '0019_0000000013', '0023_0000000107');
INSERT INTO `business_zone` VALUES ('0021_0000000023', null, '0021_0000000023', null, '2019-12-24 08:07:51', null, '2019-12-21 11:38:27', 'GZP3_DMZ_CS', '37', '', '', 'CS', '0028_0000000016', '', '0019_0000000012', '0023_0000000105');
INSERT INTO `business_zone` VALUES ('0021_0000000024', null, '0021_0000000024', null, '2019-12-24 12:27:16', null, '2019-12-24 08:09:34', 'GZP4_SF_CS', '37', '', '', 'CS', '0028_0000000004', '', '0019_0000000015', '0023_0000000124');
INSERT INTO `business_zone` VALUES ('0021_0000000025', null, '0021_0000000025', null, '2019-12-24 12:27:07', null, '2019-12-24 08:10:00', 'GZP4_SF_BZa', '37', '', '', 'BZa', '0028_0000000001', '', '0019_0000000015', '0023_0000000128');
INSERT INTO `business_zone` VALUES ('0021_0000000026', null, '0021_0000000026', null, '2019-12-24 08:11:26', null, '2019-12-24 08:11:26', 'GZP4_SF_BZb', '37', '', '', 'BZb', '0028_0000000002', '', '0019_0000000015', '0023_0000000126');
INSERT INTO `business_zone` VALUES ('0021_0000000027', null, '0021_0000000027', null, '2019-12-24 08:13:04', null, '2019-12-24 08:13:04', 'GZP4_DMZ_CS', '37', '', '', 'CS', '0028_0000000016', '', '0019_0000000016', '0023_0000000106');
INSERT INTO `business_zone` VALUES ('0021_0000000028', null, '0021_0000000028', null, '2019-12-24 08:13:17', null, '2019-12-24 08:13:17', 'GZP4_DMZ_BZa', '37', '', '', 'BZa', '0028_0000000003', '', '0019_0000000016', '0023_0000000120');
INSERT INTO `business_zone` VALUES ('0021_0000000029', null, '0021_0000000029', null, '2019-12-24 08:13:28', null, '2019-12-24 08:13:28', 'GZP4_DMZ_BZb', '37', '', '', 'BZb', '0028_0000000006', '', '0019_0000000016', '0023_0000000118');
INSERT INTO `business_zone` VALUES ('0021_0000000030', null, '0021_0000000030', null, '2019-12-24 08:13:39', null, '2019-12-24 08:13:39', 'GZP4_ECN_CS', '37', '', '', 'CS', '0028_0000000017', '', '0019_0000000017', '0023_0000000108');
INSERT INTO `business_zone` VALUES ('0021_0000000031', null, '0021_0000000031', null, '2019-12-24 08:13:50', null, '2019-12-24 08:13:50', 'GZP4_ECN_BZa', '37', '', '', 'BZa', '0028_0000000007', '', '0019_0000000017', '0023_0000000116');
INSERT INTO `business_zone` VALUES ('0021_0000000032', null, '0021_0000000032', null, '2019-12-24 08:17:05', null, '2019-12-24 08:17:04', 'GZP4_ECN_BZb', '37', '', '', 'BZb', '0028_0000000008', '', '0019_0000000017', '0023_0000000114');
INSERT INTO `business_zone` VALUES ('0021_0000000033', null, '0021_0000000033', null, '2019-12-24 08:17:23', null, '2019-12-24 08:17:23', 'GZP4_MGMT_CS', '37', '', '', 'CS', '0028_0000000015', '', '0019_0000000018', '0023_0000000110');
INSERT INTO `business_zone` VALUES ('0021_0000000034', null, '0021_0000000034', null, '2019-12-24 08:17:35', null, '2019-12-24 08:17:35', 'GZP4_MGMT_MT', '37', '', '', 'MT', '0028_0000000005', '', '0019_0000000018', '0023_0000000122');
INSERT INTO `business_zone` VALUES ('0021_0000000035', null, '0021_0000000035', null, '2019-12-24 08:17:50', null, '2019-12-24 08:17:50', 'GZP4_MGMT_QZ', '37', '', '', 'QZ', '0028_0000000013', '', '0019_0000000018', '0023_0000000112');

-- ----------------------------
-- Records of business_zone_design
-- ----------------------------
INSERT INTO `business_zone_design` VALUES ('0028_0000000001', null, '0028_0000000001', null, '2019-12-24 12:27:07', null, '2019-12-24 12:24:35', 'V1_SF_BZa', '34', '', '', 'BZa', '0026_0000000001', '0030_0000000011');
INSERT INTO `business_zone_design` VALUES ('0028_0000000002', null, '0028_0000000002', null, '2019-12-24 08:03:18', null, '2019-12-16 01:56:47', 'V1_SF_BZb', '34', '', '', 'BZb', '0026_0000000001', '0030_0000000012');
INSERT INTO `business_zone_design` VALUES ('0028_0000000003', null, '0028_0000000003', null, '2019-12-24 08:03:18', null, '2019-12-16 02:01:43', 'V1_DMZ_BZa', '34', '', '', 'BZa', '0026_0000000003', '0030_0000000015');
INSERT INTO `business_zone_design` VALUES ('0028_0000000004', null, '0028_0000000004', null, '2019-12-24 12:27:16', null, '2019-12-24 12:23:11', 'V1_SF_CS', '34', '', '', 'CS', '0026_0000000001', '0030_0000000013');
INSERT INTO `business_zone_design` VALUES ('0028_0000000005', null, '0028_0000000005', null, '2019-12-24 08:03:18', null, '2019-12-16 03:30:17', 'V1_MGMT_MT', '34', '', '', 'MT', '0026_0000000002', '0030_0000000014');
INSERT INTO `business_zone_design` VALUES ('0028_0000000006', null, '0028_0000000006', null, '2019-12-24 08:02:19', null, '2019-12-16 03:31:33', 'V1_DMZ_BZb', '34', '', '', 'BZb', '0026_0000000003', '0030_0000000016');
INSERT INTO `business_zone_design` VALUES ('0028_0000000007', null, '0028_0000000007', null, '2019-12-24 08:02:19', null, '2019-12-16 03:32:53', 'V1_ECN_BZa', '34', '', '', 'BZa', '0026_0000000004', '0030_0000000017');
INSERT INTO `business_zone_design` VALUES ('0028_0000000008', null, '0028_0000000008', null, '2019-12-24 08:02:18', null, '2019-12-16 03:33:21', 'V1_ECN_BZb', '34', '', '', 'BZb', '0026_0000000004', '0030_0000000018');
INSERT INTO `business_zone_design` VALUES ('0028_0000000010', null, '0028_0000000010', null, '2019-12-24 08:02:18', null, '2019-12-16 03:40:36', 'V1_WAN_ALL', '34', '', '', 'ALL', '0026_0000000006', '0030_0000000069');
INSERT INTO `business_zone_design` VALUES ('0028_0000000011', null, '0028_0000000011', null, '2019-12-24 08:02:18', null, '2019-12-16 03:41:45', 'V1_PTN_ALL', '34', '', '', 'ALL', '0026_0000000008', '0030_0000000021');
INSERT INTO `business_zone_design` VALUES ('0028_0000000012', null, '0028_0000000012', null, '2019-12-24 08:02:18', null, '2019-12-16 03:42:34', 'V1_OPN_ALL', '34', '', '', 'ALL', '0026_0000000007', '0030_0000000022');
INSERT INTO `business_zone_design` VALUES ('0028_0000000013', null, '0028_0000000013', null, '2019-12-24 08:02:18', null, '2019-12-16 09:38:10', 'V1_MGMT_QZ', '34', '', '', 'QZ', '0026_0000000002', '0030_0000000041');
INSERT INTO `business_zone_design` VALUES ('0028_0000000015', null, '0028_0000000015', null, '2019-12-24 08:02:18', null, '2019-12-21 09:11:40', 'V1_MGMT_CS', '34', '', '', 'CS', '0026_0000000002', '0030_0000000065');
INSERT INTO `business_zone_design` VALUES ('0028_0000000016', null, '0028_0000000016', null, '2019-12-24 08:02:18', null, '2019-12-21 09:14:40', 'V1_DMZ_CS', '34', '', '', 'CS', '0026_0000000003', '0030_0000000067');
INSERT INTO `business_zone_design` VALUES ('0028_0000000017', null, '0028_0000000017', null, '2019-12-24 08:02:18', null, '2019-12-21 09:14:52', 'V1_ECN_CS', '34', '', '', 'CS', '0026_0000000004', '0030_0000000066');

-- ----------------------------
-- Records of business_zone_design$business_group
-- ----------------------------
INSERT INTO `business_zone_design$business_group` VALUES ('111', '0028_0000000017', '0040_0000000058', '1');
INSERT INTO `business_zone_design$business_group` VALUES ('112', '0028_0000000017', '0040_0000000059', '2');
INSERT INTO `business_zone_design$business_group` VALUES ('113', '0028_0000000017', '0040_0000000267', '3');
INSERT INTO `business_zone_design$business_group` VALUES ('114', '0028_0000000016', '0040_0000000058', '2');
INSERT INTO `business_zone_design$business_group` VALUES ('115', '0028_0000000016', '0040_0000000059', '1');
INSERT INTO `business_zone_design$business_group` VALUES ('116', '0028_0000000016', '0040_0000000267', '3');
INSERT INTO `business_zone_design$business_group` VALUES ('117', '0028_0000000015', '0040_0000000254', '1');
INSERT INTO `business_zone_design$business_group` VALUES ('118', '0028_0000000013', '0040_0000000058', '1');
INSERT INTO `business_zone_design$business_group` VALUES ('119', '0028_0000000013', '0040_0000000267', '4');
INSERT INTO `business_zone_design$business_group` VALUES ('120', '0028_0000000013', '0040_0000000059', '2');
INSERT INTO `business_zone_design$business_group` VALUES ('121', '0028_0000000013', '0040_0000000254', '3');
INSERT INTO `business_zone_design$business_group` VALUES ('122', '0028_0000000012', '0040_0000000059', '2');
INSERT INTO `business_zone_design$business_group` VALUES ('123', '0028_0000000012', '0040_0000000058', '1');
INSERT INTO `business_zone_design$business_group` VALUES ('124', '0028_0000000012', '0040_0000000254', '3');
INSERT INTO `business_zone_design$business_group` VALUES ('125', '0028_0000000012', '0040_0000000267', '4');
INSERT INTO `business_zone_design$business_group` VALUES ('126', '0028_0000000011', '0040_0000000059', '2');
INSERT INTO `business_zone_design$business_group` VALUES ('127', '0028_0000000011', '0040_0000000267', '3');
INSERT INTO `business_zone_design$business_group` VALUES ('128', '0028_0000000011', '0040_0000000058', '1');
INSERT INTO `business_zone_design$business_group` VALUES ('129', '0028_0000000010', '0040_0000000058', '1');
INSERT INTO `business_zone_design$business_group` VALUES ('130', '0028_0000000010', '0040_0000000059', '2');
INSERT INTO `business_zone_design$business_group` VALUES ('131', '0028_0000000010', '0040_0000000267', '3');
INSERT INTO `business_zone_design$business_group` VALUES ('132', '0028_0000000008', '0040_0000000059', '1');
INSERT INTO `business_zone_design$business_group` VALUES ('133', '0028_0000000007', '0040_0000000058', '1');
INSERT INTO `business_zone_design$business_group` VALUES ('137', '0028_0000000006', '0040_0000000059', '1');
INSERT INTO `business_zone_design$business_group` VALUES ('159', '0028_0000000005', '0040_0000000254', '1');
INSERT INTO `business_zone_design$business_group` VALUES ('163', '0028_0000000003', '0040_0000000058', '1');
INSERT INTO `business_zone_design$business_group` VALUES ('164', '0028_0000000002', '0040_0000000059', '1');
INSERT INTO `business_zone_design$business_group` VALUES ('174', '0028_0000000001', '0040_0000000058', '1');
INSERT INTO `business_zone_design$business_group` VALUES ('175', '0028_0000000004', '0040_0000000058', '1');
INSERT INTO `business_zone_design$business_group` VALUES ('176', '0028_0000000004', '0040_0000000267', '3');
INSERT INTO `business_zone_design$business_group` VALUES ('177', '0028_0000000004', '0040_0000000059', '2');

-- ----------------------------
-- Records of data_center
-- ----------------------------
INSERT INTO `data_center` VALUES ('0018_0000000001', null, '0018_0000000001', null, '2019-12-23 06:56:45', null, '2019-12-16 02:16:06', 'GZP3', '37', '', '', 'GZP3', 'Region=ap-guangzhou;AvailableZone=ap-guangzhou-3;SecretID=SecretID;SecretKey=SecretKey', '0025_0000000001', '广州生产3机房', '100011082855', '337', '0018_0000000004');
INSERT INTO `data_center` VALUES ('0018_0000000002', null, '0018_0000000002', null, '2019-12-27 03:25:36', null, '2019-12-17 17:37:39', 'NDC', '37', '', '', 'NDC', '111', '0025_0000000001', '广域网机房', '111', '336', null);
INSERT INTO `data_center` VALUES ('0018_0000000003', null, '0018_0000000003', null, '2019-12-23 06:56:45', null, '2019-12-18 07:08:21', 'GZP4', '37', '', '', 'GZP4', 'Region=ap-guangzhou;AvailableZone=ap-guangzhou-4;SecretID=SecretID;SecretKey=SecretKey', '0025_0000000001', '广州生产4机房', '100011082855', '337', '0018_0000000004');
INSERT INTO `data_center` VALUES ('0018_0000000004', null, '0018_0000000004', null, '2019-12-27 07:42:39', null, '2019-12-21 09:56:49', 'GZP', '37', '2019-12-27 07:39:05', '', 'GZP', 'Region=ap-guangzhou;SecretID=SecretID;SecretKey=SecretKey', '0025_0000000001', '广州生产机房', '100011082855', '336', '');

-- ----------------------------
-- Records of data_center$deploy_environment
-- ----------------------------
INSERT INTO `data_center$deploy_environment` VALUES ('51', '0018_0000000003', '0040_0000000070', '2');
INSERT INTO `data_center$deploy_environment` VALUES ('52', '0018_0000000003', '0040_0000000071', '3');
INSERT INTO `data_center$deploy_environment` VALUES ('53', '0018_0000000003', '0040_0000000069', '1');
INSERT INTO `data_center$deploy_environment` VALUES ('54', '0018_0000000003', '0040_0000000072', '4');
INSERT INTO `data_center$deploy_environment` VALUES ('55', '0018_0000000001', '0040_0000000071', '3');
INSERT INTO `data_center$deploy_environment` VALUES ('56', '0018_0000000001', '0040_0000000070', '2');
INSERT INTO `data_center$deploy_environment` VALUES ('57', '0018_0000000001', '0040_0000000072', '4');
INSERT INTO `data_center$deploy_environment` VALUES ('58', '0018_0000000001', '0040_0000000069', '1');
INSERT INTO `data_center$deploy_environment` VALUES ('63', '0018_0000000004', '0040_0000000070', '2');
INSERT INTO `data_center$deploy_environment` VALUES ('64', '0018_0000000004', '0040_0000000069', '1');
INSERT INTO `data_center$deploy_environment` VALUES ('65', '0018_0000000002', '0040_0000000070', '2');
INSERT INTO `data_center$deploy_environment` VALUES ('66', '0018_0000000002', '0040_0000000069', '1');


-- ----------------------------
-- Records of data_center_design
-- ----------------------------
INSERT INTO `data_center_design` VALUES ('0025_0000000001', null, '0025_0000000001', null, '2019-12-16 13:34:46', null, '2019-12-15 15:16:17', 'V1', '34', '', '', 'V1', '业务机房版本1');

-- ----------------------------
-- Table structure for default_security_policy
-- ----------------------------
-- ----------------------------
-- Records of default_security_policy
-- ----------------------------
INSERT INTO `default_security_policy` VALUES ('0038_0000000001', null, '0038_0000000001', null, '2020-01-02 06:16:16', null, '2019-12-25 10:27:34', 'GZP_SF_to_GZ3P-MGMT-MT-APP_入站规则', '37', '2020-01-02 06:16:16', '监控和运维管理', 'GZP_SF_to_GZ3P-MGMT-MT-APP_入站规则', '0023_0000000033', '0040_0000000383', '0040_0000000386', '0040_0000000361', 'all', '0019_0000000001');
INSERT INTO `default_security_policy` VALUES ('0038_0000000002', null, '0038_0000000002', null, '2020-01-02 06:16:17', null, '2019-12-25 12:47:38', 'GZP_DMZ_to_GZ3P-MGMT-MT-APP_入站规则', '37', '2020-01-02 06:16:16', '监控和运维管理', 'GZP_DMZ_to_GZ3P-MGMT-MT-APP_入站规则', '0023_0000000033', '0040_0000000383', '0040_0000000386', '0040_0000000361', 'all', '0019_0000000002');
INSERT INTO `default_security_policy` VALUES ('0038_0000000003', null, '0038_0000000003', null, '2020-01-02 06:16:18', null, '2019-12-25 12:51:52', 'GZP_ECN_to_GZ3P-MGMT-MT-APP_入站规则', '37', '2020-01-02 06:16:17', '监控和运维管理', 'GZP_ECN_to_GZ3P-MGMT-MT-APP_入站规则', '0023_0000000033', '0040_0000000383', '0040_0000000386', '0040_0000000361', 'all', '0019_0000000003');
INSERT INTO `default_security_policy` VALUES ('0038_0000000025', null, '0038_0000000025', null, '2020-01-10 02:46:30', null, '2019-12-25 15:24:38', 'GZP_MGMT_to_GZ3P-MGMT-MT-APP_入站规则', '37', '2020-01-02 06:16:18', '监控和运维管理', 'GZP_MGMT_to_GZ3P-MGMT-MT-APP_入站规则', '0023_0000000033', '0040_0000000383', '0040_0000000386', '0040_0000000361', 'all', '0019_0000000004');
INSERT INTO `default_security_policy` VALUES ('0038_0000000026', null, '0038_0000000026', null, '2020-01-02 06:16:19', null, '2019-12-25 15:25:16', 'GZP_SF_to_GZ4P-MGMT-MT-APP_入站规则', '37', '2020-01-02 06:16:19', '监控和运维管理', 'GZP_SF_to_GZ4P-MGMT-MT-APP_入站规则', '0023_0000000076', '0040_0000000383', '0040_0000000386', '0040_0000000361', 'all', '0019_0000000001');
INSERT INTO `default_security_policy` VALUES ('0038_0000000027', null, '0038_0000000027', null, '2020-01-02 06:16:20', null, '2019-12-25 15:25:40', 'GZP_DMZ_to_GZ4P-MGMT-MT-APP_入站规则', '37', '2020-01-02 06:16:20', '监控和运维管理', 'GZP_DMZ_to_GZ4P-MGMT-MT-APP_入站规则', '0023_0000000076', '0040_0000000383', '0040_0000000386', '0040_0000000361', 'all', '0019_0000000002');
INSERT INTO `default_security_policy` VALUES ('0038_0000000028', null, '0038_0000000028', null, '2020-01-02 06:16:23', null, '2019-12-25 15:25:58', 'GZP_ECN_to_GZ4P-MGMT-MT-APP_入站规则', '37', '2020-01-02 06:16:23', '监控和运维管理', 'GZP_ECN_to_GZ4P-MGMT-MT-APP_入站规则', '0023_0000000076', '0040_0000000383', '0040_0000000386', '0040_0000000361', 'all', '0019_0000000003');
INSERT INTO `default_security_policy` VALUES ('0038_0000000029', null, '0038_0000000029', null, '2020-01-02 06:16:22', null, '2019-12-25 15:26:15', 'GZP_MGMT_to_GZ4P-MGMT-MT-APP_入站规则', '37', '2020-01-02 06:16:21', '监控和运维管理', 'GZP_MGMT_to_GZ4P-MGMT-MT-APP_入站规则', '0023_0000000076', '0040_0000000383', '0040_0000000386', '0040_0000000361', 'all', '0019_0000000004');
INSERT INTO `default_security_policy` VALUES ('0038_0000000030', null, '0038_0000000030', null, '2020-01-02 06:16:36', null, '2019-12-25 17:20:14', 'GZP_SF_to_GZ-SF_入站规则', '37', '2020-01-02 06:16:35', '同网络区域内部互通', 'GZP_SF_to_GZ-SF_入站规则', '0023_0000000003', '0040_0000000383', '0040_0000000386', '0040_0000000361', 'all', '0019_0000000001');
INSERT INTO `default_security_policy` VALUES ('0038_0000000031', null, '0038_0000000031', null, '2020-01-02 06:16:33', null, '2019-12-25 17:20:47', 'GZP_SF_to_GZ-SF_出站规则', '37', '2020-01-02 06:16:32', '同网络区域内部互通', 'GZP_SF_to_GZ-SF_出站规则', '0023_0000000003', '0040_0000000384', '0040_0000000386', '0040_0000000361', 'all', '0019_0000000001');
INSERT INTO `default_security_policy` VALUES ('0038_0000000032', null, '0038_0000000032', null, '2020-01-02 06:16:32', null, '2019-12-25 17:23:31', 'GZP_MGMT_to_GZ-MGMT_入站规则', '37', '2020-01-02 06:16:32', '同网络区域内部互通', 'GZP_MGMT_to_GZ-MGMT_入站规则', '0023_0000000031', '0040_0000000383', '0040_0000000386', '0040_0000000361', 'all', '0019_0000000004');
INSERT INTO `default_security_policy` VALUES ('0038_0000000033', null, '0038_0000000033', null, '2020-01-02 06:16:31', null, '2019-12-25 17:24:02', 'GZP_MGMT_to_GZ-MGMT_出站规则', '37', '2020-01-02 06:16:31', '同网络区域内部互通', 'GZP_MGMT_to_GZ-MGMT_出站规则', '0023_0000000031', '0040_0000000384', '0040_0000000386', '0040_0000000361', 'all', '0019_0000000004');
INSERT INTO `default_security_policy` VALUES ('0038_0000000034', null, '0038_0000000034', null, '2020-01-02 06:16:31', null, '2019-12-25 17:24:29', 'GZP_DMZ_to_GZ-DMZ_入站规则', '37', '2020-01-02 06:16:30', '同网络区域内部互通', 'GZP_DMZ_to_GZ-DMZ_入站规则', '0023_0000000017', '0040_0000000383', '0040_0000000386', '0040_0000000361', 'all', '0019_0000000002');
INSERT INTO `default_security_policy` VALUES ('0038_0000000035', null, '0038_0000000035', null, '2020-01-02 06:16:30', null, '2019-12-25 17:24:45', 'GZP_DMZ_to_GZ-DMZ_出站规则', '37', '2020-01-02 06:16:29', '同网络区域内部互通', 'GZP_DMZ_to_GZ-DMZ_出站规则', '0023_0000000017', '0040_0000000384', '0040_0000000386', '0040_0000000361', 'all', '0019_0000000002');
INSERT INTO `default_security_policy` VALUES ('0038_0000000036', null, '0038_0000000036', null, '2020-01-02 06:16:29', null, '2019-12-25 17:25:04', 'GZP_ECN_to_GZ-ECN_入站规则', '37', '2020-01-02 06:16:28', '同网络区域内部互通', 'GZP_ECN_to_GZ-ECN_入站规则', '0023_0000000024', '0040_0000000383', '0040_0000000386', '0040_0000000361', 'all', '0019_0000000003');
INSERT INTO `default_security_policy` VALUES ('0038_0000000037', null, '0038_0000000037', null, '2020-01-10 02:46:30', null, '2019-12-25 17:25:28', 'GZP_ECN_to_GZ-ECN_出站规则', '37', '2020-01-02 06:16:28', '同网络区域内部互通', 'GZP_ECN_to_GZ-ECN_出站规则', '0023_0000000024', '0040_0000000384', '0040_0000000386', '0040_0000000361', 'all', '0019_0000000003');
INSERT INTO `default_security_policy` VALUES ('0038_0000000038', null, '0038_0000000038', null, '2020-01-02 06:16:27', null, '2019-12-25 18:07:26', 'GZP_DMZ_to_WAN_入站规则', '37', '2020-01-02 06:16:27', '互联网客户端范围', 'GZP_DMZ_to_WAN_入站规则', '0023_0000000082', '0040_0000000383', '0040_0000000386', '0040_0000000361', '8080-18080', '0019_0000000002');
INSERT INTO `default_security_policy` VALUES ('0038_0000000039', null, '0038_0000000039', null, '2020-01-02 06:16:26', null, '2019-12-25 18:08:43', 'GZP_MGMT_to_NDC-OPN_入站规则', '37', '2020-01-02 06:16:26', '登陆运营桌面', 'GZP_MGMT_to_NDC-OPN_入站规则', '0023_0000000041', '0040_0000000383', '0040_0000000386', '0040_0000000361', '3309', '0019_0000000004');

-- ----------------------------
-- Records of deploy_package
-- ----------------------------
INSERT INTO `deploy_package` VALUES ('0012_0000000022', null, '0012_0000000022', 'SYS_PLATFORM', '2020-01-10 06:25:35', 'admin', '2020-01-06 09:55:50', 'demo_jar_v1.5.zip', '34', null, 'demo_jar_v1.5.zip', null, '/data/app/demo_jar_v1.5/start.sh', '/data/app/demo_jar_v1.5/start.sh', '/data/app/demo_jar_v1.5/stop.sh', 'demo_jar_v1.5/start.sh', 'http://localhost:9000/wecube-artifacts/b07f2ce4431323509204a7687e24267a_demo_jar_v1.5.zip', '/data/app/', '0013_0000000001', 'demo_jar_v1.5/start.sh', 'true', 'b07f2ce4431323509204a7687e24267a', 'demo_jar_v1.5.zip', 'demo_jar_v1.5/start.sh', 'demo_jar_v1.5/stop.sh', '0003_0000000029', '2020-01-06 09:55:50', 'admin');
INSERT INTO `deploy_package` VALUES ('0012_0000000023', null, '0012_0000000023', 'SYS_PLATFORM', '2020-01-10 06:59:27', 'admin', '2020-01-06 10:23:36', 'demo-app-spring-boot_1.1.0.tar.gz', '34', null, 'demo-app-spring-boot_1.1.0.tar.gz', null, '/data/app/demo-app-spring-boot/demo-app-spring-boot_1.1.0/bin/deploy.sh', '/data/app/demo-app-spring-boot/demo-app-spring-boot_1.1.0/bin/start.sh', '/data/app/demo-app-spring-boot/demo-app-spring-boot_1.1.0/bin/stop.sh', 'demo-app-spring-boot_1.1.0/bin/deploy.sh', 'http://localhost:9000/wecube-artifacts/576bab7c54e9e332803bc4fd5ea1c64f_demo-app-spring-boot_1.1.0.tar.gz', '/data/app/demo-app-spring-boot/', '0013_0000000001', 'demo-app-spring-boot_1.1.0/bin/deploy.sh|/demo-app-spring-boot_1.1.0/bin/start.sh|/demo-app-spring-boot_1.1.0/conf/application-prod.properties', 'true', '576bab7c54e9e332803bc4fd5ea1c64f', 'demo-app-spring-boot_1.1.0.tar.gz', 'demo-app-spring-boot_1.1.0/bin/start.sh', 'demo-app-spring-boot_1.1.0/bin/stop.sh', '0003_0000000029', '2020-01-06 10:23:35', 'admin');
INSERT INTO `deploy_package` VALUES ('0012_0000000030', null, '0012_0000000030', 'mockadmin', '2020-01-10 08:15:42', 'mockadmin', '2020-01-10 08:12:13', 'demo-app-spring-boot-db_1.0.0.tar.gz', '34', null, 'demo-app-spring-boot-db_1.0.0.tar.gz', null, null, null, null, 'demo-app-spring-boot-db_1.0.0/full-load/demo-app-spring-boot-db_fullload.sql', 'http://localhost:9000/wecube-artifacts/59c876cb62ea0bc67b21e0e86dd44665_demo-app-spring-boot-db_1.0.0.tar.gz', null, null, 'demo-app-spring-boot-db_1.0.0/full-load/demo-app-spring-boot-db_fullload.sql', null, '59c876cb62ea0bc67b21e0e86dd44665', 'demo-app-spring-boot-db_1.0.0.tar.gz', 'demo-app-spring-boot-db_1.0.0/increment/demo-app-spring-boot-db_increment.sql', 'demo-app-spring-boot-db_1.0.0/increment/demo-app-spring-boot-db_rollback.sql', '0003_0000000030', '2020-01-10 08:12:13', 'mockadmin');
INSERT INTO `deploy_package` VALUES ('0012_0000000032', null, '0012_0000000032', 'mockadmin', '2020-01-13 07:46:21', 'mockadmin', '2020-01-10 08:16:21', 'demo-app-spring-boot-db_1.0.1.tar.gz', '34', null, 'demo-app-spring-boot-db_1.0.1.tar.gz', null, null, null, null, 'demo-app-spring-boot-db_1.0.1/full-load/demo-app-spring-boot-db_fullload.sql', 'http://localhost:9000/wecube-artifacts/d502c4127f7c3cc6fb7a060eab1e31bb_demo-app-spring-boot-db_1.0.1.tar.gz', null, null, '', null, 'd502c4127f7c3cc6fb7a060eab1e31bb', 'demo-app-spring-boot-db_1.0.1.tar.gz', 'demo-app-spring-boot-db_1.0.1/increment/demo-app-spring-boot-db_increment.sql', 'demo-app-spring-boot-db_1.0.1/increment/demo-app-spring-boot-db_rollback.sql', '0003_0000000030', '2020-01-10 08:16:20', 'mockadmin');
INSERT INTO `deploy_package` VALUES ('0012_0000000034', null, '0012_0000000034', 'SYS_PLATFORM', '2020-01-14 05:03:15', 'mockadmin', '2020-01-13 09:22:55', 'demo-app-spring-boot_1.1.1.tar.gz', '34', null, 'demo-app-spring-boot_1.1.1.tar.gz', null, null, null, null, 'demo-app-spring-boot_1.1.1/bin/deploy.sh', 'http://localhost:9000/wecube-artifacts/084202baba1c5c485f6d2bcdd6f4b362_demo-app-spring-boot_1.1.1.tar.gz', null, null, 'demo-app-spring-boot_1.1.1/bin/deploy.sh|/demo-app-spring-boot_1.1.1/bin/start.sh|/demo-app-spring-boot_1.1.1/conf/application-prod.properties', null, '084202baba1c5c485f6d2bcdd6f4b362', 'demo-app-spring-boot_1.1.1.tar.gz', 'demo-app-spring-boot_1.1.1/bin/start.sh', 'demo-app-spring-boot_1.1.1/bin/stop.sh', '0003_0000000029', '2020-01-13 09:22:54', 'mockadmin');
INSERT INTO `deploy_package` VALUES ('0012_0000000035', null, '0012_0000000035', 'mockadmin', '2020-01-14 06:44:04', 'mockadmin', '2020-01-13 12:07:53', 'demo-app-spring-boot_1.2.0.tar.gz', '34', null, 'demo-app-spring-boot_1.2.0.tar.gz', null, null, null, null, 'demo-app-spring-boot_1.2.0/bin/deploy.sh', 'http://localhost:9000/wecube-artifacts/e622f8a2fa2ef634fac701060c499c58_demo-app-spring-boot_1.2.0.tar.gz', null, null, 'demo-app-spring-boot_1.2.0/bin/start.sh|/demo-app-spring-boot_1.2.0/conf/application-prod.properties', 'true', 'e622f8a2fa2ef634fac701060c499c58', 'demo-app-spring-boot_1.2.0.tar.gz', 'demo-app-spring-boot_1.2.0/bin/start.sh', 'demo-app-spring-boot_1.2.0/bin/stop.sh', '0003_0000000029', '2020-01-13 12:07:53', 'mockadmin');
INSERT INTO `deploy_package` VALUES ('0012_0000000036', null, '0012_0000000036', 'mockadmin', '2020-01-14 06:55:23', 'mockadmin', '2020-01-14 06:54:13', 'demo-app-spring-boot_1.2.1.tar.gz', '34', null, 'demo-app-spring-boot_1.2.1.tar.gz', null, null, null, null, 'demo-app-spring-boot_1.2.1/bin/deploy.sh', 'http://localhost:9000/wecube-artifacts/caa4b15eea6cbd0947bc9114a21f2e1b_demo-app-spring-boot_1.2.1.tar.gz', null, null, 'demo-app-spring-boot_1.2.1/bin/start.sh|/demo-app-spring-boot_1.2.1/conf/application-prod.properties', 'true', 'caa4b15eea6cbd0947bc9114a21f2e1b', 'demo-app-spring-boot_1.2.1.tar.gz', 'demo-app-spring-boot_1.2.1/bin/start.sh', 'demo-app-spring-boot_1.2.1/bin/stop.sh', '0003_0000000029', '2020-01-14 06:54:13', 'mockadmin');
INSERT INTO `deploy_package` VALUES ('0012_0000000037', null, '0012_0000000037', 'mockadmin', '2020-01-14 07:15:49', 'mockadmin', '2020-01-14 07:13:19', 'demo-app-spring-boot_1.2.2.tar.gz', '34', null, 'demo-app-spring-boot_1.2.2.tar.gz', null, null, null, null, 'demo-app-spring-boot_1.2.2/bin/deploy.sh', 'http://localhost:9000/wecube-artifacts/692405b7701244e76962f725e307d543_demo-app-spring-boot_1.2.2.tar.gz', null, null, 'demo-app-spring-boot_1.2.2/bin/start.sh|/demo-app-spring-boot_1.2.2/conf/application-prod.properties', 'true', '692405b7701244e76962f725e307d543', 'demo-app-spring-boot_1.2.2.tar.gz', 'demo-app-spring-boot_1.2.2/bin/start.sh', 'demo-app-spring-boot_1.2.2/bin/stop.sh', '0003_0000000029', '2020-01-14 07:13:18', 'mockadmin');

-- ----------------------------
-- Records of deploy_package$diff_conf_variable
-- ----------------------------
INSERT INTO `deploy_package$diff_conf_variable` VALUES ('2643', '0012_0000000022', '0032_0000000088', '2');
INSERT INTO `deploy_package$diff_conf_variable` VALUES ('2644', '0012_0000000022', '0032_0000000086', '1');
INSERT INTO `deploy_package$diff_conf_variable` VALUES ('3175', '0012_0000000023', '0032_0000000081', '2');
INSERT INTO `deploy_package$diff_conf_variable` VALUES ('3176', '0012_0000000023', '0032_0000000090', '3');
INSERT INTO `deploy_package$diff_conf_variable` VALUES ('3177', '0012_0000000023', '0032_0000000076', '5');
INSERT INTO `deploy_package$diff_conf_variable` VALUES ('3178', '0012_0000000023', '0032_0000000083', '8');
INSERT INTO `deploy_package$diff_conf_variable` VALUES ('3179', '0012_0000000023', '0032_0000000089', '4');
INSERT INTO `deploy_package$diff_conf_variable` VALUES ('3180', '0012_0000000023', '0032_0000000077', '6');
INSERT INTO `deploy_package$diff_conf_variable` VALUES ('3181', '0012_0000000023', '0032_0000000086', '1');
INSERT INTO `deploy_package$diff_conf_variable` VALUES ('3182', '0012_0000000023', '0032_0000000082', '7');
INSERT INTO `deploy_package$diff_conf_variable` VALUES ('3183', '0012_0000000023', '0032_0000000084', '9');
INSERT INTO `deploy_package$diff_conf_variable` VALUES ('3184', '0012_0000000034', '0032_0000000081', '2');
INSERT INTO `deploy_package$diff_conf_variable` VALUES ('3185', '0012_0000000034', '0032_0000000090', '3');
INSERT INTO `deploy_package$diff_conf_variable` VALUES ('3186', '0012_0000000034', '0032_0000000083', '8');
INSERT INTO `deploy_package$diff_conf_variable` VALUES ('3187', '0012_0000000034', '0032_0000000082', '7');
INSERT INTO `deploy_package$diff_conf_variable` VALUES ('3188', '0012_0000000034', '0032_0000000084', '9');
INSERT INTO `deploy_package$diff_conf_variable` VALUES ('3189', '0012_0000000034', '0032_0000000086', '1');
INSERT INTO `deploy_package$diff_conf_variable` VALUES ('3190', '0012_0000000034', '0032_0000000077', '6');
INSERT INTO `deploy_package$diff_conf_variable` VALUES ('3191', '0012_0000000034', '0032_0000000076', '5');
INSERT INTO `deploy_package$diff_conf_variable` VALUES ('3192', '0012_0000000034', '0032_0000000089', '4');
INSERT INTO `deploy_package$diff_conf_variable` VALUES ('3201', '0012_0000000035', '0032_0000000082', '6');
INSERT INTO `deploy_package$diff_conf_variable` VALUES ('3202', '0012_0000000035', '0032_0000000077', '5');
INSERT INTO `deploy_package$diff_conf_variable` VALUES ('3203', '0012_0000000035', '0032_0000000090', '2');
INSERT INTO `deploy_package$diff_conf_variable` VALUES ('3204', '0012_0000000035', '0032_0000000081', '3');
INSERT INTO `deploy_package$diff_conf_variable` VALUES ('3205', '0012_0000000035', '0032_0000000086', '1');
INSERT INTO `deploy_package$diff_conf_variable` VALUES ('3206', '0012_0000000035', '0032_0000000084', '8');
INSERT INTO `deploy_package$diff_conf_variable` VALUES ('3207', '0012_0000000035', '0032_0000000083', '7');
INSERT INTO `deploy_package$diff_conf_variable` VALUES ('3208', '0012_0000000035', '0032_0000000076', '4');
INSERT INTO `deploy_package$diff_conf_variable` VALUES ('3217', '0012_0000000036', '0032_0000000084', '8');
INSERT INTO `deploy_package$diff_conf_variable` VALUES ('3218', '0012_0000000036', '0032_0000000082', '6');
INSERT INTO `deploy_package$diff_conf_variable` VALUES ('3219', '0012_0000000036', '0032_0000000076', '4');
INSERT INTO `deploy_package$diff_conf_variable` VALUES ('3220', '0012_0000000036', '0032_0000000077', '5');
INSERT INTO `deploy_package$diff_conf_variable` VALUES ('3221', '0012_0000000036', '0032_0000000081', '3');
INSERT INTO `deploy_package$diff_conf_variable` VALUES ('3222', '0012_0000000036', '0032_0000000090', '2');
INSERT INTO `deploy_package$diff_conf_variable` VALUES ('3223', '0012_0000000036', '0032_0000000083', '7');
INSERT INTO `deploy_package$diff_conf_variable` VALUES ('3224', '0012_0000000036', '0032_0000000086', '1');
INSERT INTO `deploy_package$diff_conf_variable` VALUES ('3233', '0012_0000000037', '0032_0000000081', '3');
INSERT INTO `deploy_package$diff_conf_variable` VALUES ('3234', '0012_0000000037', '0032_0000000084', '8');
INSERT INTO `deploy_package$diff_conf_variable` VALUES ('3235', '0012_0000000037', '0032_0000000082', '6');
INSERT INTO `deploy_package$diff_conf_variable` VALUES ('3236', '0012_0000000037', '0032_0000000076', '4');
INSERT INTO `deploy_package$diff_conf_variable` VALUES ('3237', '0012_0000000037', '0032_0000000077', '5');
INSERT INTO `deploy_package$diff_conf_variable` VALUES ('3238', '0012_0000000037', '0032_0000000090', '2');
INSERT INTO `deploy_package$diff_conf_variable` VALUES ('3239', '0012_0000000037', '0032_0000000083', '7');
INSERT INTO `deploy_package$diff_conf_variable` VALUES ('3240', '0012_0000000037', '0032_0000000086', '1');


-- ----------------------------
-- Records of diff_configuration
-- ----------------------------
INSERT INTO `diff_configuration` VALUES ('0032_0000000076', null, '0032_0000000076', null, '2020-01-06 02:44:22', null, '2019-12-31 06:13:22', 'db_host_ip', '34', null, null, 'db_host_ip', 'db_host_ip', '[{\"type\":\"rule\",\"value\":\"[{\\\"ciTypeId\\\":14},{\\\"ciTypeId\\\":9,\\\"parentRs\\\":{\\\"attrId\\\":236,\\\"isReferedFromParent\\\":1}},{\\\"ciTypeId\\\":11,\\\"parentRs\\\":{\\\"attrId\\\":175,\\\"isReferedFromParent\\\":0}},{\\\"ciTypeId\\\":9,\\\"parentRs\\\":{\\\"attrId\\\":176,\\\"isReferedFromParent\\\":1}},{\\\"ciTypeId\\\":14,\\\"parentRs\\\":{\\\"attrId\\\":236,\\\"isReferedFromParent\\\":0}},{\\\"ciTypeId\\\":15,\\\"parentRs\\\":{\\\"attrId\\\":238,\\\"isReferedFromParent\\\":1}},{\\\"ciTypeId\\\":17,\\\"parentRs\\\":{\\\"attrId\\\":265,\\\"isReferedFromParent\\\":1}},{\\\"ciTypeId\\\":17,\\\"parentRs\\\":{\\\"attrId\\\":306,\\\"isReferedFromParent\\\":1}}]\"}]');
INSERT INTO `diff_configuration` VALUES ('0032_0000000077', null, '0032_0000000077', null, '2020-01-06 02:44:22', null, '2019-12-31 06:13:22', 'db_host_port', '34', null, null, 'db_host_port', 'db_host_port', '[{\"type\":\"rule\",\"value\":\"[{\\\"ciTypeId\\\":14},{\\\"ciTypeId\\\":9,\\\"parentRs\\\":{\\\"attrId\\\":236,\\\"isReferedFromParent\\\":1}},{\\\"ciTypeId\\\":11,\\\"parentRs\\\":{\\\"attrId\\\":175,\\\"isReferedFromParent\\\":0}},{\\\"ciTypeId\\\":9,\\\"parentRs\\\":{\\\"attrId\\\":176,\\\"isReferedFromParent\\\":1}},{\\\"ciTypeId\\\":14,\\\"parentRs\\\":{\\\"attrId\\\":236,\\\"isReferedFromParent\\\":0}},{\\\"ciTypeId\\\":14,\\\"parentRs\\\":{\\\"attrId\\\":239,\\\"isReferedFromParent\\\":1}}]\"}]');
INSERT INTO `diff_configuration` VALUES ('0032_0000000081', null, '0032_0000000081', null, '2020-01-06 02:44:22', null, '2019-12-31 06:37:27', 'port', '34', null, null, 'port', 'port', '[{\"type\":\"rule\",\"value\":\"[{\\\"ciTypeId\\\":14},{\\\"ciTypeId\\\":14,\\\"parentRs\\\":{\\\"attrId\\\":239,\\\"isReferedFromParent\\\":1}}]\"}]');
INSERT INTO `diff_configuration` VALUES ('0032_0000000082', null, '0032_0000000082', null, '2020-01-06 02:44:22', null, '2020-01-02 03:43:50', 'db_name', '34', null, null, 'db_name', 'db_name', '[{\"type\":\"rule\",\"value\":\"[{\\\"ciTypeId\\\":14},{\\\"ciTypeId\\\":9,\\\"parentRs\\\":{\\\"attrId\\\":236,\\\"isReferedFromParent\\\":1}},{\\\"ciTypeId\\\":11,\\\"parentRs\\\":{\\\"attrId\\\":175,\\\"isReferedFromParent\\\":0}},{\\\"ciTypeId\\\":9,\\\"parentRs\\\":{\\\"attrId\\\":176,\\\"isReferedFromParent\\\":1}},{\\\"ciTypeId\\\":14,\\\"parentRs\\\":{\\\"attrId\\\":236,\\\"isReferedFromParent\\\":0}},{\\\"ciTypeId\\\":14,\\\"parentRs\\\":{\\\"attrId\\\":235,\\\"isReferedFromParent\\\":1}}]\"}]');
INSERT INTO `diff_configuration` VALUES ('0032_0000000083', '0032_0000000085', '0032_0000000083', 'SYS_PLATFORM', '2020-01-10 07:36:27', null, '2020-01-02 03:49:27', 'db_username', '35', null, null, 'db_username', 'db_username', '[{\"type\":\"rule\",\"value\":\"[{\\\"ciTypeId\\\":14},{\\\"ciTypeId\\\":9,\\\"parentRs\\\":{\\\"attrId\\\":236,\\\"isReferedFromParent\\\":1}},{\\\"ciTypeId\\\":11,\\\"parentRs\\\":{\\\"attrId\\\":175,\\\"isReferedFromParent\\\":0}},{\\\"ciTypeId\\\":9,\\\"parentRs\\\":{\\\"attrId\\\":176,\\\"isReferedFromParent\\\":1}},{\\\"ciTypeId\\\":14,\\\"parentRs\\\":{\\\"attrId\\\":236,\\\"isReferedFromParent\\\":0}},{\\\"ciTypeId\\\":14,\\\"parentRs\\\":{\\\"attrId\\\":1006,\\\"isReferedFromParent\\\":1}}]\"}]');
INSERT INTO `diff_configuration` VALUES ('0032_0000000084', null, '0032_0000000084', 'SYS_PLATFORM', '2020-01-10 07:36:10', null, '2020-01-02 03:49:27', 'db_password', '34', null, null, 'db_password', 'db_password', '[{\"type\":\"rule\",\"value\":\"[{\\\"ciTypeId\\\":14},{\\\"ciTypeId\\\":9,\\\"parentRs\\\":{\\\"attrId\\\":236,\\\"isReferedFromParent\\\":1}},{\\\"ciTypeId\\\":11,\\\"parentRs\\\":{\\\"attrId\\\":175,\\\"isReferedFromParent\\\":0}},{\\\"ciTypeId\\\":9,\\\"parentRs\\\":{\\\"attrId\\\":176,\\\"isReferedFromParent\\\":1}},{\\\"ciTypeId\\\":14,\\\"parentRs\\\":{\\\"attrId\\\":236,\\\"isReferedFromParent\\\":0}},{\\\"ciTypeId\\\":14,\\\"parentRs\\\":{\\\"attrId\\\":245,\\\"isReferedFromParent\\\":1}}]\"}]');
INSERT INTO `diff_configuration` VALUES ('0032_0000000085', null, '0032_0000000083', null, '2020-01-02 06:26:49', null, '2020-01-02 03:49:27', '-demo-app-spring-boot_0.0.2.tar.gz-db_username', '34', '2020-01-02 06:26:48', null, 'db_username', 'db_username', '[{\"type\":\"rule\",\"value\":\"[{\\\"ciTypeId\\\":14},{\\\"ciTypeId\\\":9,\\\"parentRs\\\":{\\\"attrId\\\":236,\\\"isReferedFromParent\\\":1}},{\\\"ciTypeId\\\":11,\\\"parentRs\\\":{\\\"attrId\\\":175,\\\"isReferedFromParent\\\":0}},{\\\"ciTypeId\\\":9,\\\"parentRs\\\":{\\\"attrId\\\":176,\\\"isReferedFromParent\\\":1}},{\\\"ciTypeId\\\":14,\\\"parentRs\\\":{\\\"attrId\\\":236,\\\"isReferedFromParent\\\":0}},{\\\"ciTypeId\\\":12,\\\"parentRs\\\":{\\\"attrId\\\":243,\\\"isReferedFromParent\\\":1}},{\\\"ciTypeId\\\":13,\\\"parentRs\\\":{\\\"attrId\\\":197,\\\"isReferedFromParent\\\":1}},{\\\"ciTypeId\\\":13,\\\"parentRs\\\":{\\\"attrId\\\":219,\\\"isReferedFromParent\\\":1}}]\"}]');
INSERT INTO `diff_configuration` VALUES ('0032_0000000086', null, '0032_0000000086', null, '2020-01-06 02:44:22', null, '2020-01-03 05:53:16', '1', '34', null, null, '1', '1', '');
INSERT INTO `diff_configuration` VALUES ('0032_0000000088', null, '0032_0000000088', null, '2020-01-06 09:56:41', null, '2020-01-06 09:56:41', 'path', '34', null, null, 'path', 'path', '');
INSERT INTO `diff_configuration` VALUES ('0032_0000000089', null, '0032_0000000089', null, '2020-01-06 10:36:57', null, '2020-01-06 10:24:18', 'jmx_prometheus_exporter_port', '34', null, null, 'jmx_prometheus_exporter_port', 'jmx_prometheus_exporter_port', '[{\"type\":\"rule\",\"value\":\"[{\\\"ciTypeId\\\":14},{\\\"ciTypeId\\\":14,\\\"parentRs\\\":{\\\"attrId\\\":825,\\\"isReferedFromParent\\\":1}}]\"}]');
INSERT INTO `diff_configuration` VALUES ('0032_0000000090', null, '0032_0000000090', 'SYS_PLATFORM', '2020-01-10 07:30:25', null, '2020-01-06 10:30:38', 'jmx_port', '34', null, null, 'jmx_port', 'jmx_port', '[{\"type\":\"rule\",\"value\":\"[{\\\"ciTypeId\\\":14},{\\\"ciTypeId\\\":14,\\\"parentRs\\\":{\\\"attrId\\\":825,\\\"isReferedFromParent\\\":1}}]\"}]');

-- ----------------------------
-- Records of direct_service_invoke
-- ----------------------------
INSERT INTO `direct_service_invoke` VALUES ('0039_0000000001', null, '0039_0000000001', null, '2019-12-25 11:22:29', null, '2019-12-25 11:21:03', 'DMCS_PRD_MC_BROWER_>>_DMCS_PRD_ADM_APP', '37', '', '', 'DMCS_PRD_MC_BROWER_>>_DMCS_PRD_ADM_APP', '0009_0000000008', '0009_0000000028', null, null);

-- ----------------------------
-- Records of invoke
-- ----------------------------
INSERT INTO `invoke` VALUES ('0011_0000000003', null, '0011_0000000003', null, '2020-01-06 03:02:09', null, '2019-12-31 09:03:13', 'DEMO2_PRD_CORE_APP_invoke_DEMO2_PRD_CORE_DB', '37', '', '', 'APP-DB', '0005_0000000027', '0040_0000000084', '0009_0000000035', '0009_0000000034');
INSERT INTO `invoke` VALUES ('0011_0000000004', null, '0011_0000000004', null, '2020-01-06 04:25:07', null, '2020-01-06 04:25:07', 'DEMO2_PRD_CORE_DLB_invoke_DEMO2_PRD_CORE_DB', '37', '', '', 'DBLB-DB', '0005_0000000030', '0040_0000000084', '0009_0000000035', '0009_0000000036');
INSERT INTO `invoke` VALUES ('0011_0000000005', null, '0011_0000000005', null, '2020-01-06 04:30:21', null, '2020-01-06 04:30:21', 'DEMO2_PRD_CORE_ALB_invoke_DEMO2_PRD_CORE_APP', '37', '', '', 'ALB-APP', '0005_0000000031', '0040_0000000084', '0009_0000000034', '0009_0000000037');

-- ----------------------------
-- Records of invoke_design
-- ----------------------------
INSERT INTO `invoke_design` VALUES ('0005_0000000012', null, '0005_0000000012', null, '2020-01-03 04:05:07', null, '2019-12-21 13:40:43', 'DMCS_MC_BROWER-invoke-DMCS_ADM_ALB', '34', '2020-01-03 04:05:07', '', 'WEB-LB', '0040_0000000084', '0003_0000000017', '0003_0000000026', '0036_0000000040');
INSERT INTO `invoke_design` VALUES ('0005_0000000013', null, '0005_0000000013', null, '2020-01-03 04:05:07', null, '2019-12-21 13:41:03', 'DMCS_ADM_ALB-invoke-DMCS_ADM_APP', '34', '2020-01-03 04:05:07', '', 'ALB-APP', '0040_0000000084', '0003_0000000016', '0003_0000000017', '0036_0000000012');
INSERT INTO `invoke_design` VALUES ('0005_0000000014', null, '0005_0000000014', null, '2020-01-03 04:05:07', null, '2019-12-21 13:41:18', 'DMCS_ADM_APP-invoke-DMCS_ADM_DLB', '34', '2020-01-03 04:05:07', '', 'APP-DLB', '0040_0000000084', '0003_0000000019', '0003_0000000016', '0036_0000000051');
INSERT INTO `invoke_design` VALUES ('0005_0000000019', null, '0005_0000000019', null, '2020-01-03 04:05:07', null, '2019-12-24 09:53:07', 'DMCS_ADM_DLB-invoke-DMCS_ADM_DB', '34', '2020-01-03 04:05:07', '', 'DLB-DB', '0040_0000000084', '0003_0000000018', '0003_0000000019', '0036_0000000035');
INSERT INTO `invoke_design` VALUES ('0005_0000000020', null, '0005_0000000020', null, '2020-01-03 04:05:07', null, '2019-12-24 09:53:29', 'DMCS_ADM_APP-invoke-DMCS_CORE_ALB', '34', '2020-01-03 04:05:07', '', 'APP-ALB', '0040_0000000084', '0003_0000000013', '0003_0000000016', '0036_0000000054');
INSERT INTO `invoke_design` VALUES ('0005_0000000021', null, '0005_0000000021', null, '2020-01-03 04:05:07', null, '2019-12-24 09:53:57', 'DMCS_CORE_ALB-invoke-DMCS_CORE_APP', '34', '2020-01-03 04:05:07', '', 'ALB-APP', '0040_0000000084', '0003_0000000012', '0003_0000000013', '0036_0000000012');
INSERT INTO `invoke_design` VALUES ('0005_0000000022', null, '0005_0000000022', null, '2020-01-03 04:05:07', null, '2019-12-24 09:54:14', 'DMCS_CORE_APP-invoke-DMCS_CORE_DLB', '34', '2020-01-03 04:05:07', '', 'APP-DLB', '0040_0000000084', '0003_0000000014', '0003_0000000012', '0036_0000000051');
INSERT INTO `invoke_design` VALUES ('0005_0000000023', null, '0005_0000000023', null, '2020-01-03 04:05:07', null, '2019-12-24 09:54:30', 'DMCS_CORE_DLB-invoke-DMCS_CORE_DB', '34', '2020-01-03 04:05:07', '', 'DLB-DB', '0040_0000000084', '0003_0000000015', '0003_0000000014', '0036_0000000035');
INSERT INTO `invoke_design` VALUES ('0005_0000000024', null, '0005_0000000024', null, '2020-01-03 04:05:07', null, '2019-12-24 09:54:59', 'DMCS_PROXY_NGINX-invoke-DMCS_CORE_ALB', '34', '2020-01-03 04:05:07', '', 'NGINX-ALB', '0040_0000000084', '0003_0000000013', '0003_0000000025', '0036_0000000049');
INSERT INTO `invoke_design` VALUES ('0005_0000000025', null, '0005_0000000025', null, '2020-01-03 04:05:07', null, '2019-12-24 10:35:40', 'DMCS_PROXY_WANLB-invoke-DMCS_PROXY_NGINX', '34', '2020-01-03 04:05:07', '', 'WLB-NGINX', '0040_0000000084', '0003_0000000025', '0003_0000000027', '0036_0000000004');
INSERT INTO `invoke_design` VALUES ('0005_0000000026', null, '0005_0000000026', 'mockadmin', '2020-01-10 07:14:36', null, '2019-12-24 10:45:00', 'DMCS_APIC_APIWEB-invoke-DMCS_PROXY_WANLB', '34', '2020-01-03 04:05:07', '', 'WEB-WLB', '0040_0000000084', '0003_0000000027', '0003_0000000028', '0036_0000000042');
INSERT INTO `invoke_design` VALUES ('0005_0000000027', null, '0005_0000000027', null, '2020-01-06 03:01:59', null, '2019-12-31 08:08:03', 'DEMO2_CORE_APP-invoke-DEMO2_CORE_DB', '34', '', '', 'APP-DLB', '0040_0000000084', '0003_0000000030', '0003_0000000029', '0036_0000000053');
INSERT INTO `invoke_design` VALUES ('0005_0000000028', null, '0005_0000000028', 'mockadmin', '2020-01-10 07:15:08', null, '2020-01-03 04:19:04', 'DMCS_BATCH_APP-invoke-DMCS_CORE_DLB', '34', '2020-01-10 07:15:08', '', 'APP-DLB', '0040_0000000084', '0003_0000000014', '0003_0000000032', '0036_0000000051');
INSERT INTO `invoke_design` VALUES ('0005_0000000030', null, '0005_0000000030', null, '2020-01-06 04:24:44', null, '2020-01-06 04:24:44', 'DEMO2_CORE_DBLB-invoke-DEMO2_CORE_DB', '34', '', '', 'DBLB -DB', '0040_0000000084', '0003_0000000030', '0003_0000000031', '0036_0000000037');
INSERT INTO `invoke_design` VALUES ('0005_0000000031', null, '0005_0000000031', null, '2020-01-06 04:28:25', null, '2020-01-06 04:28:25', 'DEMO2_CORE_ALB-invoke-DEMO2_CORE_APP', '34', '', '', 'ALB-APP', '0040_0000000084', '0003_0000000029', '0003_0000000035', '0036_0000000034');

-- ----------------------------
-- Records of ip_address
-- ----------------------------
INSERT INTO `ip_address` VALUES ('0017_0000000001', null, '0017_0000000001', null, '2019-12-24 09:51:06', null, '2019-12-16 02:20:28', '10.128.8.10-资源IP', '37', '', '', '10.128.8.10', '0040_0000000143', '0023_0000000005', '未使用');
INSERT INTO `ip_address` VALUES ('0017_0000000002', null, '0017_0000000002', null, '2019-12-24 09:51:06', null, '2019-12-18 02:00:32', '10.128.8.11-资源IP', '37', '', '', '10.128.8.11', '0040_0000000143', '0023_0000000005', '未使用');
INSERT INTO `ip_address` VALUES ('0017_0000000003', null, '0017_0000000003', null, '2019-12-24 09:51:32', null, '2019-12-18 02:01:36', '10.128.8.202-资源IP', '37', '', '', '10.128.8.202', '0040_0000000143', '0023_0000000006', '未使用');
INSERT INTO `ip_address` VALUES ('0017_0000000004', null, '0017_0000000004', null, '2019-12-24 09:51:53', null, '2019-12-18 02:01:54', '10.128.8.203-资源IP', '37', '', '', '10.128.8.203', '0040_0000000143', '0023_0000000006', '未使用');
INSERT INTO `ip_address` VALUES ('0017_0000000005', null, '0017_0000000005', null, '2019-12-24 09:52:22', null, '2019-12-18 02:02:18', '10.128.8.138-资源IP', '37', '', '', '10.128.8.138', '0040_0000000143', '0023_0000000007', '未使用');
INSERT INTO `ip_address` VALUES ('0017_0000000006', null, '0017_0000000006', null, '2019-12-24 09:52:22', null, '2019-12-18 02:02:38', '10.128.8.139-资源IP', '37', '', '', '10.128.8.139', '0040_0000000143', '0023_0000000007', '未使用');
INSERT INTO `ip_address` VALUES ('0017_0000000007', null, '0017_0000000007', null, '2019-12-24 09:52:46', null, '2019-12-18 02:03:22', '10.128.9.10-资源IP', '37', '', '', '10.128.9.10', '0040_0000000143', '0023_0000000009', '未使用');
INSERT INTO `ip_address` VALUES ('0017_0000000008', null, '0017_0000000008', null, '2019-12-24 09:53:11', null, '2019-12-18 02:03:44', '10.128.9.202-资源IP', '37', '', '', '10.128.9.202', '0040_0000000143', '0023_0000000010', '未使用');
INSERT INTO `ip_address` VALUES ('0017_0000000009', null, '0017_0000000009', null, '2019-12-24 09:52:46', null, '2019-12-18 02:04:07', '10.128.9.11-资源IP', '37', '', '', '10.128.9.11', '0040_0000000143', '0023_0000000009', '未使用');
INSERT INTO `ip_address` VALUES ('0017_0000000010', null, '0017_0000000010', null, '2019-12-24 09:53:11', null, '2019-12-18 02:04:34', '10.128.9.203-资源IP', '37', '', '', '10.128.9.203', '0040_0000000143', '0023_0000000010', '未使用');
INSERT INTO `ip_address` VALUES ('0017_0000000011', null, '0017_0000000011', null, '2019-12-24 09:54:01', null, '2019-12-18 02:05:01', '10.128.9.138-资源IP', '37', '', '', '10.128.9.138', '0040_0000000143', '0023_0000000011', '未使用');
INSERT INTO `ip_address` VALUES ('0017_0000000012', null, '0017_0000000012', null, '2019-12-24 09:54:01', null, '2019-12-18 02:05:25', '10.128.9.139-资源IP', '37', '', '', '10.128.9.139', '0040_0000000143', '0023_0000000011', '未使用');
INSERT INTO `ip_address` VALUES ('0017_0000000013', null, '0017_0000000013', 'SYS_PLATFORM', '2020-01-14 04:49:42', null, '2019-12-18 02:06:31', '10.128.4.14-资源IP', '37', '', '', '10.128.4.14', '0040_0000000143', '0023_0000000013', '未使用');
INSERT INTO `ip_address` VALUES ('0017_0000000014', null, '0017_0000000014', 'SYS_PLATFORM', '2020-01-10 13:08:09', null, '2019-12-18 02:17:04', '10.128.4.15-资源IP', '37', '', '', '10.128.4.15', '0040_0000000143', '0023_0000000013', '未使用');
INSERT INTO `ip_address` VALUES ('0017_0000000015', null, '0017_0000000015', null, '2019-12-24 09:54:57', null, '2019-12-18 02:17:30', '10.128.5.138-资源IP', '37', '', '', '10.128.5.138', '0040_0000000143', '0023_0000000014', '未使用');
INSERT INTO `ip_address` VALUES ('0017_0000000016', null, '0017_0000000016', null, '2019-12-24 09:54:57', null, '2019-12-18 02:17:59', '10.128.5.139-资源IP', '37', '', '', '10.128.5.139', '0040_0000000143', '0023_0000000014', '未使用');
INSERT INTO `ip_address` VALUES ('0017_0000000017', null, '0017_0000000017', 'mockadmin', '2020-01-10 13:46:14', null, '2019-12-18 02:18:32', '10.128.5.3-资源IP', '37', '', '', '10.128.5.3', '0040_0000000143', '0023_0000000015', '未使用');
INSERT INTO `ip_address` VALUES ('0017_0000000018', null, '0017_0000000018', 'mockadmin', '2020-01-10 13:46:14', null, '2019-12-18 02:19:01', '10.128.5.10-资源IP', '37', '', '', '10.128.5.10', '0040_0000000143', '0023_0000000015', '未使用');
INSERT INTO `ip_address` VALUES ('0017_0000000019', null, '0017_0000000019', null, '2019-12-24 09:55:32', null, '2019-12-18 02:21:19', '10.128.6.10-资源IP', '37', '', '', '10.128.6.10', '0040_0000000143', '0023_0000000016', '未使用');
INSERT INTO `ip_address` VALUES ('0017_0000000020', null, '0017_0000000020', null, '2019-12-24 09:55:32', null, '2019-12-18 02:21:45', '10.128.6.11-资源IP', '37', '', '', '10.128.6.11', '0040_0000000143', '0023_0000000016', '未使用');
INSERT INTO `ip_address` VALUES ('0017_0000000021', null, '0017_0000000021', null, '2019-12-24 09:56:32', null, '2019-12-18 02:22:49', '10.128.130.10-资源IP', '37', '', '', '10.128.130.10', '0040_0000000143', '0023_0000000020', '未使用');
INSERT INTO `ip_address` VALUES ('0017_0000000022', null, '0017_0000000022', null, '2019-12-24 09:56:32', null, '2019-12-18 02:23:17', '10.128.130.11-资源IP', '37', '', '', '10.128.130.11', '0040_0000000143', '0023_0000000020', '未使用');
INSERT INTO `ip_address` VALUES ('0017_0000000023', null, '0017_0000000023', null, '2019-12-24 09:56:48', null, '2019-12-18 02:23:44', '10.128.130.138-资源IP', '37', '', '', '10.128.130.138', '0040_0000000143', '0023_0000000021', '未使用');
INSERT INTO `ip_address` VALUES ('0017_0000000024', null, '0017_0000000024', null, '2019-12-24 09:57:11', null, '2019-12-18 02:24:09', '10.128.130.139-资源IP', '37', '', '', '10.128.130.139', '0040_0000000143', '0023_0000000021', '未使用');
INSERT INTO `ip_address` VALUES ('0017_0000000025', null, '0017_0000000025', null, '2019-12-24 09:57:29', null, '2019-12-18 02:24:37', '10.128.131.10-资源IP', '37', '', '', '10.128.131.10', '0040_0000000143', '0023_0000000022', '未使用');
INSERT INTO `ip_address` VALUES ('0017_0000000026', null, '0017_0000000026', null, '2019-12-24 09:57:29', null, '2019-12-18 02:25:03', '10.128.131.11-资源IP', '37', '', '', '10.128.131.11', '0040_0000000143', '0023_0000000022', '未使用');
INSERT INTO `ip_address` VALUES ('0017_0000000027', null, '0017_0000000027', null, '2019-12-24 09:57:58', null, '2019-12-18 02:25:32', '10.128.131.138-资源IP', '37', '', '', '10.128.131.138', '0040_0000000143', '0023_0000000023', '未使用');
INSERT INTO `ip_address` VALUES ('0017_0000000028', null, '0017_0000000028', null, '2019-12-24 09:57:58', null, '2019-12-18 02:25:57', '10.128.131.139-资源IP', '37', '', '', '10.128.131.139', '0040_0000000143', '0023_0000000023', '未使用');
INSERT INTO `ip_address` VALUES ('0017_0000000029', null, '0017_0000000029', null, '2019-12-24 09:58:36', null, '2019-12-18 02:27:43', '10.128.162.10-资源IP', '37', '', '', '10.128.162.10', '0040_0000000143', '0023_0000000027', '未使用');
INSERT INTO `ip_address` VALUES ('0017_0000000030', null, '0017_0000000030', null, '2019-12-24 09:58:36', null, '2019-12-18 02:28:10', '10.128.162.11-资源IP', '37', '', '', '10.128.162.11', '0040_0000000143', '0023_0000000027', '未使用');
INSERT INTO `ip_address` VALUES ('0017_0000000031', null, '0017_0000000031', null, '2019-12-24 09:58:36', null, '2019-12-18 02:28:37', '10.128.162.138-资源IP', '37', '', '', '10.128.162.138', '0040_0000000143', '0023_0000000028', '未使用');
INSERT INTO `ip_address` VALUES ('0017_0000000032', null, '0017_0000000032', null, '2019-12-24 09:58:35', null, '2019-12-18 02:29:00', '10.128.162.139-资源IP', '37', '', '', '10.128.162.139', '0040_0000000143', '0023_0000000028', '未使用');
INSERT INTO `ip_address` VALUES ('0017_0000000033', null, '0017_0000000033', null, '2019-12-24 09:58:52', null, '2019-12-18 02:29:32', '10.128.163.10-资源IP', '37', '', '', '10.128.163.10', '0040_0000000143', '0023_0000000029', '未使用');
INSERT INTO `ip_address` VALUES ('0017_0000000034', null, '0017_0000000034', null, '2019-12-24 09:59:31', null, '2019-12-18 02:30:18', '10.128.163.11-资源IP', '37', '', '', '10.128.163.11', '0040_0000000143', '0023_0000000029', '未使用');
INSERT INTO `ip_address` VALUES ('0017_0000000035', null, '0017_0000000035', null, '2019-12-24 09:59:31', null, '2019-12-18 02:30:49', '10.128.163.138-资源IP', '37', '', '', '10.128.163.138', '0040_0000000143', '0023_0000000030', '未使用');
INSERT INTO `ip_address` VALUES ('0017_0000000036', null, '0017_0000000036', null, '2019-12-24 09:59:31', null, '2019-12-18 02:31:14', '10.128.163.139-资源IP', '37', '', '', '10.128.163.139', '0040_0000000143', '0023_0000000030', '未使用');
INSERT INTO `ip_address` VALUES ('0017_0000000037', null, '0017_0000000037', null, '2019-12-24 10:00:21', null, '2019-12-18 02:32:19', '10.128.194.10-资源IP', '37', '', '', '10.128.194.10', '0040_0000000143', '0023_0000000033', '未使用');
INSERT INTO `ip_address` VALUES ('0017_0000000038', null, '0017_0000000038', null, '2019-12-24 10:00:21', null, '2019-12-18 02:32:45', '10.128.194.11-资源IP', '37', '', '', '10.128.194.11', '0040_0000000143', '0023_0000000033', '未使用');
INSERT INTO `ip_address` VALUES ('0017_0000000039', null, '0017_0000000039', null, '2019-12-24 10:00:46', null, '2019-12-18 02:33:10', '10.128.194.202-资源IP', '37', '', '', '10.128.194.202', '0040_0000000143', '0023_0000000034', '未使用');
INSERT INTO `ip_address` VALUES ('0017_0000000040', null, '0017_0000000040', null, '2019-12-24 10:00:46', null, '2019-12-18 02:33:34', '10.128.194.203-资源IP', '37', '', '', '10.128.194.203', '0040_0000000143', '0023_0000000034', '未使用');
INSERT INTO `ip_address` VALUES ('0017_0000000041', null, '0017_0000000041', null, '2019-12-24 10:01:08', null, '2019-12-18 02:34:07', '10.128.194.139-资源IP', '37', '', '', '10.128.194.139', '0040_0000000143', '0023_0000000035', '未使用');
INSERT INTO `ip_address` VALUES ('0017_0000000042', null, '0017_0000000042', null, '2019-12-24 10:01:08', null, '2019-12-18 02:34:34', '10.128.194.138-资源IP', '37', '', '', '10.128.194.138', '0040_0000000143', '0023_0000000035', '未使用');
INSERT INTO `ip_address` VALUES ('0017_0000000043', null, '0017_0000000043', null, '2019-12-24 10:33:15', null, '2019-12-18 02:35:02', '10.128.201.10-资源IP', '37', '', '', '10.128.201.10', '0040_0000000143', '0023_0000000036', '未使用');
INSERT INTO `ip_address` VALUES ('0017_0000000044', null, '0017_0000000044', null, '2019-12-24 10:34:20', null, '2019-12-18 02:35:27', '10.128.201.11-资源IP', '37', '', '', '10.128.201.11', '0040_0000000143', '0023_0000000036', '未使用');
INSERT INTO `ip_address` VALUES ('0017_0000000045', null, '0017_0000000045', null, '2019-12-22 11:24:02', null, '2019-12-18 02:42:54', '10.1.0.10-资源IP', '37', '', '', '10.1.0.10', '0040_0000000143', '0023_0000000043', '未使用');
INSERT INTO `ip_address` VALUES ('0017_0000000046', null, '0017_0000000046', null, '2019-12-22 11:24:02', null, '2019-12-18 02:43:24', '10.1.0.11-资源IP', '37', '', '', '10.1.0.11', '0040_0000000143', '0023_0000000043', '未使用');
INSERT INTO `ip_address` VALUES ('0017_0000000047', null, '0017_0000000047', null, '2019-12-24 10:34:47', null, '2019-12-18 02:44:00', '10.128.195.10-资源IP', '37', '', '', '10.128.195.10', '0040_0000000143', '0023_0000000045', '未使用');
INSERT INTO `ip_address` VALUES ('0017_0000000048', null, '0017_0000000048', null, '2019-12-24 10:34:47', null, '2019-12-18 02:44:45', '10.128.195.11-资源IP', '37', '', '', '10.128.195.11', '0040_0000000143', '0023_0000000045', '未使用');
INSERT INTO `ip_address` VALUES ('0017_0000000051', null, '0017_0000000051', null, '2019-12-24 10:35:05', null, '2019-12-18 05:42:26', ' 10.128.8.12-资源IP', '37', '', '', ' 10.128.8.12', '0040_0000000143', '0023_0000000005', '未使用');
INSERT INTO `ip_address` VALUES ('0017_0000000052', null, '0017_0000000052', null, '2019-12-24 10:35:05', null, '2019-12-18 05:42:53', '10.128.8.13-资源IP', '37', '', '', '10.128.8.13', '0040_0000000143', '0023_0000000005', '未使用');
INSERT INTO `ip_address` VALUES ('0017_0000000053', null, '0017_0000000053', null, '2019-12-24 10:35:23', null, '2019-12-18 05:43:47', '10.128.9.12-资源IP', '37', '', '', '10.128.9.12', '0040_0000000143', '0023_0000000009', '未使用');
INSERT INTO `ip_address` VALUES ('0017_0000000054', null, '0017_0000000054', null, '2019-12-24 10:35:23', null, '2019-12-18 05:44:08', '10.128.9.13-资源IP', '37', '', '', '10.128.9.13', '0040_0000000143', '0023_0000000009', '未使用');
INSERT INTO `ip_address` VALUES ('0017_0000000055', null, '0017_0000000055', null, '2019-12-24 10:35:34', null, '2019-12-18 05:44:53', '10.128.8.14-资源IP', '37', '', '', '10.128.8.14', '0040_0000000143', '0023_0000000005', '未使用');
INSERT INTO `ip_address` VALUES ('0017_0000000056', null, '0017_0000000056', null, '2019-12-24 10:35:47', null, '2019-12-18 05:45:12', '10.128.8.15-资源IP', '37', '', '', '10.128.8.15', '0040_0000000143', '0023_0000000005', '未使用');
INSERT INTO `ip_address` VALUES ('0017_0000000057', null, '0017_0000000057', null, '2019-12-24 10:36:16', null, '2019-12-18 09:51:58', '10.128.40.10-资源IP', '37', '', '', '10.128.40.10', '0040_0000000143', '0023_0000000048', '未使用');
INSERT INTO `ip_address` VALUES ('0017_0000000058', null, '0017_0000000058', null, '2019-12-24 10:36:16', null, '2019-12-18 09:52:38', '10.128.40.11-资源IP', '37', '', '', '10.128.40.11', '0040_0000000143', '0023_0000000048', '未使用');
INSERT INTO `ip_address` VALUES ('0017_0000000059', null, '0017_0000000059', null, '2019-12-24 10:36:39', null, '2019-12-18 09:53:03', '10.128.40.202-资源IP', '37', '', '', '10.128.40.202', '0040_0000000143', '0023_0000000049', '未使用');
INSERT INTO `ip_address` VALUES ('0017_0000000060', null, '0017_0000000060', null, '2019-12-24 10:36:39', null, '2019-12-18 09:53:28', '10.128.40.203-资源IP', '37', '', '', '10.128.40.203', '0040_0000000143', '0023_0000000049', '未使用');
INSERT INTO `ip_address` VALUES ('0017_0000000061', null, '0017_0000000061', null, '2019-12-24 10:37:04', null, '2019-12-18 09:53:53', '10.128.40.138-资源IP', '37', '', '', '10.128.40.138', '0040_0000000143', '0023_0000000050', '未使用');
INSERT INTO `ip_address` VALUES ('0017_0000000062', null, '0017_0000000062', null, '2019-12-24 10:37:04', null, '2019-12-18 09:54:23', '10.128.40.139-资源IP', '37', '', '', '10.128.40.139', '0040_0000000143', '0023_0000000050', '未使用');
INSERT INTO `ip_address` VALUES ('0017_0000000063', null, '0017_0000000063', null, '2019-12-24 10:37:26', null, '2019-12-18 09:54:48', '10.128.41.10-资源IP', '37', '', '', '10.128.41.10', '0040_0000000143', '0023_0000000052', '未使用');
INSERT INTO `ip_address` VALUES ('0017_0000000064', null, '0017_0000000064', null, '2019-12-24 10:37:26', null, '2019-12-18 09:55:10', '10.128.41.11-资源IP', '37', '', '', '10.128.41.11', '0040_0000000143', '0023_0000000052', '未使用');
INSERT INTO `ip_address` VALUES ('0017_0000000065', null, '0017_0000000065', null, '2019-12-24 10:37:41', null, '2019-12-18 09:55:32', '10.128.41.202-资源IP', '37', '', '', '10.128.41.202', '0040_0000000143', '0023_0000000053', '未使用');
INSERT INTO `ip_address` VALUES ('0017_0000000066', null, '0017_0000000066', null, '2019-12-24 10:37:59', null, '2019-12-18 09:55:51', '10.128.41.203-资源IP', '37', '', '', '10.128.41.203', '0040_0000000143', '0023_0000000053', '未使用');
INSERT INTO `ip_address` VALUES ('0017_0000000067', null, '0017_0000000067', null, '2019-12-24 10:38:22', null, '2019-12-18 09:56:12', '10.128.41.138-资源IP', '37', '', '', '10.128.41.138', '0040_0000000143', '0023_0000000054', '未使用');
INSERT INTO `ip_address` VALUES ('0017_0000000068', null, '0017_0000000068', null, '2019-12-24 10:38:22', null, '2019-12-18 10:05:48', '10.128.41.139-资源IP', '37', '', '', '10.128.41.139', '0040_0000000143', '0023_0000000054', '未使用');
INSERT INTO `ip_address` VALUES ('0017_0000000069', null, '0017_0000000069', null, '2019-12-24 10:38:37', null, '2019-12-18 10:06:31', '10.128.36.10-资源IP', '37', '', '', '10.128.36.10', '0040_0000000143', '0023_0000000056', '未使用');
INSERT INTO `ip_address` VALUES ('0017_0000000070', null, '0017_0000000070', null, '2019-12-24 10:38:37', null, '2019-12-18 10:06:57', '10.128.36.11-资源IP', '37', '', '', '10.128.36.11', '0040_0000000143', '0023_0000000056', '未使用');
INSERT INTO `ip_address` VALUES ('0017_0000000071', null, '0017_0000000071', null, '2019-12-24 10:39:24', null, '2019-12-18 10:07:44', '10.128.37.138-资源IP', '37', '', '', '10.128.37.138', '0040_0000000143', '0023_0000000057', '未使用');
INSERT INTO `ip_address` VALUES ('0017_0000000072', null, '0017_0000000072', null, '2019-12-24 10:39:24', null, '2019-12-18 10:08:08', '10.128.37.139-资源IP', '37', '', '', '10.128.37.139', '0040_0000000143', '0023_0000000057', '未使用');
INSERT INTO `ip_address` VALUES ('0017_0000000073', null, '0017_0000000073', null, '2019-12-24 10:39:02', null, '2019-12-18 10:08:31', '10.128.37.10-资源IP', '37', '', '', '10.128.37.10', '0040_0000000143', '0023_0000000058', '未使用');
INSERT INTO `ip_address` VALUES ('0017_0000000074', null, '0017_0000000074', null, '2019-12-24 10:39:02', null, '2019-12-18 10:08:59', '10.128.37.11-资源IP', '37', '', '', '10.128.37.11', '0040_0000000143', '0023_0000000058', '未使用');
INSERT INTO `ip_address` VALUES ('0017_0000000075', null, '0017_0000000075', null, '2019-12-24 10:39:40', null, '2019-12-18 10:09:30', '10.128.38.10-资源IP', '37', '', '', '10.128.38.10', '0040_0000000143', '0023_0000000059', '未使用');
INSERT INTO `ip_address` VALUES ('0017_0000000076', null, '0017_0000000076', null, '2019-12-24 10:39:53', null, '2019-12-18 10:09:52', '10.128.38.11-资源IP', '37', '', '', '10.128.38.11', '0040_0000000143', '0023_0000000059', '未使用');
INSERT INTO `ip_address` VALUES ('0017_0000000077', null, '0017_0000000077', null, '2019-12-24 10:40:44', null, '2019-12-18 10:10:21', '10.128.138.10-资源IP', '37', '', '', '10.128.138.10', '0040_0000000143', '0023_0000000063', '未使用');
INSERT INTO `ip_address` VALUES ('0017_0000000078', null, '0017_0000000078', null, '2019-12-24 10:40:44', null, '2019-12-18 10:10:43', '10.128.138.11-资源IP', '37', '', '', '10.128.138.11', '0040_0000000143', '0023_0000000063', '未使用');
INSERT INTO `ip_address` VALUES ('0017_0000000079', null, '0017_0000000079', null, '2019-12-24 10:40:44', null, '2019-12-18 10:11:11', '10.128.138.138-资源IP', '37', '', '', '10.128.138.138', '0040_0000000143', '0023_0000000064', '未使用');
INSERT INTO `ip_address` VALUES ('0017_0000000080', null, '0017_0000000080', null, '2019-12-24 10:40:44', null, '2019-12-18 10:11:32', '10.128.138.139-资源IP', '37', '', '', '10.128.138.139', '0040_0000000143', '0023_0000000064', '未使用');
INSERT INTO `ip_address` VALUES ('0017_0000000081', null, '0017_0000000081', null, '2019-12-24 10:41:26', null, '2019-12-18 10:11:53', '10.128.139.10-资源IP', '37', '', '', '10.128.139.10', '0040_0000000143', '0023_0000000065', '未使用');
INSERT INTO `ip_address` VALUES ('0017_0000000082', null, '0017_0000000082', null, '2019-12-24 10:41:26', null, '2019-12-18 10:12:14', '10.128.139.11-资源IP', '37', '', '', '10.128.139.11', '0040_0000000143', '0023_0000000065', '未使用');
INSERT INTO `ip_address` VALUES ('0017_0000000083', null, '0017_0000000083', null, '2019-12-24 10:41:26', null, '2019-12-18 10:12:35', '10.128.139.138-资源IP', '37', '', '', '10.128.139.138', '0040_0000000143', '0023_0000000066', '未使用');
INSERT INTO `ip_address` VALUES ('0017_0000000084', null, '0017_0000000084', null, '2019-12-24 10:41:26', null, '2019-12-18 10:13:00', '10.128.139.139-资源IP', '37', '', '', '10.128.139.139', '0040_0000000143', '0023_0000000066', '未使用');
INSERT INTO `ip_address` VALUES ('0017_0000000085', null, '0017_0000000085', null, '2019-12-24 10:41:42', null, '2019-12-18 10:13:21', '10.128.170.10-资源IP', '37', '', '', '10.128.170.10', '0040_0000000143', '0023_0000000070', '未使用');
INSERT INTO `ip_address` VALUES ('0017_0000000086', null, '0017_0000000086', null, '2019-12-24 10:42:14', null, '2019-12-18 10:13:42', '10.128.170.11-资源IP', '37', '', '', '10.128.170.11', '0040_0000000143', '0023_0000000070', '未使用');
INSERT INTO `ip_address` VALUES ('0017_0000000087', null, '0017_0000000087', null, '2019-12-24 10:42:14', null, '2019-12-18 10:14:05', '10.128.170.138-资源IP', '37', '', '', '10.128.170.138', '0040_0000000143', '0023_0000000071', '未使用');
INSERT INTO `ip_address` VALUES ('0017_0000000088', null, '0017_0000000088', null, '2019-12-24 10:42:14', null, '2019-12-18 10:14:35', '10.128.170.139-资源IP', '37', '', '', '10.128.170.139', '0040_0000000143', '0023_0000000071', '未使用');
INSERT INTO `ip_address` VALUES ('0017_0000000089', null, '0017_0000000089', null, '2019-12-24 10:48:53', null, '2019-12-18 10:15:00', '10.128.171.10-资源IP', '37', '', '', '10.128.171.10', '0040_0000000143', '0023_0000000072', '未使用');
INSERT INTO `ip_address` VALUES ('0017_0000000090', null, '0017_0000000090', null, '2019-12-24 10:48:53', null, '2019-12-18 10:15:33', '10.128.171.11-资源IP', '37', '', '', '10.128.171.11', '0040_0000000143', '0023_0000000072', '未使用');
INSERT INTO `ip_address` VALUES ('0017_0000000091', null, '0017_0000000091', null, '2019-12-24 10:49:26', null, '2019-12-18 10:15:54', '10.128.171.138-资源IP', '37', '', '', '10.128.171.138', '0040_0000000143', '0023_0000000073', '未使用');
INSERT INTO `ip_address` VALUES ('0017_0000000093', null, '0017_0000000093', null, '2019-12-24 10:51:52', null, '2019-12-18 10:16:48', '10.128.202.10-资源IP', '37', '', '', '10.128.202.10', '0040_0000000143', '0023_0000000076', '未使用');
INSERT INTO `ip_address` VALUES ('0017_0000000094', null, '0017_0000000094', null, '2019-12-24 10:51:52', null, '2019-12-18 10:17:12', '10.128.202.11-资源IP', '37', '', '', '10.128.202.11', '0040_0000000143', '0023_0000000076', '未使用');
INSERT INTO `ip_address` VALUES ('0017_0000000095', null, '0017_0000000095', null, '2019-12-24 10:52:19', null, '2019-12-18 10:17:36', '10.128.202.202-资源IP', '37', '', '', '10.128.202.202', '0040_0000000143', '0023_0000000077', '未使用');
INSERT INTO `ip_address` VALUES ('0017_0000000096', null, '0017_0000000096', null, '2019-12-24 10:52:19', null, '2019-12-18 10:18:02', '10.128.202.203-资源IP', '37', '', '', '10.128.202.203', '0040_0000000143', '0023_0000000077', '未使用');
INSERT INTO `ip_address` VALUES ('0017_0000000097', null, '0017_0000000097', null, '2019-12-24 10:52:43', null, '2019-12-18 10:18:39', '10.128.202.138-资源IP', '37', '', '', '10.128.202.138', '0040_0000000143', '0023_0000000078', '未使用');
INSERT INTO `ip_address` VALUES ('0017_0000000098', null, '0017_0000000098', null, '2019-12-24 10:52:43', null, '2019-12-18 10:19:10', '10.128.202.139-资源IP', '37', '', '', '10.128.202.139', '0040_0000000143', '0023_0000000078', '未使用');
INSERT INTO `ip_address` VALUES ('0017_0000000101', null, '0017_0000000101', null, '2019-12-22 11:34:45', null, '2019-12-19 12:44:31', '145.123.123.234-资源IP', '37', '', '', '145.123.123.234', '0040_0000000143', '0023_0000000082', '未使用');
INSERT INTO `ip_address` VALUES ('0017_0000000102', null, '0017_0000000102', null, '2020-01-06 04:36:02', null, '2019-12-19 12:45:17', '10.128.0.3-资源IP', '37', '', '', '10.128.0.3', '0040_0000000143', '0023_0000000083', '未使用');
INSERT INTO `ip_address` VALUES ('0017_0000000103', null, '0017_0000000103', null, '2019-12-22 11:34:45', null, '2019-12-19 12:45:42', '10.128.128.10-资源IP', '37', '', '', '10.128.128.10', '0040_0000000143', '0023_0000000085', '未使用');
INSERT INTO `ip_address` VALUES ('0017_0000000104', null, '0017_0000000104', null, '2019-12-22 11:34:45', null, '2019-12-19 12:46:01', '10.128.160.10-资源IP', '37', '', '', '10.128.160.10', '0040_0000000143', '0023_0000000087', '未使用');
INSERT INTO `ip_address` VALUES ('0017_0000000105', null, '0017_0000000105', null, '2019-12-22 11:34:45', null, '2019-12-19 12:46:33', '10.128.192.10-资源IP', '37', '', '', '10.128.192.10', '0040_0000000143', '0023_0000000089', '未使用');
INSERT INTO `ip_address` VALUES ('0017_0000000106', null, '0017_0000000106', null, '2019-12-24 10:50:24', null, '2019-12-24 10:50:24', '10.128.171.139-资源IP', '37', '', '', '10.128.171.139', '0040_0000000143', '0023_0000000073', '未使用');
INSERT INTO `ip_address` VALUES ('0017_0000000107', null, '0017_0000000107', null, '2020-01-02 10:10:37', null, '2020-01-02 10:10:37', '10.128.4.13-资源IP', '37', '', '', '10.128.4.13', '0040_0000000143', '0023_0000000013', '');
INSERT INTO `ip_address` VALUES ('0017_0000000108', null, '0017_0000000108', null, '2020-01-06 03:13:59', null, '2020-01-06 02:59:48', '10.128.2.10-资源IP', '37', '', '', '10.128.2.10', '0040_0000000143', '0023_0000000091', '');
INSERT INTO `ip_address` VALUES ('0017_0000000109', null, '0017_0000000109', null, '2020-01-06 09:53:06', null, '2020-01-06 09:50:41', '10.128.4.12-资源IP', '37', '', '', '10.128.4.12', '0040_0000000143', '0023_0000000013', '');

-- ----------------------------
-- Records of network_segment
-- ----------------------------
INSERT INTO `network_segment` VALUES ('0023_0000000001', null, '0023_0000000001', null, '2019-12-22 09:16:01', null, '2019-12-15 15:19:07', '10.128.0.0/16_数据中心_GZ', '37', '', '', '10.128.0.0/16', '', '', '16', 'GZ', '0030_0000000001', '0040_0000000095', null);
INSERT INTO `network_segment` VALUES ('0023_0000000003', null, '0023_0000000003', null, '2019-12-24 06:39:54', null, '2019-12-16 02:14:41', '10.128.0.0/17_网络区域_GZ-SF', '37', '', '', '10.128.0.0/17', '0023_0000000001', '', '17', 'GZ-SF', '0030_0000000003', '0040_0000000096', '0018_0000000004');
INSERT INTO `network_segment` VALUES ('0023_0000000005', null, '0023_0000000005', null, '2019-12-24 09:23:43', null, '2019-12-16 02:20:08', '10.128.8.0/25_资源集合_GZ3P-SF-BZa-APP', '37', '', '', '10.128.8.0/25', '0023_0000000127', '', '25', 'GZ3P-SF-BZa-APP', '0030_0000000023', '0040_0000000098', '0018_0000000001');
INSERT INTO `network_segment` VALUES ('0023_0000000006', null, '0023_0000000006', null, '2019-12-24 09:23:17', null, '2019-12-17 17:10:24', '10.128.8.192/26_资源集合_GZ3P-SF-BZa-CACHE', '37', '', '', '10.128.8.192/26', '0023_0000000127', '', '26', 'GZ3P-SF-BZa-CACHE', '0030_0000000024', '0040_0000000098', '0018_0000000001');
INSERT INTO `network_segment` VALUES ('0023_0000000007', null, '0023_0000000007', null, '2019-12-24 09:22:55', null, '2019-12-17 17:11:12', '10.128.8.128/26_资源集合_GZ3P-SF-BZa-DB', '37', '', '', '10.128.8.128/26', '0023_0000000127', '', '26', 'GZ3P-SF-BZa-DB', '0030_0000000025', '0040_0000000098', '0018_0000000001');
INSERT INTO `network_segment` VALUES ('0023_0000000009', null, '0023_0000000009', null, '2019-12-24 09:21:06', null, '2019-12-17 17:13:09', '10.128.9.0/25_资源集合_GZ3P-SF-BZb-APP', '37', '', '', '10.128.9.0/25', '0023_0000000125', '', '25', 'GZ3P-SF-BZb-APP', '0030_0000000026', '0040_0000000098', '0018_0000000001');
INSERT INTO `network_segment` VALUES ('0023_0000000010', null, '0023_0000000010', null, '2019-12-24 09:20:34', null, '2019-12-17 17:13:42', '10.128.9.192/26_资源集合_GZ3P-SF-BZb-CACHE', '37', '', '', '10.128.9.192/26', '0023_0000000125', '', '26', 'GZ3P-SF-BZb-CACHE', '0030_0000000027', '0040_0000000098', '0018_0000000001');
INSERT INTO `network_segment` VALUES ('0023_0000000011', null, '0023_0000000011', null, '2019-12-24 09:20:03', null, '2019-12-17 17:14:05', '10.128.9.128/26_资源集合_GZ3P-SF-BZb-DB', '37', '', '', '10.128.9.128/26', '0023_0000000125', '', '26', 'GZ3P-SF-BZb-DB', '0030_0000000028', '0040_0000000098', '0018_0000000001');
INSERT INTO `network_segment` VALUES ('0023_0000000013', null, '0023_0000000013', null, '2019-12-24 09:19:14', null, '2019-12-17 17:15:12', '10.128.4.0/24_资源集合_GZ3P-SF-CS-APP', '37', '', '', '10.128.4.0/24', '0023_0000000123', '', '24', 'GZ3P-SF-CS-APP', '0030_0000000029', '0040_0000000098', '0018_0000000001');
INSERT INTO `network_segment` VALUES ('0023_0000000014', null, '0023_0000000014', null, '2019-12-24 09:18:43', null, '2019-12-17 17:15:51', '10.128.5.128/25_资源集合_GZ3P-SF-CS-CACHE', '37', '', '', '10.128.5.128/25', '0023_0000000123', '', '25', 'GZ3P-SF-CS-CACHE', '0030_0000000030', '0040_0000000098', '0018_0000000001');
INSERT INTO `network_segment` VALUES ('0023_0000000015', null, '0023_0000000015', null, '2019-12-24 09:18:05', null, '2019-12-17 17:16:38', '10.128.5.0/25_资源集合_GZ3P-SF-CS-DB', '37', '', '', '10.128.5.0/25', '0023_0000000123', '', '25', 'GZ3P-SF-CS-DB', '0030_0000000031', '0040_0000000098', '0018_0000000001');
INSERT INTO `network_segment` VALUES ('0023_0000000016', null, '0023_0000000016', null, '2019-12-24 09:17:25', null, '2019-12-17 17:17:23', '10.128.6.0/23_资源集合_GZ3P-SF-CS-BDP', '37', '', '', '10.128.6.0/23', '0023_0000000123', '', '23', 'GZ3P-SF-CS-BDP', '0030_0000000032', '0040_0000000098', '0018_0000000001');
INSERT INTO `network_segment` VALUES ('0023_0000000017', null, '0023_0000000017', null, '2019-12-24 06:41:27', null, '2019-12-17 17:18:49', '10.128.128.0/19_网络区域_GZ-DMZ', '37', '', '', '10.128.128.0/19', '0023_0000000001', '', '19', 'GZ-DMZ', '0030_0000000005', '0040_0000000096', '0018_0000000004');
INSERT INTO `network_segment` VALUES ('0023_0000000020', null, '0023_0000000020', null, '2019-12-24 09:16:51', null, '2019-12-17 17:20:41', '10.128.130.0/25_资源集合_GZ3P-DMZ-BZa-IN', '37', '', '', '10.128.130.0/25', '0023_0000000119', '', '25', 'GZ3P-DMZ-BZa-IN', '0030_0000000033', '0040_0000000098', '0018_0000000001');
INSERT INTO `network_segment` VALUES ('0023_0000000021', null, '0023_0000000021', null, '2019-12-24 09:16:21', null, '2019-12-17 17:23:31', '10.128.130.128/25_资源集合_GZ3P-DMZ-BZa-OUT', '37', '', '', '10.128.130.128/25', '0023_0000000119', '', '25', 'GZ3P-DMZ-BZa-OUT', '0030_0000000034', '0040_0000000098', '0018_0000000001');
INSERT INTO `network_segment` VALUES ('0023_0000000022', null, '0023_0000000022', null, '2019-12-24 09:15:42', null, '2019-12-17 17:24:08', '10.128.131.0/25_资源集合_GZ3P-DMZ-BZb-IN', '37', '', '', '10.128.131.0/25', '0023_0000000117', '', '25', 'GZ3P-DMZ-BZb-IN', '0030_0000000042', '0040_0000000098', '0018_0000000001');
INSERT INTO `network_segment` VALUES ('0023_0000000023', null, '0023_0000000023', null, '2019-12-24 09:15:15', null, '2019-12-17 17:24:34', '10.128.131.128/25_资源集合_GZ3P-DMZ-BZb-OUT', '37', '', '', '10.128.131.128/25', '0023_0000000117', '', '25', 'GZ3P-DMZ-BZb-OUT', '0030_0000000043', '0040_0000000098', '0018_0000000001');
INSERT INTO `network_segment` VALUES ('0023_0000000024', null, '0023_0000000024', null, '2019-12-24 06:42:03', null, '2019-12-17 17:25:17', '10.128.160.0/19_网络区域_GZ-ECN', '37', '', '', '10.128.160.0/19', '0023_0000000001', '', '19', 'GZ-ECN', '0030_0000000006', '0040_0000000096', '0018_0000000004');
INSERT INTO `network_segment` VALUES ('0023_0000000027', null, '0023_0000000027', null, '2019-12-24 09:14:34', null, '2019-12-17 17:26:38', '10.128.162.0/25_资源集合_GZ3P-ECN-BZa-OWN', '37', '', '', '10.128.162.0/25', '0023_0000000115', '', '25', 'GZ3P-ECN-BZa-OWN', '0030_0000000035', '0040_0000000098', '0018_0000000001');
INSERT INTO `network_segment` VALUES ('0023_0000000028', null, '0023_0000000028', null, '2019-12-24 09:14:08', null, '2019-12-17 17:27:03', '10.128.162.128/25_资源集合_GZ3P-ECN-BZa-NOWN', '37', '', '', '10.128.162.128/25', '0023_0000000115', '', '25', 'GZ3P-ECN-BZa-NOWN', '0030_0000000036', '0040_0000000098', '0018_0000000001');
INSERT INTO `network_segment` VALUES ('0023_0000000029', null, '0023_0000000029', null, '2019-12-24 09:13:30', null, '2019-12-17 17:27:53', '10.128.163.0/25_资源集合_GZ3P-ECN-BZb-OWN', '37', '', '', '10.128.163.0/25', '0023_0000000113', '', '25', 'GZ3P-ECN-BZb-OWN', '0030_0000000044', '0040_0000000098', '0018_0000000001');
INSERT INTO `network_segment` VALUES ('0023_0000000030', null, '0023_0000000030', null, '2019-12-24 09:12:50', null, '2019-12-17 17:28:19', '10.128.163.128/25_资源集合_GZ3P-ECN-BZb-NOWN', '37', '', '', '10.128.163.128/25', '0023_0000000113', '', '25', 'GZ3P-ECN-BZb-NOWN', '0030_0000000045', '0040_0000000098', '0018_0000000001');
INSERT INTO `network_segment` VALUES ('0023_0000000031', null, '0023_0000000031', null, '2019-12-25 12:38:16', null, '2019-12-17 17:28:53', '10.128.192.0/19_网络区域_GZ-MGMT', '37', '', '', '10.128.192.0/19', '0023_0000000001', '', '19', 'GZ-MGMT', '0030_0000000004', '0040_0000000096', '0018_0000000004');
INSERT INTO `network_segment` VALUES ('0023_0000000033', null, '0023_0000000033', null, '2019-12-24 09:12:09', null, '2019-12-17 17:29:57', '10.128.194.0/25_资源集合_GZ3P-MGMT-MT-APP', '37', '', '', '10.128.194.0/25', '0023_0000000121', '', '25', 'GZ3P-MGMT-MT-APP', '0030_0000000037', '0040_0000000098', '0018_0000000001');
INSERT INTO `network_segment` VALUES ('0023_0000000034', null, '0023_0000000034', null, '2019-12-24 09:11:33', null, '2019-12-17 17:30:56', '10.128.194.192/26_资源集合_GZ3P-MGMT-MT-CACHE', '37', '', '', '10.128.194.192/26', '0023_0000000121', '', '26', 'GZ3P-MGMT-MT-CACHE', '0030_0000000038', '0040_0000000098', '0018_0000000001');
INSERT INTO `network_segment` VALUES ('0023_0000000035', null, '0023_0000000035', null, '2019-12-24 09:10:07', null, '2019-12-17 17:31:19', '10.128.194.128/26_资源集合_GZ3P-MGMT-MT-DB', '37', '', '', '10.128.194.128/26', '0023_0000000121', '', '26', 'GZ3P-MGMT-MT-DB', '0030_0000000039', '0040_0000000098', '0018_0000000001');
INSERT INTO `network_segment` VALUES ('0023_0000000036', null, '0023_0000000036', null, '2019-12-24 09:04:41', null, '2019-12-17 17:31:53', '10.128.201.0/24_资源集合_GZ3P-MGMT-MT-BDP', '37', '', '', '10.128.201.0/24', '0023_0000000110', '', '24', 'GZ3P-MGMT-MT-BDP', '0030_0000000040', '0040_0000000098', '0018_0000000001');
INSERT INTO `network_segment` VALUES ('0023_0000000037', null, '0023_0000000037', null, '2019-12-22 09:16:01', null, '2019-12-17 17:36:49', '0.0.0.0/0_数据中心_NDC', '37', '', '', '0.0.0.0/0', '', '', '0', 'NDC', '0030_0000000001', '0040_0000000095', null);
INSERT INTO `network_segment` VALUES ('0023_0000000041', null, '0023_0000000041', null, '2019-12-24 07:24:23', null, '2019-12-17 17:45:41', '10.1.0.0/20_网络区域_NDC-OPN', '37', '', '', '10.1.0.0/20', '0023_0000000037', '', '20', 'NDC-OPN', '0030_0000000009', '0040_0000000096', '0018_0000000002');
INSERT INTO `network_segment` VALUES ('0023_0000000043', null, '0023_0000000043', null, '2019-12-24 09:03:15', null, '2019-12-17 17:48:37', '10.1.0.0/24_资源集合_NDC-OPN-ALL-VC', '37', '', '', '10.1.0.0/24', '0023_0000000130', '', '24', 'NDC-OPN-ALL-VC', '0030_0000000052', '0040_0000000098', '0018_0000000002');
INSERT INTO `network_segment` VALUES ('0023_0000000045', null, '0023_0000000045', null, '2019-12-24 08:58:15', null, '2019-12-17 18:00:57', '10.128.195.0/24_资源集合_GZ3P-MGMT-QZ-VDI', '37', '', '', '10.128.195.0/24', '0023_0000000111', '', '24', 'GZ3P-MGMT-QZ-VDI', '0030_0000000046', '0040_0000000098', '0018_0000000001');
INSERT INTO `network_segment` VALUES ('0023_0000000048', null, '0023_0000000048', null, '2019-12-24 08:55:49', null, '2019-12-18 06:22:08', '10.128.40.0/25_资源集合_GZ4P-SF-BZa-APP', '37', '', '', '10.128.40.0/25', '0023_0000000128', '', '25', 'GZ4P-SF-BZa-APP', '0030_0000000023', '0040_0000000098', '0018_0000000003');
INSERT INTO `network_segment` VALUES ('0023_0000000049', null, '0023_0000000049', null, '2019-12-24 08:55:10', null, '2019-12-18 06:22:47', '10.129.40.192/26_资源集合_GZ4P-SF-BZa-CACHE', '37', '', '', '10.129.40.192/26', '0023_0000000128', '', '26', 'GZ4P-SF-BZa-CACHE', '0030_0000000024', '0040_0000000098', '0018_0000000003');
INSERT INTO `network_segment` VALUES ('0023_0000000050', null, '0023_0000000050', null, '2019-12-24 08:54:37', null, '2019-12-18 06:23:35', '10.128.40.128/26_资源集合_GZ4P-SF-BZa-DB', '37', '', '', '10.128.40.128/26', '0023_0000000128', '', '26', 'GZ4P-SF-BZa-DB', '0030_0000000025', '0040_0000000098', '0018_0000000003');
INSERT INTO `network_segment` VALUES ('0023_0000000052', null, '0023_0000000052', null, '2019-12-24 08:54:00', null, '2019-12-18 06:25:35', '10.128.41.0/25_资源集合_GZ4P-SF-BZb-APP', '38', null, '', '10.128.41.0/25', '0023_0000000126', '', '25', 'GZ4P-SF-BZb-APP', '0030_0000000026', '0040_0000000098', '0018_0000000003');
INSERT INTO `network_segment` VALUES ('0023_0000000053', null, '0023_0000000053', null, '2019-12-24 08:53:27', null, '2019-12-18 06:26:36', '10.128.41.192/26_资源集合_GZ4P-SF-BZb-CACHE', '37', '', '', '10.128.41.192/26', '0023_0000000126', '', '26', 'GZ4P-SF-BZb-CACHE', '0030_0000000027', '0040_0000000098', '0018_0000000003');
INSERT INTO `network_segment` VALUES ('0023_0000000054', null, '0023_0000000054', null, '2019-12-24 08:51:27', null, '2019-12-18 06:27:32', '10.128.41.128/26_资源集合_GZ4P-SF-BZb-DB', '37', '', '', '10.128.41.128/26', '0023_0000000126', '', '26', 'GZ4P-SF-BZb-DB', '0030_0000000028', '0040_0000000098', '0018_0000000003');
INSERT INTO `network_segment` VALUES ('0023_0000000056', null, '0023_0000000056', null, '2019-12-24 09:05:58', null, '2019-12-18 06:31:12', '10.128.36.0/24_资源集合_GZ4P-SF-CS-APP', '37', '', '', '10.128.36.0/24', '0023_0000000124', '', '24', 'GZ4P-SF-CS-APP', '0030_0000000029', '0040_0000000098', '0018_0000000003');
INSERT INTO `network_segment` VALUES ('0023_0000000057', null, '0023_0000000057', null, '2019-12-24 08:46:30', null, '2019-12-18 06:32:33', '10.128.37.128/25_资源集合_GZ4P-SF-CS-CACHE', '37', '', '', '10.128.37.128/25', '0023_0000000124', '', '25', 'GZ4P-SF-CS-CACHE', '0030_0000000030', '0040_0000000098', '0018_0000000003');
INSERT INTO `network_segment` VALUES ('0023_0000000058', null, '0023_0000000058', null, '2019-12-24 08:45:39', null, '2019-12-18 06:33:30', '10.128.37.0/25_资源集合_GZ4P-SF-CS-DB', '37', '', '', '10.128.37.0/25', '0023_0000000124', '', '25', 'GZ4P-SF-CS-DB', '0030_0000000031', '0040_0000000098', '0018_0000000003');
INSERT INTO `network_segment` VALUES ('0023_0000000059', null, '0023_0000000059', null, '2019-12-24 08:44:46', null, '2019-12-18 06:34:18', '10.128.38.0/23_资源集合_GZ4P-SF-CS-BDP', '37', '', '', '10.128.38.0/23', '0023_0000000124', '', '23', 'GZ4P-SF-CS-BDP', '0030_0000000032', '0040_0000000098', '0018_0000000003');
INSERT INTO `network_segment` VALUES ('0023_0000000063', null, '0023_0000000063', null, '2019-12-24 08:43:50', null, '2019-12-18 06:41:05', '10.128.138.0/25_资源集合_GZ4P-DMZ-BZa-IN', '37', '', '', '10.128.138.0/25', '0023_0000000120', '', '25', 'GZ4P-DMZ-BZa-IN', '0030_0000000033', '0040_0000000098', '0018_0000000003');
INSERT INTO `network_segment` VALUES ('0023_0000000064', null, '0023_0000000064', null, '2019-12-24 08:42:52', null, '2019-12-18 06:41:54', '10.128.138.128/25_资源集合_GZ4P-DMZ-BZa-OUT', '37', '', '', '10.128.138.128/25', '0023_0000000120', '', '25', 'GZ4P-DMZ-BZa-OUT', '0030_0000000034', '0040_0000000098', '0018_0000000003');
INSERT INTO `network_segment` VALUES ('0023_0000000065', null, '0023_0000000065', null, '2019-12-24 08:39:52', null, '2019-12-18 06:42:44', '10.128.139.0/25_资源集合_GZ4P-DMZ-BZb-IN', '37', '', '', '10.128.139.0/25', '0023_0000000118', '', '25', 'GZ4P-DMZ-BZb-IN', '0030_0000000042', '0040_0000000098', '0018_0000000003');
INSERT INTO `network_segment` VALUES ('0023_0000000066', null, '0023_0000000066', null, '2019-12-24 08:39:07', null, '2019-12-18 06:44:20', '10.128.139.128/25_资源集合_GZ4P-DMZ-BZb-OUT', '37', '', '', '10.128.139.128/25', '0023_0000000118', '', '25', 'GZ4P-DMZ-BZb-OUT', '0030_0000000043', '0040_0000000098', '0018_0000000003');
INSERT INTO `network_segment` VALUES ('0023_0000000070', null, '0023_0000000070', null, '2019-12-24 08:38:20', null, '2019-12-18 06:48:08', '10.128.170.0/25_资源集合_GZ4P-ECN-BZa-OWN', '37', '', '', '10.128.170.0/25', '0023_0000000116', '', '25', 'GZ4P-ECN-BZa-OWN', '0030_0000000035', '0040_0000000098', '0018_0000000003');
INSERT INTO `network_segment` VALUES ('0023_0000000071', null, '0023_0000000071', null, '2019-12-24 08:37:32', null, '2019-12-18 06:49:03', '10.128.170.128/25_资源集合_GZ4P-ECN-BZa-NOWN', '37', '', '', '10.128.170.128/25', '0023_0000000116', '', '25', 'GZ4P-ECN-BZa-NOWN', '0030_0000000036', '0040_0000000098', '0018_0000000003');
INSERT INTO `network_segment` VALUES ('0023_0000000072', null, '0023_0000000072', null, '2019-12-24 10:48:06', null, '2019-12-18 06:50:08', '10.128.171.0/25_资源集合_GZ4P-ECN-BZb-OWN', '37', '', '', '10.128.171.0/25', '0023_0000000114', '', '25', 'GZ4P-ECN-BZb-OWN', '0030_0000000044', '0040_0000000098', '0018_0000000003');
INSERT INTO `network_segment` VALUES ('0023_0000000073', null, '0023_0000000073', null, '2019-12-24 08:33:29', null, '2019-12-18 06:50:54', '10.128.171.128/25_资源集合_GZ4P-ECN-BZb-NOWN', '37', '', '', '10.128.171.128/25', '0023_0000000114', '', '25', 'GZ4P-ECN-BZb-NOWN', '0030_0000000045', '0040_0000000098', '0018_0000000003');
INSERT INTO `network_segment` VALUES ('0023_0000000076', null, '0023_0000000076', null, '2019-12-24 08:32:46', null, '2019-12-18 06:53:33', '10.128.202.0/25_资源集合_GZ4P-MGMT-MT-APP', '37', '', '', '10.128.202.0/25', '0023_0000000122', '', '25', 'GZ4P-MGMT-MT-APP', '0030_0000000037', '0040_0000000098', '0018_0000000003');
INSERT INTO `network_segment` VALUES ('0023_0000000077', null, '0023_0000000077', null, '2019-12-24 08:31:53', null, '2019-12-18 06:54:28', '10.128.202.192/26_资源集合_GZ4P-MGMT-MT-CACHE', '37', '', '', '10.128.202.192/26', '0023_0000000122', '', '26', 'GZ4P-MGMT-MT-CACHE', '0030_0000000038', '0040_0000000098', '0018_0000000003');
INSERT INTO `network_segment` VALUES ('0023_0000000078', null, '0023_0000000078', null, '2019-12-24 08:31:07', null, '2019-12-18 06:55:20', '10.128.202.128/26_资源集合_GZ4P-MGMT-MT-DB', '37', '', '', '10.128.202.128/26', '0023_0000000122', '', '26', 'GZ4P-MGMT-MT-DB', '0030_0000000039', '0040_0000000098', '0018_0000000003');
INSERT INTO `network_segment` VALUES ('0023_0000000079', null, '0023_0000000079', null, '2019-12-24 08:25:52', null, '2019-12-18 06:56:03', '10.128.201.0/24_资源集合_GZ4P-MGMT-MT-BDP', '37', '', '', '10.128.201.0/24', '0023_0000000110', '', '24', 'GZ4P-MGMT-MT-BDP', '0030_0000000040', '0040_0000000098', '0018_0000000003');
INSERT INTO `network_segment` VALUES ('0023_0000000081', null, '0023_0000000081', null, '2019-12-24 08:23:12', null, '2019-12-18 06:58:37', '10.128.203.0/24_资源集合_GZ4P-MGMT-QZ-VDI', '37', '', '', '10.128.203.0/24', '0023_0000000112', '', '24', 'GZ4P-MGMT-QZ-VDI', '0030_0000000046', '0040_0000000098', '0018_0000000003');
INSERT INTO `network_segment` VALUES ('0023_0000000082', null, '0023_0000000082', null, '2019-12-24 10:28:41', null, '2019-12-19 10:32:00', '0.0.0.0/0_网络区域_WAN', '37', '', '', '0.0.0.0/0', '', '', '0', 'WAN', '0030_0000000048', '0040_0000000096', '0018_0000000002');
INSERT INTO `network_segment` VALUES ('0023_0000000083', null, '0023_0000000083', null, '2019-12-24 08:20:42', null, '2019-12-19 12:32:32', '10.128.0.0/23_资源集合_GZ3P-SF-CS-APPLB', '37', '', '', '10.128.0.0/23', '0023_0000000123', '', '23', 'GZ3P-SF-CS-APPLB', '0030_0000000054', '0040_0000000098', '0018_0000000001');
INSERT INTO `network_segment` VALUES ('0023_0000000084', null, '0023_0000000084', null, '2019-12-24 08:20:21', null, '2019-12-19 12:35:19', '10.128.32.0/23_资源集合_GZ4P-SF-CS-APPLB', '37', '', '', '10.128.32.0/23', '0023_0000000124', '', '23', 'GZ4P-SF-CS-APPLB', '0030_0000000054', '0040_0000000098', '0018_0000000003');
INSERT INTO `network_segment` VALUES ('0023_0000000085', null, '0023_0000000085', null, '2019-12-24 08:19:47', null, '2019-12-19 12:35:54', '10.128.128.0/24_资源集合_GZ3P-DMZ-CS-APPLB', '38', null, '', '10.128.128.0/24', '0023_0000000105', '', '24', 'GZ3P-DMZ-CS-APPLB', '0030_0000000055', '0040_0000000098', '0018_0000000001');
INSERT INTO `network_segment` VALUES ('0023_0000000086', null, '0023_0000000086', null, '2019-12-24 08:19:03', null, '2019-12-19 12:36:43', '10.128.136.0/24_资源集合_GZ4P-DMZ-CS-APPLB', '37', '', '', '10.128.136.0/24', '0023_0000000106', '', '24', 'GZ4P-DMZ-CS-APPLB', '0030_0000000055', '0040_0000000098', '0018_0000000003');
INSERT INTO `network_segment` VALUES ('0023_0000000087', null, '0023_0000000087', null, '2019-12-24 08:17:55', null, '2019-12-19 12:37:21', '10.128.160.0/24_资源集合_GZ3P-ECN-CS-APPLB', '37', '', '', '10.128.160.0/24', '0023_0000000107', '', '24', 'GZ3P-ECN-CS-APPLB', '0030_0000000056', '0040_0000000098', '0018_0000000001');
INSERT INTO `network_segment` VALUES ('0023_0000000088', null, '0023_0000000088', null, '2019-12-24 08:17:03', null, '2019-12-19 12:37:51', '10.128.168.0/24_资源集合_GZ4P-ECN-CS-APPLB', '37', '', '', '10.128.168.0/24', '0023_0000000108', '', '24', 'GZ4P-ECN-CS-APPLB', '0030_0000000056', '0040_0000000098', '0018_0000000003');
INSERT INTO `network_segment` VALUES ('0023_0000000089', null, '0023_0000000089', null, '2019-12-24 08:15:59', null, '2019-12-19 12:38:34', '10.128.192.0/25_资源集合_GZ3P-MGMT-CS-APPLB', '37', '', '', '10.128.192.0/25', '0023_0000000109', '', '25', 'GZ3P-MGMT-CS-APPLB', '0030_0000000057', '0040_0000000098', '0018_0000000001');
INSERT INTO `network_segment` VALUES ('0023_0000000090', null, '0023_0000000090', null, '2019-12-24 08:15:18', null, '2019-12-19 12:39:01', '10.128.200.0/25_资源集合_GZ4P-MGMT-CS-APPLB', '37', '', '', '10.128.200.0/25', '0023_0000000110', '', '25', 'GZ4P-MGMT-CS-APPLB', '0030_0000000057', '0040_0000000098', '0018_0000000003');
INSERT INTO `network_segment` VALUES ('0023_0000000091', null, '0023_0000000091', null, '2019-12-24 08:14:06', null, '2019-12-20 04:23:05', '10.128.2.0/23_资源集合_GZ3-SF-CS-DBLB', '37', '', '', '10.128.2.0/23', '0023_0000000123', '', '23', 'GZ3-SF-CS-DBLB', '0030_0000000058', '0040_0000000098', '0018_0000000001');
INSERT INTO `network_segment` VALUES ('0023_0000000092', null, '0023_0000000092', null, '2019-12-24 08:13:30', null, '2019-12-20 04:23:31', '10.128.34.0/23_资源集合_GZ4-SF-CS-DBLB', '37', '', '', '10.128.34.0/23', '0023_0000000124', '', '23', 'GZ4-SF-CS-DBLB', '0030_0000000058', '0040_0000000098', '0018_0000000003');
INSERT INTO `network_segment` VALUES ('0023_0000000093', null, '0023_0000000093', null, '2019-12-24 08:11:04', null, '2019-12-20 04:24:18', '10.128.192.128/25_资源集合_GZ3-MGMT-CS-DBLB', '37', '', '', '10.128.192.128/25', '0023_0000000109', '', '25', 'GZ3-MGMT-CS-DBLB', '0030_0000000059', '0040_0000000098', '0018_0000000001');
INSERT INTO `network_segment` VALUES ('0023_0000000094', null, '0023_0000000094', null, '2019-12-24 08:08:47', null, '2019-12-20 04:25:44', '10.128.200.128/25_资源集合_GZ4-MGMT-CS-DBLB', '37', '', '', '10.128.200.128/25', '0023_0000000110', '', '25', 'GZ4-MGMT-CS-DBLB', '0030_0000000059', '0040_0000000098', '0018_0000000003');
INSERT INTO `network_segment` VALUES ('0023_0000000096', null, '0023_0000000096', null, '2019-12-24 06:39:54', null, '2019-12-23 11:55:30', '10.128.0.0/19_网络区域_GZ3-SF', '37', '', '', '10.128.0.0/19', '0023_0000000003', '', '19', 'GZ3-SF', '0030_0000000003', '0040_0000000096', '0018_0000000001');
INSERT INTO `network_segment` VALUES ('0023_0000000097', null, '0023_0000000097', null, '2019-12-24 06:39:54', null, '2019-12-23 11:57:22', '10.128.32.0/19_网络区域_GZ4-SF', '37', '', '', '10.128.32.0/19', '0023_0000000003', '', '19', 'GZ4-SF', '0030_0000000003', '0040_0000000096', '0018_0000000003');
INSERT INTO `network_segment` VALUES ('0023_0000000098', null, '0023_0000000098', null, '2019-12-24 06:41:27', null, '2019-12-23 11:58:56', '10.128.128.0/21_网络区域_GZ3-DMZ', '37', '', '', '10.128.128.0/21', '0023_0000000017', '', '21', 'GZ3-DMZ', '0030_0000000005', '0040_0000000096', '0018_0000000001');
INSERT INTO `network_segment` VALUES ('0023_0000000099', null, '0023_0000000099', null, '2019-12-24 06:41:27', null, '2019-12-23 12:00:16', '10.128.136.0/21_网络区域_GZ4-DMZ', '37', '', '', '10.128.136.0/21', '0023_0000000017', '', '21', 'GZ4-DMZ', '0030_0000000005', '0040_0000000096', '0018_0000000003');
INSERT INTO `network_segment` VALUES ('0023_0000000100', null, '0023_0000000100', null, '2019-12-24 06:42:03', null, '2019-12-23 12:01:33', '10.128.160.0/21_网络区域_GZ3-ECN', '37', '', '', '10.128.160.0/21', '0023_0000000024', '', '21', 'GZ3-ECN', '0030_0000000006', '0040_0000000096', '0018_0000000001');
INSERT INTO `network_segment` VALUES ('0023_0000000101', null, '0023_0000000101', null, '2019-12-24 06:42:03', null, '2019-12-23 12:02:22', '10.128.168.0/21_网络区域_GZ4-ECN', '37', '', '', '10.128.168.0/21', '0023_0000000024', '', '21', 'GZ4-ECN', '0030_0000000006', '0040_0000000096', '0018_0000000003');
INSERT INTO `network_segment` VALUES ('0023_0000000102', null, '0023_0000000102', null, '2019-12-25 12:38:16', null, '2019-12-23 12:03:27', '10.128.192.0/21_网络区域_GZ3-MGMT', '37', '', '', '10.128.192.0/21', '0023_0000000031', '', '21', 'GZ3-MGMT', '0030_0000000004', '0040_0000000096', '0018_0000000001');
INSERT INTO `network_segment` VALUES ('0023_0000000103', null, '0023_0000000103', null, '2019-12-25 12:38:16', null, '2019-12-23 12:04:18', '10.128.200.0/21_网络区域_GZ4-MGMT', '37', '', '', '10.128.200.0/21', '0023_0000000031', '', '21', 'GZ4-MGMT', '0030_0000000004', '0040_0000000096', '0018_0000000003');
INSERT INTO `network_segment` VALUES ('0023_0000000104', null, '0023_0000000104', null, '2019-12-24 10:24:51', null, '2019-12-23 13:36:27', '0.0.0.0/0_资源集合_NDC-WAN-ALL-WANLB', '37', '', '', '0.0.0.0/0', '0023_0000000129', '', '0', 'NDC-WAN-ALL-WANLB', '0030_0000000071', '0040_0000000098', '0018_0000000002');
INSERT INTO `network_segment` VALUES ('0023_0000000105', null, '0023_0000000105', null, '2019-12-24 06:46:14', null, '2019-12-24 02:54:13', '10.128.128.0/23_业务区域_GZ3-DMZ-CS', '37', '', '', '10.128.128.0/23', '0023_0000000098', '', '23', 'GZ3-DMZ-CS', '0030_0000000067', '0040_0000000097', '0018_0000000001');
INSERT INTO `network_segment` VALUES ('0023_0000000106', null, '0023_0000000106', null, '2019-12-24 06:46:14', null, '2019-12-24 06:17:23', '10.128.136.0/23_业务区域_GZ4-DMZ-CS', '37', '', '', '10.128.136.0/23', '0023_0000000099', '', '23', 'GZ4-DMZ-CS', '0030_0000000067', '0040_0000000097', '0018_0000000003');
INSERT INTO `network_segment` VALUES ('0023_0000000107', null, '0023_0000000107', null, '2019-12-24 06:46:14', null, '2019-12-24 06:20:35', '10.128.160.0/23_业务区域_GZ3-ECN-CS', '37', '', '', '10.128.160.0/23', '0023_0000000100', '', '23', 'GZ3-ECN-CS', '0030_0000000066', '0040_0000000097', '0018_0000000001');
INSERT INTO `network_segment` VALUES ('0023_0000000108', null, '0023_0000000108', null, '2019-12-24 06:46:14', null, '2019-12-24 06:21:42', '10.128.168.0/23_业务区域_	 GZ4-ECN-CS', '37', '', '', '10.128.168.0/23', '0023_0000000101', '', '23', '	 GZ4-ECN-CS', '0030_0000000066', '0040_0000000097', '0018_0000000003');
INSERT INTO `network_segment` VALUES ('0023_0000000109', null, '0023_0000000109', null, '2019-12-24 07:50:11', null, '2019-12-24 06:24:36', '10.128.192.0/23_业务区域_GZ3-MGMT-CS', '37', '', '', '10.128.192.0/23', '0023_0000000102', '', '23', 'GZ3-MGMT-CS', '0030_0000000065', '0040_0000000097', '0018_0000000001');
INSERT INTO `network_segment` VALUES ('0023_0000000110', null, '0023_0000000110', null, '2019-12-24 06:46:14', null, '2019-12-24 06:25:33', '10.128.200.0/23_业务区域_GZ4-MGMT-CS', '37', '', '', '10.128.200.0/23', '0023_0000000103', '', '23', 'GZ4-MGMT-CS', '0030_0000000065', '0040_0000000097', '0018_0000000003');
INSERT INTO `network_segment` VALUES ('0023_0000000111', null, '0023_0000000111', null, '2019-12-24 07:50:11', null, '2019-12-24 06:28:45', '10.128.195.0/24_业务区域_GZ3-MGMT-QZ', '37', '', '', '10.128.195.0/24', '0023_0000000102', '', '24', 'GZ3-MGMT-QZ', '0030_0000000041', '0040_0000000097', '0018_0000000001');
INSERT INTO `network_segment` VALUES ('0023_0000000112', null, '0023_0000000112', null, '2019-12-24 06:46:14', null, '2019-12-24 06:30:03', '10.128.203.0/24_业务区域_GZ4-MGMT-QZ', '37', '', '', '10.128.203.0/24', '0023_0000000103', '', '24', 'GZ4-MGMT-QZ', '0030_0000000041', '0040_0000000097', '0018_0000000003');
INSERT INTO `network_segment` VALUES ('0023_0000000113', null, '0023_0000000113', null, '2019-12-24 07:50:11', null, '2019-12-24 06:40:44', '10.128.163.0/24_业务区域_GZ3-ECN-BZb', '37', '', '', '10.128.163.0/24', '0023_0000000100', '', '24', 'GZ3-ECN-BZb', '0030_0000000018', '0040_0000000097', '0018_0000000001');
INSERT INTO `network_segment` VALUES ('0023_0000000114', null, '0023_0000000114', null, '2019-12-24 08:16:56', null, '2019-12-24 06:42:00', '10.128.171.0/24_业务区域_GZ4-ECN-BZb', '37', '', '', '10.128.171.0/24', '0023_0000000101', '', '24', 'GZ4-ECN-BZb', '0030_0000000018', '0040_0000000097', '0018_0000000003');
INSERT INTO `network_segment` VALUES ('0023_0000000115', null, '0023_0000000115', null, '2019-12-24 07:50:10', null, '2019-12-24 06:43:42', '10.128.162.0/24_业务区域_GZ3-ECN-BZa', '37', '', '', '10.128.162.0/24', '0023_0000000100', '', '24', 'GZ3-ECN-BZa', '0030_0000000017', '0040_0000000097', '0018_0000000001');
INSERT INTO `network_segment` VALUES ('0023_0000000116', null, '0023_0000000116', null, '2019-12-24 06:46:14', null, '2019-12-24 06:44:44', '10.128.170.0/24_业务区域_GZ4-ECN-BZa', '37', '', '', '10.128.170.0/24', '0023_0000000101', '', '24', 'GZ4-ECN-BZa', '0030_0000000017', '0040_0000000097', '0018_0000000003');
INSERT INTO `network_segment` VALUES ('0023_0000000117', null, '0023_0000000117', null, '2019-12-24 07:50:10', null, '2019-12-24 06:46:10', '10.128.131.0/24_业务区域_GZ3-DMZ-BZb', '37', '', '', '10.128.131.0/24', '0023_0000000098', '', '24', 'GZ3-DMZ-BZb', '0030_0000000016', '0040_0000000097', '0018_0000000001');
INSERT INTO `network_segment` VALUES ('0023_0000000118', null, '0023_0000000118', null, '2019-12-24 06:47:51', null, '2019-12-24 06:47:51', '10.128.139.0/24_业务区域_GZ4-DMZ-BZb', '37', '', '', '10.128.139.0/24', '0023_0000000099', '', '24', 'GZ4-DMZ-BZb', '0030_0000000016', '0040_0000000097', '0018_0000000003');
INSERT INTO `network_segment` VALUES ('0023_0000000119', null, '0023_0000000119', null, '2019-12-24 07:50:10', null, '2019-12-24 06:49:43', '10.128.130.0/24_业务区域_GZ3-DMZ-BZa', '37', '', '', '10.128.130.0/24', '0023_0000000098', '', '24', 'GZ3-DMZ-BZa', '0030_0000000015', '0040_0000000097', '0018_0000000001');
INSERT INTO `network_segment` VALUES ('0023_0000000120', null, '0023_0000000120', null, '2019-12-24 06:50:28', null, '2019-12-24 06:50:28', '10.128.138.0/24_业务区域_GZ4-DMZ-BZa', '37', '', '', '10.128.138.0/24', '0023_0000000099', '', '24', 'GZ4-DMZ-BZa', '0030_0000000015', '0040_0000000097', '0018_0000000003');
INSERT INTO `network_segment` VALUES ('0023_0000000121', null, '0023_0000000121', null, '2019-12-24 07:50:10', null, '2019-12-24 06:52:09', '10.128.194.0/24_业务区域_GZ3-MGMT-MT', '37', '', '', '10.128.194.0/24', '0023_0000000102', '', '24', 'GZ3-MGMT-MT', '0030_0000000014', '0040_0000000097', '0018_0000000001');
INSERT INTO `network_segment` VALUES ('0023_0000000122', null, '0023_0000000122', null, '2019-12-24 06:53:00', null, '2019-12-24 06:53:00', '10.128.202.0/24_业务区域_GZ4-MGMT-MT', '37', '', '', '10.128.202.0/24', '0023_0000000103', '', '24', 'GZ4-MGMT-MT', '0030_0000000014', '0040_0000000097', '0018_0000000003');
INSERT INTO `network_segment` VALUES ('0023_0000000123', null, '0023_0000000123', null, '2019-12-24 07:50:10', null, '2019-12-24 06:54:29', '10.128.0.0/21_业务区域_GZ3-SF-CS', '37', '', '', '10.128.0.0/21', '0023_0000000096', '', '21', 'GZ3-SF-CS', '0030_0000000013', '0040_0000000097', '0018_0000000001');
INSERT INTO `network_segment` VALUES ('0023_0000000124', null, '0023_0000000124', null, '2019-12-24 06:55:22', null, '2019-12-24 06:55:22', '10.128.32.0/21_业务区域_GZ4-SF-CS', '37', '', '', '10.128.32.0/21', '0023_0000000097', '', '21', 'GZ4-SF-CS', '0030_0000000013', '0040_0000000097', '0018_0000000003');
INSERT INTO `network_segment` VALUES ('0023_0000000125', null, '0023_0000000125', null, '2019-12-24 07:50:10', null, '2019-12-24 06:56:39', '10.128.9.0/24_业务区域_GZ3-SF-BZb', '37', '', '', '10.128.9.0/24', '0023_0000000096', '', '24', 'GZ3-SF-BZb', '0030_0000000012', '0040_0000000097', '0018_0000000001');
INSERT INTO `network_segment` VALUES ('0023_0000000126', null, '0023_0000000126', null, '2019-12-24 06:58:22', null, '2019-12-24 06:58:22', '10.128.41.0/24_业务区域_GZ4-SF-BZb', '37', '', '', '10.128.41.0/24', '0023_0000000097', '', '24', 'GZ4-SF-BZb', '0030_0000000012', '0040_0000000097', '0018_0000000003');
INSERT INTO `network_segment` VALUES ('0023_0000000127', null, '0023_0000000127', null, '2019-12-24 07:50:10', null, '2019-12-24 06:59:25', '10.128.8.0/24_业务区域_GZ3-SF-BZa', '37', '', '', '10.128.8.0/24', '0023_0000000096', '', '24', 'GZ3-SF-BZa', '0030_0000000011', '0040_0000000097', '0018_0000000001');
INSERT INTO `network_segment` VALUES ('0023_0000000128', null, '0023_0000000128', null, '2019-12-24 07:00:31', null, '2019-12-24 07:00:31', '10.128.40.0/24_业务区域_GZ4-SF-BZa', '37', '', '', '10.128.40.0/24', '0023_0000000097', '', '24', 'GZ4-SF-BZa', '0030_0000000011', '0040_0000000097', '0018_0000000003');
INSERT INTO `network_segment` VALUES ('0023_0000000129', null, '0023_0000000129', null, '2019-12-24 10:28:41', null, '2019-12-24 07:06:40', '0.0.0.0/0_业务区域_NDC-WAN-ALL', '37', '', '', '0.0.0.0/0', '0023_0000000137', '', '0', 'NDC-WAN-ALL', '0030_0000000069', '0040_0000000097', '0018_0000000002');
INSERT INTO `network_segment` VALUES ('0023_0000000130', null, '0023_0000000130', null, '2019-12-24 10:22:58', null, '2019-12-24 07:18:03', '10.1.0.0/20_业务区域_NDC-OPN-ALL', '37', '', '', '10.1.0.0/20', '0023_0000000041', '', '20', 'NDC-OPN-ALL', '0030_0000000022', '0040_0000000097', '0018_0000000002');
INSERT INTO `network_segment` VALUES ('0023_0000000131', null, '0023_0000000131', null, '2019-12-24 07:26:55', null, '2019-12-24 07:26:55', '10.2.1.0/24_网络区域_PTN', '37', '', '', '10.2.1.0/24', '0023_0000000037', '', '24', 'PTN', '0030_0000000010', '0040_0000000096', '0018_0000000002');
INSERT INTO `network_segment` VALUES ('0023_0000000132', null, '0023_0000000132', null, '2019-12-24 10:22:58', null, '2019-12-24 07:27:51', '10.2.1.0/24_业务区域_NDC-PTN-ALL', '37', '', '', '10.2.1.0/24', '0023_0000000131', '', '24', 'NDC-PTN-ALL', '0030_0000000021', '0040_0000000097', '0018_0000000002');
INSERT INTO `network_segment` VALUES ('0023_0000000133', null, '0023_0000000085', null, '2019-12-24 07:42:15', null, '2019-12-19 12:35:54', '10.128.128.0/24_资源集合_GZ3P-DMZ-CS-APPLB', '37', '2019-12-24 07:42:14', '', '10.128.128.0/24', '0023_0000000017', '', '24', 'GZ3P-DMZ-CS-APPLB', '0030_0000000055', '0040_0000000098', '0018_0000000001');
INSERT INTO `network_segment` VALUES ('0023_0000000134', null, '0023_0000000052', null, '2019-12-24 07:46:05', null, '2019-12-18 06:25:35', '10.128.36.128/25_资源集合_GZ4P-SF-BZb-APP', '37', '2019-12-24 07:46:04', '', '10.128.36.128/25', '0023_0000000003', '', '25', 'GZ4P-SF-BZb-APP', '0030_0000000026', '0040_0000000098', '0018_0000000003');
INSERT INTO `network_segment` VALUES ('0023_0000000137', null, '0023_0000000137', null, '2019-12-24 10:24:51', null, '2019-12-24 10:18:54', '0.0.0.0/0_网络区域_NDC-WAN', '37', '', '', '0.0.0.0/0', '0023_0000000037', '', '0', 'NDC-WAN', '0030_0000000048', '0040_0000000096', '0018_0000000002');
INSERT INTO `network_segment` VALUES ('0023_0000000138', null, '0023_0000000138', null, '2019-12-24 10:40:25', null, '2019-12-24 10:40:25', '0.0.0.0/0_资源集合_NDC-WAN-ALL-WS', '37', '', '', '0.0.0.0/0', '0023_0000000129', '', '0', 'NDC-WAN-ALL-WS', '0030_0000000070', '0040_0000000098', '0018_0000000002');

-- ----------------------------
-- Records of network_segment_design
-- ----------------------------
INSERT INTO `network_segment_design` VALUES ('0030_0000000001', null, '0030_0000000001', null, '2019-12-22 09:16:01', null, '2019-12-15 15:14:31', '10.*.0.0/16_数据中心_', '34', '', '', '10.*.0.0/16', '', '0', '', '0040_0000000095', '0025_0000000001');
INSERT INTO `network_segment_design` VALUES ('0030_0000000003', null, '0030_0000000003', null, '2019-12-24 06:39:54', null, '2019-12-15 15:21:22', '10.*.[0,32,64,96].0/19_网络区域_SF', '34', '', '', '10.*.[0,32,64,96].0/19', '0030_0000000001', '19', 'SF', '0040_0000000096', '0025_0000000001');
INSERT INTO `network_segment_design` VALUES ('0030_0000000004', null, '0030_0000000004', null, '2019-12-25 12:38:16', null, '2019-12-15 15:23:45', '10.*.[192,200,208,216].0/21_网络区域_MGMT', '34', '', '', '10.*.[192,200,208,216].0/21', '0030_0000000001', '21', 'MGMT', '0040_0000000096', '0025_0000000001');
INSERT INTO `network_segment_design` VALUES ('0030_0000000005', null, '0030_0000000005', null, '2019-12-24 06:41:27', null, '2019-12-15 15:24:56', '10.*.[128,136,144,152].0/21_网络区域_DMZ', '34', '', '', '10.*.[128,136,144,152].0/21', '0030_0000000001', '21', 'DMZ', '0040_0000000096', '0025_0000000001');
INSERT INTO `network_segment_design` VALUES ('0030_0000000006', null, '0030_0000000006', null, '2019-12-24 06:42:03', null, '2019-12-15 15:25:43', '10.*.[160,168,176,184].0/21_网络区域_ECN', '34', '', '', '10.*.[160,168,176,184].0/21', '0030_0000000001', '21', 'ECN', '0040_0000000096', '0025_0000000001');
INSERT INTO `network_segment_design` VALUES ('0030_0000000009', null, '0030_0000000009', null, '2019-12-22 09:16:49', null, '2019-12-15 15:36:57', '10.1.0.0/20_网络区域_OPN', '34', '', '', '10.1.0.0/20', '0030_0000000001', '20', 'OPN', '0040_0000000096', '0025_0000000001');
INSERT INTO `network_segment_design` VALUES ('0030_0000000010', null, '0030_0000000010', null, '2019-12-24 07:19:36', null, '2019-12-15 15:39:17', '10.2.1.0/24_网络区域_PTN', '34', '', '', '10.2.1.0/24', '0030_0000000001', '24', 'PTN', '0040_0000000096', '0025_0000000001');
INSERT INTO `network_segment_design` VALUES ('0030_0000000011', null, '0030_0000000011', null, '2019-12-24 06:48:38', null, '2019-12-15 15:42:32', '10.*.[8,40,72,104].0/24_业务区域_SF-BZa', '34', '', '', '10.*.[8,40,72,104].0/24', '0030_0000000003', '24', 'SF-BZa', '0040_0000000097', '0025_0000000001');
INSERT INTO `network_segment_design` VALUES ('0030_0000000012', null, '0030_0000000012', null, '2019-12-24 06:48:38', null, '2019-12-15 15:43:19', '10.*.[9,41,73,105].0/24_业务区域_SF-BZb', '34', '', '', '10.*.[9,41,73,105].0/24', '0030_0000000003', '24', 'SF-BZb', '0040_0000000097', '0025_0000000001');
INSERT INTO `network_segment_design` VALUES ('0030_0000000013', null, '0030_0000000013', null, '2019-12-24 06:48:38', null, '2019-12-15 15:47:49', '10.*.[0,32,64,96].0/21_业务区域_SF-CS', '34', '', '', '10.*.[0,32,64,96].0/21', '0030_0000000003', '21', 'SF-CS', '0040_0000000097', '0025_0000000001');
INSERT INTO `network_segment_design` VALUES ('0030_0000000014', null, '0030_0000000014', null, '2019-12-24 06:48:38', null, '2019-12-15 15:50:46', '10.*.[194,202,210,218].0/24_业务区域_MGMT-MT', '34', '', '', '10.*.[194,202,210,218].0/24', '0030_0000000004', '24', 'MGMT-MT', '0040_0000000097', '0025_0000000001');
INSERT INTO `network_segment_design` VALUES ('0030_0000000015', null, '0030_0000000015', null, '2019-12-24 06:48:38', null, '2019-12-15 15:51:35', '10.*.[130,138,146,154].0/24_业务区域_DMZ-BZa', '34', '', '', '10.*.[130,138,146,154].0/24', '0030_0000000005', '24', 'DMZ-BZa', '0040_0000000097', '0025_0000000001');
INSERT INTO `network_segment_design` VALUES ('0030_0000000016', null, '0030_0000000016', null, '2019-12-24 06:46:15', null, '2019-12-15 15:52:38', '10.*.[131,139,147,155].0/24_业务区域_DMZ-BZb', '34', '', '', '10.*.[131,139,147,155].0/24', '0030_0000000005', '24', 'DMZ-BZb', '0040_0000000097', '0025_0000000001');
INSERT INTO `network_segment_design` VALUES ('0030_0000000017', null, '0030_0000000017', null, '2019-12-24 06:46:14', null, '2019-12-15 15:53:24', '10.*.[162,170,178,186].0/24_业务区域_ECN-BZa', '34', '', '', '10.*.[162,170,178,186].0/24', '0030_0000000006', '24', 'ECN-BZa', '0040_0000000097', '0025_0000000001');
INSERT INTO `network_segment_design` VALUES ('0030_0000000018', null, '0030_0000000018', null, '2019-12-24 06:46:14', null, '2019-12-15 15:53:57', '10.*.[163,171,179,187].0/24_业务区域_ECN-BZb', '34', '', '', '10.*.[163,171,179,187].0/24', '0030_0000000006', '24', 'ECN-BZb', '0040_0000000097', '0025_0000000001');
INSERT INTO `network_segment_design` VALUES ('0030_0000000021', null, '0030_0000000021', null, '2019-12-24 06:46:14', null, '2019-12-15 16:00:39', '10.2.1.0/24_业务区域_PTN-ALL', '34', '', '', '10.2.1.0/24', '0030_0000000010', '24', 'PTN-ALL', '0040_0000000097', '0025_0000000001');
INSERT INTO `network_segment_design` VALUES ('0030_0000000022', null, '0030_0000000022', null, '2019-12-24 06:46:14', null, '2019-12-15 16:03:32', '10.1.[0,32,64,96].0/20_业务区域_OPN-ALL', '34', '', '', '10.1.[0,32,64,96].0/20', '0030_0000000009', '20', 'OPN-ALL', '0040_0000000097', '0025_0000000001');
INSERT INTO `network_segment_design` VALUES ('0030_0000000023', null, '0030_0000000023', null, '2019-12-24 07:02:20', null, '2019-12-15 16:18:40', '10.*.[8,40,72,104].0/25_资源集合_SF-BZa-APP', '34', '', '', '10.*.[8,40,72,104].0/25', '0030_0000000011', '25', 'SF-BZa-APP', '0040_0000000098', '0025_0000000001');
INSERT INTO `network_segment_design` VALUES ('0030_0000000024', null, '0030_0000000024', null, '2019-12-24 07:02:20', null, '2019-12-15 16:20:19', '10.*.[8,40,72,104].192/26_资源集合_SF-BZa-CACHE', '34', '', '', '10.*.[8,40,72,104].192/26', '0030_0000000011', '26', 'SF-BZa-CACHE', '0040_0000000098', '0025_0000000001');
INSERT INTO `network_segment_design` VALUES ('0030_0000000025', null, '0030_0000000025', null, '2019-12-24 07:02:20', null, '2019-12-15 16:21:02', '10.*.[8,40,72,104].128/26_资源集合_SF-BZa-DB', '34', '', '', '10.*.[8,40,72,104].128/26', '0030_0000000011', '26', 'SF-BZa-DB', '0040_0000000098', '0025_0000000001');
INSERT INTO `network_segment_design` VALUES ('0030_0000000026', null, '0030_0000000026', null, '2019-12-24 07:02:20', null, '2019-12-15 16:22:21', '10.*.[9,41,73,105].0/25_资源集合_SF-BZb-APP', '34', '', '', '10.*.[9,41,73,105].0/25', '0030_0000000012', '25', 'SF-BZb-APP', '0040_0000000098', '0025_0000000001');
INSERT INTO `network_segment_design` VALUES ('0030_0000000027', null, '0030_0000000027', null, '2019-12-24 07:02:19', null, '2019-12-15 16:22:54', '10.*.[9,41,73,105].192/26_资源集合_SF-BZb-CACHE', '34', '', '', '10.*.[9,41,73,105].192/26', '0030_0000000012', '26', 'SF-BZb-CACHE', '0040_0000000098', '0025_0000000001');
INSERT INTO `network_segment_design` VALUES ('0030_0000000028', null, '0030_0000000028', null, '2019-12-24 07:02:19', null, '2019-12-15 16:23:25', '10.*.[9,41,73,105].128/26_资源集合_SF-BZb-DB', '34', '', '', '10.*.[9,41,73,105].128/26', '0030_0000000012', '26', 'SF-BZb-DB', '0040_0000000098', '0025_0000000001');
INSERT INTO `network_segment_design` VALUES ('0030_0000000029', null, '0030_0000000029', null, '2019-12-24 07:02:19', null, '2019-12-15 16:24:38', '10.*.[4,36,68,100].0/24_资源集合_SF-CS-APP', '34', '', '', '10.*.[4,36,68,100].0/24', '0030_0000000013', '24', 'SF-CS-APP', '0040_0000000098', '0025_0000000001');
INSERT INTO `network_segment_design` VALUES ('0030_0000000030', null, '0030_0000000030', null, '2019-12-24 06:59:42', null, '2019-12-15 16:25:08', '10.*.[5,37,69,101].128/25_资源集合_SF-CS-CACHE', '34', '', '', '10.*.[5,37,69,101].128/25', '0030_0000000013', '25', 'SF-CS-CACHE', '0040_0000000098', '0025_0000000001');
INSERT INTO `network_segment_design` VALUES ('0030_0000000031', null, '0030_0000000031', null, '2019-12-24 06:59:42', null, '2019-12-15 16:25:41', '10.*.[5,37,69,101].0/25_资源集合_SF-CS-DB', '34', '', '', '10.*.[5,37,69,101].0/25', '0030_0000000013', '25', 'SF-CS-DB', '0040_0000000098', '0025_0000000001');
INSERT INTO `network_segment_design` VALUES ('0030_0000000032', null, '0030_0000000032', null, '2019-12-24 06:59:42', null, '2019-12-15 16:38:23', '10.*.[6,38,70,102].0/23_资源集合_SF-CS-BDP', '34', '', '', '10.*.[6,38,70,102].0/23', '0030_0000000013', '23', 'SF-CS-BDP', '0040_0000000098', '0025_0000000001');
INSERT INTO `network_segment_design` VALUES ('0030_0000000033', null, '0030_0000000033', null, '2019-12-24 06:59:41', null, '2019-12-15 16:40:14', '10.*.[130,138,146,174].0/25_资源集合_DMZ-BZa-IN', '34', '', '', '10.*.[130,138,146,174].0/25', '0030_0000000015', '25', 'DMZ-BZa-IN', '0040_0000000098', '0025_0000000001');
INSERT INTO `network_segment_design` VALUES ('0030_0000000034', null, '0030_0000000034', null, '2019-12-24 06:59:41', null, '2019-12-15 16:40:59', '10.*.[130,138,146,174].128/25_资源集合_DMZ-BZa-OUT', '34', '', '', '10.*.[130,138,146,174].128/25', '0030_0000000015', '25', 'DMZ-BZa-OUT', '0040_0000000098', '0025_0000000001');
INSERT INTO `network_segment_design` VALUES ('0030_0000000035', null, '0030_0000000035', null, '2019-12-24 06:59:41', null, '2019-12-15 16:45:03', '10.*.[162,170,178,186].0/25_资源集合_ECN-BZa-OWN', '34', '', '', '10.*.[162,170,178,186].0/25', '0030_0000000017', '25', 'ECN-BZa-OWN', '0040_0000000098', '0025_0000000001');
INSERT INTO `network_segment_design` VALUES ('0030_0000000036', null, '0030_0000000036', null, '2019-12-24 06:59:41', null, '2019-12-15 16:46:36', '10.*.[162,170,178,186].128/25_资源集合_ECN-BZa-NOWN', '34', '', '', '10.*.[162,170,178,186].128/25', '0030_0000000017', '25', 'ECN-BZa-NOWN', '0040_0000000098', '0025_0000000001');
INSERT INTO `network_segment_design` VALUES ('0030_0000000037', null, '0030_0000000037', null, '2019-12-24 06:59:41', null, '2019-12-15 16:47:52', '10.*.[194,202,210,218].0/25_资源集合_MGMT-MT-APP', '34', '', '', '10.*.[194,202,210,218].0/25', '0030_0000000014', '25', 'MGMT-MT-APP', '0040_0000000098', '0025_0000000001');
INSERT INTO `network_segment_design` VALUES ('0030_0000000038', null, '0030_0000000038', null, '2019-12-24 06:59:40', null, '2019-12-15 16:48:14', '10.*.[194,202,210,218].192/26_资源集合_MGMT-MT-CACHE', '34', '', '', '10.*.[194,202,210,218].192/26', '0030_0000000014', '26', 'MGMT-MT-CACHE', '0040_0000000098', '0025_0000000001');
INSERT INTO `network_segment_design` VALUES ('0030_0000000039', null, '0030_0000000039', null, '2019-12-24 06:59:40', null, '2019-12-15 16:48:35', '10.*.[194,202,210,218].128/26_资源集合_MGMT-MT-DB', '34', '', '', '10.*.[194,202,210,218].128/26', '0030_0000000014', '26', 'MGMT-MT-DB', '0040_0000000098', '0025_0000000001');
INSERT INTO `network_segment_design` VALUES ('0030_0000000040', null, '0030_0000000040', null, '2019-12-24 06:57:16', null, '2019-12-15 16:49:16', '10.*.[193,201,209,217].0/24_资源集合_MGMT-CS-BDP', '34', '', '', '10.*.[193,201,209,217].0/24', '0030_0000000065', '24', 'MGMT-CS-BDP', '0040_0000000098', '0025_0000000001');
INSERT INTO `network_segment_design` VALUES ('0030_0000000041', null, '0030_0000000041', null, '2019-12-24 06:46:14', null, '2019-12-16 09:24:12', '10.*.[195,203,211,219].0/24_业务区域_MGMT-QZ', '34', '', '', '10.*.[195,203,211,219].0/24', '0030_0000000004', '24', 'MGMT-QZ', '0040_0000000097', '0025_0000000001');
INSERT INTO `network_segment_design` VALUES ('0030_0000000042', null, '0030_0000000042', null, '2019-12-24 06:57:15', null, '2019-12-16 10:57:22', '10.*.[131,139,147,155].0/25_资源集合_DMZ-BZb-IN', '34', '', '', '10.*.[131,139,147,155].0/25', '0030_0000000016', '25', 'DMZ-BZb-IN', '0040_0000000098', '0025_0000000001');
INSERT INTO `network_segment_design` VALUES ('0030_0000000043', null, '0030_0000000043', null, '2019-12-24 06:57:15', null, '2019-12-16 10:59:40', '10.*.[131,139,147,155].128/25_资源集合_DMZ-BZb-OUT', '34', '', '', '10.*.[131,139,147,155].128/25', '0030_0000000016', '25', 'DMZ-BZb-OUT', '0040_0000000098', '0025_0000000001');
INSERT INTO `network_segment_design` VALUES ('0030_0000000044', null, '0030_0000000044', null, '2019-12-24 06:57:15', null, '2019-12-16 11:19:31', '10.*.[163,171,179,187].0/25_资源集合_ECN-BZb-OWN', '34', '', '', '10.*.[163,171,179,187].0/25', '0030_0000000018', '25', 'ECN-BZb-OWN', '0040_0000000098', '0025_0000000001');
INSERT INTO `network_segment_design` VALUES ('0030_0000000045', null, '0030_0000000045', null, '2019-12-24 06:57:15', null, '2019-12-16 11:20:10', '10.*.[163,171,179,187].128/25_资源集合_ECN-BZb-NOWN', '34', '', '', '10.*.[163,171,179,187].128/25', '0030_0000000018', '25', 'ECN-BZb-NOWN', '0040_0000000098', '0025_0000000001');
INSERT INTO `network_segment_design` VALUES ('0030_0000000046', null, '0030_0000000046', null, '2019-12-24 06:57:15', null, '2019-12-16 11:29:02', '10.*.[195,203,211,219].0/24_资源集合_MGMT-QZ-VDI', '34', '', '', '10.*.[195,203,211,219].0/24', '0030_0000000041', '24', 'MGMT-QZ-VDI', '0040_0000000098', '0025_0000000001');
INSERT INTO `network_segment_design` VALUES ('0030_0000000048', null, '0030_0000000048', null, '2019-12-23 11:35:53', null, '2019-12-16 11:50:03', '0.0.0.0/0_网络区域_WAN', '34', '', '', '0.0.0.0/0', '', '0', 'WAN', '0040_0000000096', '0025_0000000001');
INSERT INTO `network_segment_design` VALUES ('0030_0000000052', null, '0030_0000000052', null, '2019-12-24 06:57:15', null, '2019-12-17 02:22:13', '10.1.0.0/24_资源集合_OPN-ALL-VC', '34', '', '', '10.1.0.0/24', '0030_0000000022', '24', 'OPN-ALL-VC', '0040_0000000098', '0025_0000000001');
INSERT INTO `network_segment_design` VALUES ('0030_0000000053', null, '0030_0000000053', null, '2019-12-24 06:57:14', null, '2019-12-17 02:26:09', '10.2.1.0/28_资源集合_PTN-ALL-FRONT', '34', '', '', '10.2.1.0/28', '0030_0000000021', '24', 'PTN-ALL-FRONT', '0040_0000000098', '0025_0000000001');
INSERT INTO `network_segment_design` VALUES ('0030_0000000054', null, '0030_0000000054', null, '2019-12-24 06:57:14', null, '2019-12-19 11:43:28', '10.*.[0,32,64,96].0/23_资源集合_SF-CS-APPLB', '34', '', '', '10.*.[0,32,64,96].0/23', '0030_0000000013', '23', 'SF-CS-APPLB', '0040_0000000098', '0025_0000000001');
INSERT INTO `network_segment_design` VALUES ('0030_0000000055', null, '0030_0000000055', null, '2019-12-24 06:57:14', null, '2019-12-19 11:46:10', '10.*.[128,136,144,152].0/24_资源集合_DMZ-CS-APPLB', '34', '', '', '10.*.[128,136,144,152].0/24', '0030_0000000067', '24', 'DMZ-CS-APPLB', '0040_0000000098', '0025_0000000001');
INSERT INTO `network_segment_design` VALUES ('0030_0000000056', null, '0030_0000000056', null, '2019-12-24 06:53:29', null, '2019-12-19 11:49:40', '10.*.[160,168,176,184].0/24_资源集合_ECN-CS-APPLB', '34', '', '', '10.*.[160,168,176,184].0/24', '0030_0000000066', '24', 'ECN-CS-APPLB', '0040_0000000098', '0025_0000000001');
INSERT INTO `network_segment_design` VALUES ('0030_0000000057', null, '0030_0000000057', null, '2019-12-24 06:53:29', null, '2019-12-19 11:51:16', '10.*.[192,200,208,216].0/25_资源集合_MGMT-CS-APPLB', '34', '', '', '10.*.[192,200,208,216].0/25', '0030_0000000065', '25', 'MGMT-CS-APPLB', '0040_0000000098', '0025_0000000001');
INSERT INTO `network_segment_design` VALUES ('0030_0000000058', null, '0030_0000000058', null, '2019-12-24 06:53:29', null, '2019-12-19 20:12:59', '10.*.[2,34,66,98].0/23_资源集合_SF-CS-DBLB', '34', '', '', '10.*.[2,34,66,98].0/23', '0030_0000000013', '23', 'SF-CS-DBLB', '0040_0000000098', '0025_0000000001');
INSERT INTO `network_segment_design` VALUES ('0030_0000000059', null, '0030_0000000059', null, '2019-12-24 06:53:29', null, '2019-12-19 20:13:52', '10.*.[192,200,208,216].128/25_资源集合_MGMT-CS-DBLB', '34', '', '', '10.*.[192,200,208,216].128/25', '0030_0000000065', '25', 'MGMT-CS-DBLB', '0040_0000000098', '0025_0000000001');
INSERT INTO `network_segment_design` VALUES ('0030_0000000060', null, '0030_0000000060', null, '2019-12-24 06:53:29', null, '2019-12-20 03:40:12', '10.*.[129,137,145,153].129.0/25_资源集合_DMZ-CS-IN', '34', '', '', '10.*.[129,137,145,153].129.0/25', '0030_0000000067', '25', 'DMZ-CS-IN', '0040_0000000098', '0025_0000000001');
INSERT INTO `network_segment_design` VALUES ('0030_0000000061', null, '0030_0000000061', null, '2019-12-24 06:53:29', null, '2019-12-20 03:40:46', '10.*.[129,137,145,153].128/25_资源集合_DMZ-CS-OUT', '34', '', '', '10.*.[129,137,145,153].128/25', '0030_0000000067', '25', 'DMZ-CS-OUT', '0040_0000000098', '0025_0000000001');
INSERT INTO `network_segment_design` VALUES ('0030_0000000062', null, '0030_0000000062', null, '2019-12-24 06:53:29', null, '2019-12-20 03:42:46', '10.*.[161,169,177,185].128/25_资源集合_ECN-CS-NOWN', '34', '', '', '10.*.[161,169,177,185].128/25', '0030_0000000066', '25', 'ECN-CS-NOWN', '0040_0000000098', '0025_0000000001');
INSERT INTO `network_segment_design` VALUES ('0030_0000000063', null, '0030_0000000063', null, '2019-12-24 06:53:28', null, '2019-12-20 03:43:28', '10.*.[161,169,177,185].0/25_资源集合_ECN-CS-OWN', '34', '', '', '10.*.[161,169,177,185].0/25', '0030_0000000066', '25', 'ECN-CS-OWN', '0040_0000000098', '0025_0000000001');
INSERT INTO `network_segment_design` VALUES ('0030_0000000065', null, '0030_0000000065', null, '2019-12-24 06:46:14', null, '2019-12-20 16:18:11', '10.*.[192,200,208,216].0/23_业务区域_MGMT-CS', '34', '', '', '10.*.[192,200,208,216].0/23', '0030_0000000004', '22', 'MGMT-CS', '0040_0000000097', '0025_0000000001');
INSERT INTO `network_segment_design` VALUES ('0030_0000000066', null, '0030_0000000066', null, '2019-12-24 06:46:14', null, '2019-12-20 16:25:27', '10.*.[160,168,174,152].0/23_业务区域_ECN-CS', '34', '', '', '10.*.[160,168,174,152].0/23', '0030_0000000006', '23', 'ECN-CS', '0040_0000000097', '0025_0000000001');
INSERT INTO `network_segment_design` VALUES ('0030_0000000067', null, '0030_0000000067', null, '2019-12-24 06:46:14', null, '2019-12-20 16:26:55', '10.*.[128,136,144,152].0/23_业务区域_DMZ-CS', '34', '', '', '10.*.[128,136,144,152].0/23', '0030_0000000005', '23', 'DMZ-CS', '0040_0000000097', '0025_0000000001');
INSERT INTO `network_segment_design` VALUES ('0030_0000000069', null, '0030_0000000069', null, '2019-12-24 06:46:13', null, '2019-12-23 13:29:00', '0.0.0.0/0_业务区域_WAN-ALL', '34', '', '', '0.0.0.0/0', '0030_0000000048', '0', 'WAN-ALL', '0040_0000000097', '0025_0000000001');
INSERT INTO `network_segment_design` VALUES ('0030_0000000070', null, '0030_0000000070', null, '2019-12-24 06:53:28', null, '2019-12-23 13:30:32', '0.0.0.0/0_资源集合_WAN-ALL-ALL', '34', '', '', '0.0.0.0/0', '0030_0000000069', '0', 'WAN-ALL-ALL', '0040_0000000098', '0025_0000000001');
INSERT INTO `network_segment_design` VALUES ('0030_0000000071', null, '0030_0000000071', null, '2019-12-24 06:53:28', null, '2019-12-23 13:33:07', '0.0.0.0/0_资源集合_WAN-ALL-WANLB', '34', '', '', '0.0.0.0/0', '0030_0000000069', '0', 'WAN-ALL-WANLB', '0040_0000000098', '0025_0000000001');

-- ----------------------------
-- Records of network_zone
-- ----------------------------
INSERT INTO `network_zone` VALUES ('0019_0000000001', '0019_0000000032', '0019_0000000001', null, '2019-12-31 05:08:34', null, '2019-12-16 02:17:17', 'GZP_SF', '38', '2019-12-31 05:08:33', '', 'SF', '0018_0000000004', '业务网络区域', '0023_0000000003', '0026_0000000001', '0040_0000000080', null, '0040_0000000379', 'vpc-6b27f6zr', 'sg-0cb9zcnb', 'rtb-ewot6u12');
INSERT INTO `network_zone` VALUES ('0019_0000000002', '0019_0000000033', '0019_0000000002', null, '2019-12-31 05:08:34', null, '2019-12-17 17:33:16', 'GZP_DMZ', '38', '2019-12-31 05:08:33', '', 'DMZ', '0018_0000000004', '广域网络连接区域', '0023_0000000017', '0026_0000000003', '0040_0000000079', null, '0040_0000000379', 'vpc-jotfouct', 'sg-b3y6jlxh', 'rtb-9fn5rz8m');
INSERT INTO `network_zone` VALUES ('0019_0000000003', '0019_0000000037', '0019_0000000003', null, '2020-01-10 02:46:27', null, '2019-12-17 17:34:01', 'GZP_ECN', '38', '2020-01-10 02:46:26', '', 'ECN', '0018_0000000004', '伙伴网络接入区域', '0023_0000000024', '0026_0000000004', '0040_0000000079', null, '0040_0000000379', 'vpc-6zzot79l', 'sg-4f9cghpr', 'rtb-kpuo97ya');
INSERT INTO `network_zone` VALUES ('0019_0000000004', '0019_0000000036', '0019_0000000004', null, '2020-01-10 02:46:27', null, '2019-12-17 17:34:34', 'GZP_MGMT', '38', '2020-01-10 02:46:26', '', 'MGMT', '0018_0000000004', '运营操作网络区域', '0023_0000000031', '0026_0000000002', '0040_0000000079', null, '0040_0000000379', 'vpc-mnd798i7', 'sg-9so3kv3j', 'rtb-o4y8okzy');
INSERT INTO `network_zone` VALUES ('0019_0000000005', null, '0019_0000000005', null, '2019-12-24 10:27:29', null, '2019-12-17 17:41:43', 'NDC_WAN', '37', '', '', 'WAN', '0018_0000000002', '广域网', '0023_0000000137', '0026_0000000006', '0040_0000000078', null, '0040_0000000380', null, null, null);
INSERT INTO `network_zone` VALUES ('0019_0000000006', null, '0019_0000000006', null, '2019-12-17 18:16:59', null, '2019-12-17 17:48:58', 'NDC_OPN', '37', '', '', 'OPN', '0018_0000000002', '运营操作网络区域', '0023_0000000041', '0026_0000000007', '0040_0000000078', null, null, null, null, null);
INSERT INTO `network_zone` VALUES ('0019_0000000011', null, '0019_0000000011', null, '2019-12-24 07:36:03', null, '2019-12-24 07:34:55', 'GZP3_SF', '37', '', '', 'SF', '0018_0000000001', '广州3业务网络区域', '0023_0000000096', '0026_0000000001', null, '0019_0000000001', '0040_0000000380', null, null, null);
INSERT INTO `network_zone` VALUES ('0019_0000000012', null, '0019_0000000012', null, '2019-12-24 07:36:51', null, '2019-12-24 07:36:51', 'GZP3_DMZ', '37', '', '', 'DMZ', '0018_0000000001', '广州3广域网连接区域', '0023_0000000098', '0026_0000000003', null, '0019_0000000002', '0040_0000000380', null, null, null);
INSERT INTO `network_zone` VALUES ('0019_0000000013', null, '0019_0000000013', null, '2019-12-24 07:37:33', null, '2019-12-24 07:37:33', 'GZP3_ECN', '37', '', '', 'ECN', '0018_0000000001', '广州3伙伴网络连接区域', '0023_0000000100', '0026_0000000004', null, '0019_0000000003', '0040_0000000380', null, null, null);
INSERT INTO `network_zone` VALUES ('0019_0000000014', null, '0019_0000000014', null, '2019-12-24 07:40:24', null, '2019-12-24 07:40:24', 'GZP3_MGMT', '37', '', '', 'MGMT', '0018_0000000001', '广州3运营操作网络连接区域', '0023_0000000102', '0026_0000000002', null, '0019_0000000004', '0040_0000000380', null, null, null);
INSERT INTO `network_zone` VALUES ('0019_0000000015', null, '0019_0000000015', null, '2019-12-24 07:41:54', null, '2019-12-24 07:41:54', 'GZP4_SF', '37', '', '', 'SF', '0018_0000000003', '广州4业务网络区域', '0023_0000000097', '0026_0000000001', null, '0019_0000000001', '0040_0000000380', null, null, null);
INSERT INTO `network_zone` VALUES ('0019_0000000016', null, '0019_0000000016', null, '2019-12-24 07:42:37', null, '2019-12-24 07:42:37', 'GZP4_DMZ', '37', '', '', 'DMZ', '0018_0000000003', '广州4广域网络连接区域', '0023_0000000099', '0026_0000000003', null, '0019_0000000002', '0040_0000000380', null, null, null);
INSERT INTO `network_zone` VALUES ('0019_0000000017', null, '0019_0000000017', null, '2019-12-24 07:43:14', null, '2019-12-24 07:43:14', 'GZP4_ECN', '37', '', '', 'ECN', '0018_0000000003', '广州4伙伴网络连接区域', '0023_0000000101', '0026_0000000004', null, '0019_0000000003', '0040_0000000380', null, null, null);
INSERT INTO `network_zone` VALUES ('0019_0000000018', null, '0019_0000000018', null, '2019-12-24 07:43:49', null, '2019-12-24 07:43:49', 'GZP4_MGMT', '37', '', '', 'MGMT', '0018_0000000003', '广州4运营操作网络连接区域', '0023_0000000103', '0026_0000000002', null, '0019_0000000004', '0040_0000000380', null, null, null);
INSERT INTO `network_zone` VALUES ('0019_0000000019', null, '0019_0000000019', null, '2019-12-26 07:42:52', null, '2019-12-26 07:42:52', 'NDC_PTN', '37', '', '', 'PTN', '0018_0000000002', '合作伙伴网', '0023_0000000131', '0026_0000000008', null, '', '0040_0000000380', '', '', '');
INSERT INTO `network_zone` VALUES ('0019_0000000020', null, '0019_0000000001', null, '2019-12-27 07:10:14', null, '2019-12-16 02:17:17', 'GZP_SF', '37', '2019-12-27 07:01:34', '', 'SF', '0018_0000000004', '业务网络区域', '0023_0000000003', '0026_0000000001', '0040_0000000080', null, '0040_0000000379', 'vpc-6b27f6zr', 'sg-0cb9zcnb', 'rtb-ewot6u12');
INSERT INTO `network_zone` VALUES ('0019_0000000021', null, '0019_0000000002', null, '2019-12-27 07:10:14', null, '2019-12-17 17:33:16', 'GZP_DMZ', '37', '2019-12-27 07:01:34', '', 'DMZ', '0018_0000000004', '广域网络连接区域', '0023_0000000017', '0026_0000000003', '0040_0000000079', null, '0040_0000000379', 'vpc-jotfouct', 'sg-b3y6jlxh', 'rtb-9fn5rz8m');
INSERT INTO `network_zone` VALUES ('0019_0000000022', null, '0019_0000000003', null, '2019-12-27 07:10:14', null, '2019-12-17 17:34:01', 'GZP_ECN', '37', '2019-12-27 07:01:34', '', 'ECN', '0018_0000000004', '伙伴网络接入区域', '0023_0000000024', '0026_0000000004', '0040_0000000079', null, '0040_0000000379', 'vpc-6zzot79l', 'sg-4f9cghpr', 'rtb-kpuo97ya');
INSERT INTO `network_zone` VALUES ('0019_0000000023', null, '0019_0000000004', null, '2019-12-27 07:10:14', null, '2019-12-17 17:34:34', 'GZP_MGMT', '37', '2019-12-27 07:01:34', '', 'MGMT', '0018_0000000004', '运营操作网络区域', '0023_0000000031', '0026_0000000002', '0040_0000000079', null, '0040_0000000379', 'vpc-mnd798i7', 'sg-9so3kv3j', 'rtb-o4y8okzy');
INSERT INTO `network_zone` VALUES ('0019_0000000024', null, '0019_0000000001', null, '2019-12-27 07:28:53', null, '2019-12-16 02:17:17', 'GZP_SF', '38', '2019-12-27 07:10:17', '', 'SF', '0018_0000000004', '业务网络区域', '0023_0000000003', '0026_0000000001', '0040_0000000080', null, '0040_0000000379', 'vpc-6b27f6zr', 'sg-0cb9zcnb', 'rtb-ewot6u12');
INSERT INTO `network_zone` VALUES ('0019_0000000025', null, '0019_0000000002', null, '2019-12-27 07:28:53', null, '2019-12-17 17:33:16', 'GZP_DMZ', '38', '2019-12-27 07:10:17', '', 'DMZ', '0018_0000000004', '广域网络连接区域', '0023_0000000017', '0026_0000000003', '0040_0000000079', null, '0040_0000000379', 'vpc-jotfouct', 'sg-b3y6jlxh', 'rtb-9fn5rz8m');
INSERT INTO `network_zone` VALUES ('0019_0000000026', null, '0019_0000000003', null, '2019-12-27 07:28:53', null, '2019-12-17 17:34:01', 'GZP_ECN', '38', '2019-12-27 07:10:17', '', 'ECN', '0018_0000000004', '伙伴网络接入区域', '0023_0000000024', '0026_0000000004', '0040_0000000079', null, '0040_0000000379', 'vpc-6zzot79l', 'sg-4f9cghpr', 'rtb-kpuo97ya');
INSERT INTO `network_zone` VALUES ('0019_0000000027', null, '0019_0000000004', null, '2019-12-27 07:28:54', null, '2019-12-17 17:34:34', 'GZP_MGMT', '38', '2019-12-27 07:10:17', '', 'MGMT', '0018_0000000004', '运营操作网络区域', '0023_0000000031', '0026_0000000002', '0040_0000000079', null, '0040_0000000379', 'vpc-mnd798i7', 'sg-9so3kv3j', 'rtb-o4y8okzy');
INSERT INTO `network_zone` VALUES ('0019_0000000028', null, '0019_0000000001', null, '2019-12-27 07:44:55', null, '2019-12-16 02:17:17', 'GZP_SF', '38', '2019-12-27 07:28:56', '', 'SF', '0018_0000000004', '业务网络区域', '0023_0000000003', '0026_0000000001', '0040_0000000080', null, '0040_0000000379', 'vpc-6b27f6zr', 'sg-0cb9zcnb', 'rtb-ewot6u12');
INSERT INTO `network_zone` VALUES ('0019_0000000029', null, '0019_0000000002', null, '2019-12-27 07:44:55', null, '2019-12-17 17:33:16', 'GZP_DMZ', '38', '2019-12-27 07:28:56', '', 'DMZ', '0018_0000000004', '广域网络连接区域', '0023_0000000017', '0026_0000000003', '0040_0000000079', null, '0040_0000000379', 'vpc-jotfouct', 'sg-b3y6jlxh', 'rtb-9fn5rz8m');
INSERT INTO `network_zone` VALUES ('0019_0000000030', null, '0019_0000000003', null, '2019-12-27 07:44:56', null, '2019-12-17 17:34:01', 'GZP_ECN', '38', '2019-12-27 07:28:56', '', 'ECN', '0018_0000000004', '伙伴网络接入区域', '0023_0000000024', '0026_0000000004', '0040_0000000079', null, '0040_0000000379', 'vpc-6zzot79l', 'sg-4f9cghpr', 'rtb-kpuo97ya');
INSERT INTO `network_zone` VALUES ('0019_0000000031', null, '0019_0000000004', null, '2019-12-27 07:44:56', null, '2019-12-17 17:34:34', 'GZP_MGMT', '38', '2019-12-27 07:28:56', '', 'MGMT', '0018_0000000004', '运营操作网络区域', '0023_0000000031', '0026_0000000002', '0040_0000000079', null, '0040_0000000379', 'vpc-mnd798i7', 'sg-9so3kv3j', 'rtb-o4y8okzy');
INSERT INTO `network_zone` VALUES ('0019_0000000032', null, '0019_0000000001', null, '2019-12-31 05:08:30', null, '2019-12-16 02:17:17', 'GZP_SF', '38', '2019-12-27 07:44:58', '', 'SF', '0018_0000000004', '业务网络区域', '0023_0000000003', '0026_0000000001', '0040_0000000080', null, '0040_0000000379', 'vpc-6b27f6zr', 'sg-0cb9zcnb', 'rtb-ewot6u12');
INSERT INTO `network_zone` VALUES ('0019_0000000033', null, '0019_0000000002', null, '2019-12-31 05:08:30', null, '2019-12-17 17:33:16', 'GZP_DMZ', '38', '2019-12-27 07:44:58', '', 'DMZ', '0018_0000000004', '广域网络连接区域', '0023_0000000017', '0026_0000000003', '0040_0000000079', null, '0040_0000000379', 'vpc-jotfouct', 'sg-b3y6jlxh', 'rtb-9fn5rz8m');
INSERT INTO `network_zone` VALUES ('0019_0000000034', null, '0019_0000000003', null, '2019-12-31 05:08:30', null, '2019-12-17 17:34:01', 'GZP_ECN', '38', '2019-12-27 07:44:58', '', 'ECN', '0018_0000000004', '伙伴网络接入区域', '0023_0000000024', '0026_0000000004', '0040_0000000079', null, '0040_0000000379', 'vpc-6zzot79l', 'sg-4f9cghpr', 'rtb-kpuo97ya');
INSERT INTO `network_zone` VALUES ('0019_0000000035', null, '0019_0000000004', null, '2019-12-31 05:08:31', null, '2019-12-17 17:34:34', 'GZP_MGMT', '38', '2019-12-27 07:44:59', '', 'MGMT', '0018_0000000004', '运营操作网络区域', '0023_0000000031', '0026_0000000002', '0040_0000000079', null, '0040_0000000379', 'vpc-mnd798i7', 'sg-9so3kv3j', 'rtb-o4y8okzy');
INSERT INTO `network_zone` VALUES ('0019_0000000036', '0019_0000000035', '0019_0000000004', null, '2020-01-10 02:46:25', null, '2019-12-17 17:34:34', 'GZP_MGMT', '38', '2019-12-31 05:08:33', '', 'MGMT', '0018_0000000004', '运营操作网络区域', '0023_0000000031', '0026_0000000002', '0040_0000000079', null, '0040_0000000379', 'vpc-mnd798i7', 'sg-9so3kv3j', 'rtb-o4y8okzy');
INSERT INTO `network_zone` VALUES ('0019_0000000037', '0019_0000000034', '0019_0000000003', null, '2020-01-10 02:46:25', null, '2019-12-17 17:34:01', 'GZP_ECN', '38', '2019-12-31 05:08:33', '', 'ECN', '0018_0000000004', '伙伴网络接入区域', '0023_0000000024', '0026_0000000004', '0040_0000000079', null, '0040_0000000379', 'vpc-6zzot79l', 'sg-4f9cghpr', 'rtb-kpuo97ya');

-- ----------------------------
-- Records of network_zone_design
-- ----------------------------
INSERT INTO `network_zone_design` VALUES ('0026_0000000001', null, '0026_0000000001', null, '2019-12-19 11:52:14', null, '2019-12-15 16:06:22', 'V1_SF', '34', '', '核心运维网络区域', 'SF', '0025_0000000001', '0030_0000000003', '0040_0000000080');
INSERT INTO `network_zone_design` VALUES ('0026_0000000002', null, '0026_0000000002', null, '2019-12-19 11:52:14', null, '2019-12-15 16:06:46', 'V1_MGMT', '34', '', '管理工具网络区域', 'MGMT', '0025_0000000001', '0030_0000000004', '0040_0000000079');
INSERT INTO `network_zone_design` VALUES ('0026_0000000003', null, '0026_0000000003', null, '2019-12-19 11:52:13', null, '2019-12-15 16:06:57', 'V1_DMZ', '34', '', '广域网接入网络区域', 'DMZ', '0025_0000000001', '0030_0000000005', '0040_0000000079');
INSERT INTO `network_zone_design` VALUES ('0026_0000000004', null, '0026_0000000004', null, '2019-12-19 11:52:13', null, '2019-12-15 16:07:07', 'V1_ECN', '34', '', '伙伴接入网络区域', 'ECN', '0025_0000000001', '0030_0000000006', '0040_0000000079');
INSERT INTO `network_zone_design` VALUES ('0026_0000000006', null, '0026_0000000006', null, '2019-12-19 11:52:36', null, '2019-12-15 16:07:50', 'V1_WAN', '34', '', '广域网络区域', 'WAN', '0025_0000000001', '0030_0000000048', '0040_0000000078');
INSERT INTO `network_zone_design` VALUES ('0026_0000000007', null, '0026_0000000007', null, '2019-12-17 18:16:59', null, '2019-12-15 16:08:26', 'V1_OPN', '34', '', '运维操作网络区域', 'OPN', '0025_0000000001', '0030_0000000009', '0040_0000000078');
INSERT INTO `network_zone_design` VALUES ('0026_0000000008', null, '0026_0000000008', null, '2019-12-15 16:11:21', null, '2019-12-15 16:11:21', 'V1_PTN', '34', '', '伙伴网络区域', 'PTN', '0025_0000000001', '0030_0000000010', '0040_0000000078');

-- ----------------------------
-- Records of network_zone_link
-- ----------------------------
INSERT INTO `network_zone_link` VALUES ('0020_0000000001', null, '0020_0000000001', null, '2019-12-31 05:08:42', null, '2019-12-17 17:51:24', 'GZP_MGMT-link-GZP_SF', '37', '', '', 'MGMT-SF', 'pcx-qrpxm11y', null, '', '5', '0019_0000000004', '0019_0000000001', '0027_0000000002', '0040_0000000101', '');
INSERT INTO `network_zone_link` VALUES ('0020_0000000002', null, '0020_0000000002', null, '2020-01-08 02:17:55', null, '2019-12-17 17:53:02', 'GZP_DMZ-link-GZP_SF', '37', '2020-01-08 02:17:54', '', 'DMZ-SF', 'pcx-i07a4y4a', null, '', '5', '0019_0000000002', '0019_0000000001', '0027_0000000003', '0040_0000000101', '');
INSERT INTO `network_zone_link` VALUES ('0020_0000000003', null, '0020_0000000003', null, '2019-12-31 05:08:43', null, '2019-12-17 17:53:26', 'GZP_ECN-link-GZP_SF', '37', '', '', 'ECN-SF', 'pcx-ajw686xi', null, '', '5', '0019_0000000003', '0019_0000000001', '0027_0000000004', '0040_0000000101', '');
INSERT INTO `network_zone_link` VALUES ('0020_0000000004', null, '0020_0000000004', null, '2019-12-31 05:08:43', null, '2019-12-17 17:53:51', 'GZP_MGMT-link-GZP_ECN', '37', '', '', 'MGMT-ECN', 'pcx-n5pqevxy', null, '', '5', '0019_0000000004', '0019_0000000003', '0027_0000000008', '0040_0000000101', '');
INSERT INTO `network_zone_link` VALUES ('0020_0000000005', null, '0020_0000000005', null, '2019-12-31 05:08:43', null, '2019-12-17 17:54:13', 'GZP_DMZ-link-GZP_MGMT', '37', '', '', 'DMZ-MGMT', 'pcx-6hnedrqs', null, '', '5', '0019_0000000002', '0019_0000000004', '0027_0000000009', '0040_0000000101', '');
INSERT INTO `network_zone_link` VALUES ('0020_0000000007', null, '0020_0000000007', null, '2019-12-21 11:25:35', null, '2019-12-17 17:55:09', 'NDC_OPN-link-GZP_MGMT', '37', '', '', 'OPS-MGMT', '', null, '', '5', '0019_0000000006', '0019_0000000004', '0027_0000000005', '0040_0000000324', '');
INSERT INTO `network_zone_link` VALUES ('0020_0000000015', null, '0020_0000000015', null, '2019-12-31 05:16:30', null, '2019-12-18 08:43:12', 'NDC_WAN-link-GZP_DMZ', '37', '', '', 'DMZ-WAN', '', '10000', '', '10', '0019_0000000005', '0019_0000000002', '0027_0000000010', '0040_0000000102', '');
INSERT INTO `network_zone_link` VALUES ('0020_0000000017', null, '0020_0000000017', null, '2019-12-26 07:43:53', null, '2019-12-26 07:43:53', 'GZP_ECN-link-NDC_PTN', '37', '', '', 'ECN-PTN', '', null, '', '5', '0019_0000000003', '0019_0000000019', '0027_0000000007', null, '');


-- ----------------------------
-- Records of network_zone_link_design
-- ----------------------------
INSERT INTO `network_zone_link_design` VALUES ('0027_0000000002', null, '0027_0000000002', null, '2019-12-15 16:12:38', null, '2019-12-15 16:12:38', 'V1_MGMT-link-V1_SF', '34', '', '', 'MGMT-SF', '0026_0000000002', '0026_0000000001', '0040_0000000101');
INSERT INTO `network_zone_link_design` VALUES ('0027_0000000003', null, '0027_0000000003', null, '2019-12-15 16:12:56', null, '2019-12-15 16:12:56', 'V1_DMZ-link-V1_SF', '34', '', '', 'DMZ-SF', '0026_0000000003', '0026_0000000001', '0040_0000000101');
INSERT INTO `network_zone_link_design` VALUES ('0027_0000000004', null, '0027_0000000004', null, '2019-12-15 16:13:14', null, '2019-12-15 16:13:14', 'V1_ECN-link-V1_SF', '34', '', '', 'ECN-SF', '0026_0000000004', '0026_0000000001', '0040_0000000101');
INSERT INTO `network_zone_link_design` VALUES ('0027_0000000005', null, '0027_0000000005', null, '2019-12-18 08:41:05', null, '2019-12-15 16:13:42', 'V1_OPN-link-V1_MGMT', '34', '', '', 'OPN-MGMT', '0026_0000000007', '0026_0000000002', '0040_0000000324');
INSERT INTO `network_zone_link_design` VALUES ('0027_0000000007', null, '0027_0000000007', null, '2019-12-18 08:40:10', null, '2019-12-15 16:14:40', 'V1_PTN-link-V1_ECN', '34', '', '', 'PTN-ECN', '0026_0000000008', '0026_0000000004', '0040_0000000256');
INSERT INTO `network_zone_link_design` VALUES ('0027_0000000008', null, '0027_0000000008', null, '2019-12-15 16:15:02', null, '2019-12-15 16:15:02', 'V1_MGMT-link-V1_ECN', '34', '', '', 'MGMT-ECN', '0026_0000000002', '0026_0000000004', '0040_0000000101');
INSERT INTO `network_zone_link_design` VALUES ('0027_0000000009', null, '0027_0000000009', null, '2019-12-15 16:17:11', null, '2019-12-15 16:15:20', 'V1_DMZ-link-V1_MGMT', '34', '', '', 'DMZ-MGMT', '0026_0000000003', '0026_0000000002', '0040_0000000101');
INSERT INTO `network_zone_link_design` VALUES ('0027_0000000010', null, '0027_0000000010', null, '2019-12-31 04:49:06', null, '2019-12-18 08:35:51', 'V1_WAN-link-V1_DMZ', '34', '', '', 'DMZ-WAN', '0026_0000000006', '0026_0000000003', '0040_0000000102');


-- ----------------------------
-- Records of resource_instance
-- ----------------------------
INSERT INTO `resource_instance` VALUES ('0015_0000000009', null, '0015_0000000009', null, '2019-12-24 10:00:21', null, '2019-12-24 04:07:24', 'GZP3_MGMT_MT_APP_10.128.194.10', '40', '', '', '10.128.194.10', '', '0', '0040_0000000077', '0040_0000000128', '', null, '0017_0000000037', '22', '', 'host2', '0040_0000000123', '0040_0000000110', '0022_0000000019', '0040_0000000274', '100', '0040_0000000064', 'root', 'mock1234', '', null);
INSERT INTO `resource_instance` VALUES ('0015_0000000013', '0015_0000000029', '0015_0000000013', 'SYS_PLATFORM', '2020-01-15 08:01:37', null, '2019-12-30 02:20:18', 'GZP3_SF_CS_APP_10.128.4.14', '42', '2020-01-14 04:52:38', '', '10.128.4.14', 'ins-qfcccs3o', '0', '0040_0000000077', '0040_0000000128', '1', null, '0017_0000000013', '22', '2', 'testhsot1', '0040_0000000122', '0040_0000000110', '0022_0000000007', '0040_0000000274', '50', '0040_0000000064', 'root', '{cipher_a}071936644a7e3fd04fea916693ff270b', '', null);
INSERT INTO `resource_instance` VALUES ('0015_0000000014', null, '0015_0000000014', 'SYS_PLATFORM', '2020-01-10 13:09:06', null, '2019-12-30 03:39:40', 'GZP3_SF_CS_APP_10.128.4.15', '40', '', '', '10.128.4.15', 'ins-i07lobyc', '0', '0040_0000000077', '0040_0000000128', '1', null, '0017_0000000014', '22', '2', 'testhost2', '0040_0000000122', '0040_0000000110', '0022_0000000007', '0040_0000000274', '50', '0040_0000000064', 'root', '{cipher_a}01b582b443fb0b0797dab36d10b791db', '', null);
INSERT INTO `resource_instance` VALUES ('0015_0000000015', null, '0015_0000000015', 'mockadmin', '2020-01-10 13:46:14', null, '2019-12-30 04:27:22', 'GZP3_SF_CS_DB_10.128.5.3', '40', '2020-01-02 06:36:40', '', '10.128.5.3', 'cdb-1yxnv8hv', '0', '0040_0000000077', '0040_0000000131', '', null, '0017_0000000017', '3306', '', 'testdb1', '0040_0000000124', '0040_0000000112', '0022_0000000009', '0040_0000000119', '30', '0040_0000000066', 'root', 'adfb2b5ac76b12d90b994b15cecf27c0', '', null);
INSERT INTO `resource_instance` VALUES ('0015_0000000016', null, '0015_0000000013', null, '2019-12-30 09:53:22', null, '2019-12-30 02:20:18', 'GZP3_SF_CS_APP_10.128.4.10', '40', '2019-12-30 04:24:33', '', '10.128.4.10', 'ins-kavtoccq', '0', '0040_0000000077', '0040_0000000128', '1', null, '0017_0000000013', '22', '2', 'testhsot1', '0040_0000000122', '0040_0000000110', '0022_0000000007', '0040_0000000274', '50', '0040_0000000064', 'root', '071936644a7e3fd04fea916693ff270b', '', null);
INSERT INTO `resource_instance` VALUES ('0015_0000000017', null, '0015_0000000017', null, '2020-01-08 01:51:11', null, '2020-01-06 03:00:19', 'GZP3_SF_CS_DBLB_10.128.2.10', '40', '2020-01-06 03:13:59', '', '10.128.2.10', 'lb-pcc2yb52', '0', '0040_0000000077', '0040_0000000357', '', null, '0017_0000000108', '', '', 'dblb1', '0040_0000000346', '0040_0000000343', '0022_0000000051', '0040_0000000347', '', '0040_0000000341', '', '', '', null);
INSERT INTO `resource_instance` VALUES ('0015_0000000018', null, '0015_0000000018', null, '2020-01-08 03:31:40', null, '2020-01-06 04:35:19', 'GZP3_SF_CS_APPLB_10.128.0.3', '40', '2020-01-06 04:36:02', '', '10.128.0.3', 'lb-0rvdfmtc', '0', '0040_0000000077', '0040_0000000356', '', null, '0017_0000000102', '', '', 'applb1', '0040_0000000345', '0040_0000000342', '0022_0000000064', '0040_0000000344', '', '0040_0000000340', '', '', '', null);
INSERT INTO `resource_instance` VALUES ('0015_0000000019', null, '0015_0000000019', null, '2020-01-08 01:15:40', null, '2020-01-06 09:52:02', 'GZP3_SF_CS_APP_10.128.4.12', '40', '2020-01-08 01:15:40', '', '10.128.4.12', 'ins-r0llrj7w', '0', '0040_0000000077', '0040_0000000128', '1', null, '0017_0000000109', '22', '2', 'testhost3', '0040_0000000122', '0040_0000000110', '0022_0000000007', '0040_0000000274', '50', '0040_0000000064', 'root', '6a48bbcd59b22ff28b72bd428c7d9afd', '', null);
INSERT INTO `resource_instance` VALUES ('0015_0000000020', '0015_0000000025', '0015_0000000020', 'mockadmin', '2020-01-10 13:46:14', null, '2020-01-07 10:15:48', 'GZP3_SF_CS_DB_10.128.5.10', '42', null, '', '10.128.5.10', 'cdb-ihvk8xk1', '0', '0040_0000000077', '0040_0000000131', '', null, '0017_0000000018', '3306', '', 'db1', '0040_0000000124', '0040_0000000112', '0022_0000000009', '0040_0000000119', '50', '0040_0000000066', 'root', '{cipher_a}de7a43c511a3be9108d802e6fd5635de', '', null);
INSERT INTO `resource_instance` VALUES ('0015_0000000021', '0015_0000000016', '0015_0000000013', null, '2020-01-02 09:55:42', null, '2019-12-30 02:20:18', 'GZP3_SF_CS_APP_10.128.4.10', '41', '2020-01-02 09:55:42', '', '10.128.4.10', 'ins-kavtoccq', '0', '0040_0000000077', '0040_0000000128', '1', null, '0017_0000000013', '22', '2', 'testhsot1', '0040_0000000122', '0040_0000000110', '0022_0000000007', '0040_0000000274', '50', '0040_0000000064', 'root', '071936644a7e3fd04fea916693ff270b', '', null);
INSERT INTO `resource_instance` VALUES ('0015_0000000022', null, '0015_0000000020', null, '2020-01-09 06:18:36', null, '2020-01-07 10:15:48', 'GZP3_SF_CS_DB_10.128.5.5', '40', '2020-01-07 10:19:10', '', '10.128.5.5', 'cdb-s1d1qsub', '0', '0040_0000000077', '0040_0000000131', '', null, '0017_0000000018', '3306', '', 'db1', '0040_0000000124', '0040_0000000112', '0022_0000000009', '0040_0000000119', '50', '0040_0000000066', 'root', 'de7a43c511a3be9108d802e6fd5635de', '', null);
INSERT INTO `resource_instance` VALUES ('0015_0000000023', '0015_0000000022', '0015_0000000020', null, '2020-01-09 06:24:44', null, '2020-01-07 10:15:48', 'GZP3_SF_CS_DB_10.128.5.3', '41', '2020-01-09 06:22:56', '', '10.128.5.3', 'cdb-s1d1qsub', '0', '0040_0000000077', '0040_0000000131', '', null, '0017_0000000018', '3306', '', 'db1', '0040_0000000124', '0040_0000000112', '0022_0000000009', '0040_0000000119', '50', '0040_0000000066', 'root', 'de7a43c511a3be9108d802e6fd5635de', '', null);
INSERT INTO `resource_instance` VALUES ('0015_0000000024', '0015_0000000023', '0015_0000000020', 'SYS_PLATFORM', '2020-01-10 10:21:21', null, '2020-01-07 10:15:48', 'GZP3_SF_CS_DB_10.128.5.3', '42', '2020-01-09 06:38:53', '', '10.128.5.3', 'cdb-2ejd3hol', '0', '0040_0000000077', '0040_0000000131', '', null, '0017_0000000018', '3306', '', 'db1', '0040_0000000124', '0040_0000000112', '0022_0000000009', '0040_0000000119', '50', '0040_0000000066', 'root', 'a13830f01234a4bc007b959c4d81949627661b0eb542f559e7ac19b6d2ff1544945451bc00593360c451920a6bccc4fb', '', null);
INSERT INTO `resource_instance` VALUES ('0015_0000000025', '0015_0000000024', '0015_0000000020', 'mockadmin', '2020-01-10 10:23:19', null, '2020-01-07 10:15:48', 'GZP3_SF_CS_DB_10.128.5.3', '41', '2020-01-10 10:23:19', '', '10.128.5.3', 'cdb-2ejd3hol', '0', '0040_0000000077', '0040_0000000131', '', null, '0017_0000000018', '3306', '', 'db1', '0040_0000000124', '0040_0000000112', '0022_0000000009', '0040_0000000119', '50', '0040_0000000066', 'root', 'a13830f01234a4bc007b959c4d81949627661b0eb542f559e7ac19b6d2ff1544945451bc00593360c451920a6bccc4fb', '', null);
INSERT INTO `resource_instance` VALUES ('0015_0000000028', '0015_0000000021', '0015_0000000013', 'mockadmin', '2020-01-14 04:46:25', null, '2019-12-30 02:20:18', 'GZP3_SF_CS_APP_10.128.4.14', '42', '2020-01-14 04:38:46', '', '10.128.4.14', 'ins-eh0e2ci6', '0', '0040_0000000077', '0040_0000000128', '1', null, '0017_0000000013', '22', '2', 'testhsot1', '0040_0000000122', '0040_0000000110', '0022_0000000007', '0040_0000000274', '50', '0040_0000000064', 'root', '{cipher_a}071936644a7e3fd04fea916693ff270b', '', null);
INSERT INTO `resource_instance` VALUES ('0015_0000000029', '0015_0000000028', '0015_0000000013', 'mockadmin', '2020-01-14 04:46:29', null, '2019-12-30 02:20:18', 'GZP3_SF_CS_APP_10.128.4.14', '41', '2020-01-14 04:46:29', '', '10.128.4.14', 'ins-eh0e2ci6', '0', '0040_0000000077', '0040_0000000128', '1', null, '0017_0000000013', '22', '2', 'testhsot1', '0040_0000000122', '0040_0000000110', '0022_0000000007', '0040_0000000274', '50', '0040_0000000064', 'root', '{cipher_a}071936644a7e3fd04fea916693ff270b', '', null);


-- ----------------------------
-- Records of resource_set
-- ----------------------------
INSERT INTO `resource_set` VALUES ('0022_0000000001', null, '0022_0000000001', null, '2019-12-25 02:36:31', null, '2019-12-16 02:22:15', 'GZP3_SF_BZa_APP', '37', '', '', 'APP', '0021_0000000001', '0040_0000000087', '', '0040_0000000277', '', '0023_0000000005', '0029_0000000001', null, null);
INSERT INTO `resource_set` VALUES ('0022_0000000002', null, '0022_0000000002', null, '2019-12-24 08:39:28', null, '2019-12-17 18:03:40', 'GZP3_SF_BZa_CACHE', '37', '', '', 'CACHE', '0021_0000000001', '0040_0000000091', '', null, '', '0023_0000000006', '0029_0000000003', null, null);
INSERT INTO `resource_set` VALUES ('0022_0000000003', null, '0022_0000000003', null, '2019-12-24 08:39:28', null, '2019-12-17 18:04:53', 'GZP3_SF_BZa_DB', '37', '', '', 'DB', '0021_0000000001', '0040_0000000089', '', null, '', '0023_0000000007', '0029_0000000004', null, null);
INSERT INTO `resource_set` VALUES ('0022_0000000004', null, '0022_0000000004', null, '2019-12-25 02:20:15', null, '2019-12-17 18:06:37', 'GZP3_SF_BZb_APP', '37', '', '', 'APP', '0021_0000000002', '0040_0000000087', '', null, '', '0023_0000000009', '0029_0000000005', null, null);
INSERT INTO `resource_set` VALUES ('0022_0000000005', null, '0022_0000000005', null, '2019-12-24 08:39:28', null, '2019-12-17 18:07:05', 'GZP3_SF_BZb_CACHE', '37', '', '', 'CACHE', '0021_0000000002', '0040_0000000091', '', null, '', '0023_0000000010', '0029_0000000006', null, null);
INSERT INTO `resource_set` VALUES ('0022_0000000006', null, '0022_0000000006', null, '2019-12-24 08:39:27', null, '2019-12-17 18:07:24', 'GZP3_SF_BZb_DB', '37', '', '', 'DB', '0021_0000000002', '0040_0000000089', '', null, '', '0023_0000000011', '0029_0000000007', null, null);
INSERT INTO `resource_set` VALUES ('0022_0000000007', '0022_0000000067', '0022_0000000007', null, '2020-01-08 07:46:13', null, '2019-12-17 18:07:39', 'GZP3_SF_CS_APP', '38', '2020-01-08 07:46:13', '', 'APP', '0021_0000000003', '0040_0000000087', 'sudo yum install -y java-1.8.0-openjdk', '0040_0000000277', '', '0023_0000000013', '0029_0000000008', 'subnet-pv2eti8u', null);
INSERT INTO `resource_set` VALUES ('0022_0000000008', null, '0022_0000000008', null, '2020-01-08 01:58:30', null, '2019-12-17 18:08:05', 'GZP3_SF_CS_CACHE', '37', '2019-12-27 07:16:24', '', 'CACHE', '0021_0000000003', '0040_0000000091', '', null, '', '0023_0000000014', '0029_0000000009', 'subnet-5nzk5rsi', null);
INSERT INTO `resource_set` VALUES ('0022_0000000009', '0022_0000000068', '0022_0000000009', null, '2020-01-08 07:46:13', null, '2019-12-17 18:08:23', 'GZP3_SF_CS_DB', '38', '2020-01-08 07:46:13', '', 'DB', '0021_0000000003', '0040_0000000089', '', null, '', '0023_0000000015', '0029_0000000010', 'subnet-1m9bttw2', null);
INSERT INTO `resource_set` VALUES ('0022_0000000010', null, '0022_0000000010', null, '2020-01-08 05:15:28', null, '2019-12-17 18:08:46', 'GZP3_SF_CS_BDP', '37', '2019-12-27 07:16:24', '', 'BDP', '0021_0000000003', '0040_0000000279', '', null, '', '0023_0000000016', '0029_0000000011', 'subnet-lnxfrgm2', null);
INSERT INTO `resource_set` VALUES ('0022_0000000011', null, '0022_0000000011', null, '2019-12-24 08:41:43', null, '2019-12-17 18:09:35', 'GZP3_DMZ_BZa_OUT', '37', '', '', 'OUT', '0021_0000000004', '0040_0000000087', '', null, '', '0023_0000000021', '0029_0000000013', null, null);
INSERT INTO `resource_set` VALUES ('0022_0000000012', null, '0022_0000000012', null, '2019-12-25 02:12:36', null, '2019-12-17 18:09:56', 'GZP3_DMZ_BZa_IN', '37', '', '', 'IN', '0021_0000000004', '0040_0000000087', '', null, '', '0023_0000000020', '0029_0000000012', null, null);
INSERT INTO `resource_set` VALUES ('0022_0000000013', null, '0022_0000000013', null, '2019-12-24 08:41:43', null, '2019-12-17 18:10:13', 'GZP3_DMZ_BZb_OUT', '37', '', '', 'OUT', '0021_0000000005', '0040_0000000087', '', null, '', '0023_0000000023', '0029_0000000015', null, null);
INSERT INTO `resource_set` VALUES ('0022_0000000014', null, '0022_0000000014', null, '2019-12-25 02:12:36', null, '2019-12-17 18:10:33', 'GZP3_DMZ_BZb_IN', '37', '', '', 'IN', '0021_0000000005', '0040_0000000087', '', null, '', '0023_0000000022', '0029_0000000014', null, null);
INSERT INTO `resource_set` VALUES ('0022_0000000015', null, '0022_0000000015', null, '2019-12-24 08:41:43', null, '2019-12-17 18:11:00', 'GZP3_ECN_BZa_OWN', '37', '', '', 'OWN', '0021_0000000006', '0040_0000000087', '', null, '', '0023_0000000027', '0029_0000000016', null, null);
INSERT INTO `resource_set` VALUES ('0022_0000000016', null, '0022_0000000016', null, '2019-12-24 08:41:05', null, '2019-12-17 18:11:16', 'GZP3_ECN_BZa_NOWN', '37', '', '', 'NOWN', '0021_0000000006', '0040_0000000087', '', null, '', '0023_0000000028', '0029_0000000017', null, null);
INSERT INTO `resource_set` VALUES ('0022_0000000017', null, '0022_0000000017', null, '2019-12-24 08:41:05', null, '2019-12-17 18:11:31', 'GZP3_ECN_BZb_OWN', '37', '', '', 'OWN', '0021_0000000007', '0040_0000000087', '', null, '', '0023_0000000029', '0029_0000000018', null, null);
INSERT INTO `resource_set` VALUES ('0022_0000000018', null, '0022_0000000018', null, '2019-12-24 08:41:05', null, '2019-12-17 18:11:47', 'GZP3_ECN_BZb_NOWN', '37', '', '', 'NOWN', '0021_0000000007', '0040_0000000087', '', null, '', '0023_0000000030', '0029_0000000019', null, null);
INSERT INTO `resource_set` VALUES ('0022_0000000019', null, '0022_0000000019', null, '2019-12-24 08:41:04', null, '2019-12-17 18:12:42', 'GZP3_MGMT_MT_APP', '37', '', '', 'APP', '0021_0000000008', '0040_0000000087', '', null, '', '0023_0000000033', '0029_0000000020', null, null);
INSERT INTO `resource_set` VALUES ('0022_0000000020', null, '0022_0000000020', null, '2019-12-24 08:39:27', null, '2019-12-17 18:13:05', 'GZP3_MGMT_MT_CACHE', '37', '', '', 'CACHE', '0021_0000000008', '0040_0000000091', '', null, '', '0023_0000000034', '0029_0000000021', null, null);
INSERT INTO `resource_set` VALUES ('0022_0000000021', null, '0022_0000000021', null, '2019-12-24 08:39:27', null, '2019-12-17 18:13:26', 'GZP3_MGMT_MT_DB', '37', '', '', 'DB', '0021_0000000008', '0040_0000000089', '', null, '', '0023_0000000035', '0029_0000000022', null, null);
INSERT INTO `resource_set` VALUES ('0022_0000000022', null, '0022_0000000022', null, '2019-12-24 08:39:27', null, '2019-12-17 18:13:49', 'GZP3_MGMT_MT_BDP', '37', '', '', 'BDP', '0021_0000000008', '0040_0000000279', '', null, '', '0023_0000000036', '0029_0000000023', null, null);
INSERT INTO `resource_set` VALUES ('0022_0000000023', null, '0022_0000000023', null, '2019-12-24 10:41:42', null, '2019-12-17 18:14:17', 'NDC_WAN_ALL_WS', '37', '', '', 'WS', '0021_0000000010', '0040_0000000282', '', null, '', '0023_0000000138', '0029_0000000028', null, null);
INSERT INTO `resource_set` VALUES ('0022_0000000024', null, '0022_0000000024', null, '2019-12-17 18:14:58', null, '2019-12-17 18:14:58', 'NDC_WAN_ALL_AC', '37', '', '', 'AC', '0021_0000000010', '0040_0000000282', '', null, '', '', '0029_0000000026', null, null);
INSERT INTO `resource_set` VALUES ('0022_0000000025', null, '0022_0000000025', null, '2019-12-24 08:39:27', null, '2019-12-17 18:15:29', 'GZP3_MGMT_QZ_VDI', '37', '', '', 'VDI', '0021_0000000009', '0040_0000000282', '', null, '', '', '0029_0000000024', null, null);
INSERT INTO `resource_set` VALUES ('0022_0000000026', null, '0022_0000000026', null, '2019-12-17 18:18:19', null, '2019-12-17 18:15:54', 'NDC_OPN_ALL_VC', '37', '', '', 'VC', '0021_0000000011', '0040_0000000282', '', null, '', '0023_0000000043', '0029_0000000029', null, null);
INSERT INTO `resource_set` VALUES ('0022_0000000027', null, '0022_0000000027', null, '2019-12-25 02:23:35', null, '2019-12-18 07:48:55', 'GZP4_SF_BZa_APP', '37', '', '', 'APP', '0021_0000000025', '0040_0000000087', '', null, '', '0023_0000000048', '0029_0000000001', null, null);
INSERT INTO `resource_set` VALUES ('0022_0000000028', null, '0022_0000000028', null, '2019-12-24 08:38:01', null, '2019-12-18 07:49:39', 'GZP4_SF_BZa_CACHE', '37', '', '', 'CACHE', '0021_0000000025', '0040_0000000091', '', null, '', '0023_0000000049', '0029_0000000003', null, null);
INSERT INTO `resource_set` VALUES ('0022_0000000029', null, '0022_0000000029', null, '2019-12-24 08:36:03', null, '2019-12-18 07:50:32', 'GZP4_SF_BZa_DB', '37', '', '', 'DB', '0021_0000000025', '0040_0000000089', '', null, '', '0023_0000000050', '0029_0000000004', null, null);
INSERT INTO `resource_set` VALUES ('0022_0000000030', null, '0022_0000000030', null, '2019-12-25 02:23:19', null, '2019-12-18 07:51:29', 'GZP4_SF_BZb_APP', '37', '', '', 'APP', '0021_0000000026', '0040_0000000087', '', null, '', '0023_0000000052', '0029_0000000005', null, null);
INSERT INTO `resource_set` VALUES ('0022_0000000031', null, '0022_0000000031', null, '2019-12-24 08:36:02', null, '2019-12-18 07:54:57', 'GZP4_SF_BZb_CACHE', '37', '', '', 'CACHE', '0021_0000000026', '0040_0000000091', '', null, '', '0023_0000000053', '0029_0000000006', null, null);
INSERT INTO `resource_set` VALUES ('0022_0000000032', null, '0022_0000000032', null, '2019-12-24 08:36:02', null, '2019-12-18 08:07:40', 'GZP4_SF_BZb_DB', '37', '', '', 'DB', '0021_0000000026', '0040_0000000089', '', null, '', '0023_0000000054', '0029_0000000007', null, null);
INSERT INTO `resource_set` VALUES ('0022_0000000033', null, '0022_0000000033', null, '2019-12-25 02:23:54', null, '2019-12-18 08:08:43', 'GZP4_SF_CS_APP', '37', '', '', 'APP', '0021_0000000024', '0040_0000000087', '', null, '', '0023_0000000056', '0029_0000000008', null, null);
INSERT INTO `resource_set` VALUES ('0022_0000000034', null, '0022_0000000034', null, '2019-12-24 08:36:02', null, '2019-12-18 08:09:36', 'GZP4_SF_CS_CACHE', '37', '', '', 'CACHE', '0021_0000000024', '0040_0000000091', '', null, '', '0023_0000000057', '0029_0000000009', null, null);
INSERT INTO `resource_set` VALUES ('0022_0000000035', null, '0022_0000000035', null, '2019-12-24 08:36:02', null, '2019-12-18 08:10:30', 'GZP4_SF_CS_DB', '37', '', '', 'DB', '0021_0000000024', '0040_0000000089', '', null, '', '0023_0000000058', '0029_0000000010', null, null);
INSERT INTO `resource_set` VALUES ('0022_0000000036', null, '0022_0000000036', null, '2019-12-24 08:36:02', null, '2019-12-18 08:11:26', 'GZP4_SF_CS_BDP', '37', '', '', 'BDP', '0021_0000000024', '0040_0000000279', '', null, '', '0023_0000000059', '0029_0000000011', null, null);
INSERT INTO `resource_set` VALUES ('0022_0000000037', null, '0022_0000000037', null, '2019-12-25 02:12:36', null, '2019-12-18 08:17:39', 'GZP4_DMZ_BZa_IN', '37', '', '', 'IN', '0021_0000000028', '0040_0000000087', '', null, '', '0023_0000000063', '0029_0000000012', null, null);
INSERT INTO `resource_set` VALUES ('0022_0000000038', null, '0022_0000000038', null, '2019-12-24 08:38:01', null, '2019-12-18 08:18:29', 'GZP4_DMZ_BZa_OUT', '37', '', '', 'OUT', '0021_0000000028', '0040_0000000087', '', null, '', '0023_0000000064', '0029_0000000013', null, null);
INSERT INTO `resource_set` VALUES ('0022_0000000039', null, '0022_0000000039', null, '2019-12-25 02:12:36', null, '2019-12-18 08:20:09', 'GZP4_DMZ_BZb_IN', '37', '', '', 'IN', '0021_0000000029', '0040_0000000087', '', null, '', '0023_0000000065', '0029_0000000014', null, null);
INSERT INTO `resource_set` VALUES ('0022_0000000040', null, '0022_0000000040', null, '2019-12-24 08:38:01', null, '2019-12-18 08:20:54', 'GZP4_DMZ_BZb_OUT', '37', '', '', 'OUT', '0021_0000000029', '0040_0000000087', '', null, '', '0023_0000000066', '0029_0000000015', null, null);
INSERT INTO `resource_set` VALUES ('0022_0000000041', null, '0022_0000000041', null, '2019-12-24 08:37:02', null, '2019-12-18 08:31:31', 'GZP4_ECN_BZa_OWN', '37', '', '', 'OWN', '0021_0000000031', '0040_0000000087', '', null, '', '0023_0000000070', '0029_0000000016', null, null);
INSERT INTO `resource_set` VALUES ('0022_0000000042', null, '0022_0000000042', null, '2019-12-24 08:37:02', null, '2019-12-18 08:32:36', 'GZP4_ECN_BZa_NOWN', '37', '', '', 'NOWN', '0021_0000000031', '0040_0000000087', '', null, '', '0023_0000000071', '0029_0000000017', null, null);
INSERT INTO `resource_set` VALUES ('0022_0000000043', null, '0022_0000000043', null, '2019-12-24 08:37:02', null, '2019-12-18 08:34:31', 'GZP4_ECN_BZb_OWN', '37', '', '', 'OWN', '0021_0000000032', '0040_0000000087', '', null, '', '0023_0000000072', '0029_0000000018', null, null);
INSERT INTO `resource_set` VALUES ('0022_0000000044', null, '0022_0000000044', null, '2019-12-24 08:37:02', null, '2019-12-18 08:35:23', 'GZP4_ECN_BZb_NOWN', '37', '', '', 'NOWN', '0021_0000000032', '0040_0000000087', '', null, '', '0023_0000000073', '0029_0000000019', null, null);
INSERT INTO `resource_set` VALUES ('0022_0000000045', null, '0022_0000000045', null, '2019-12-24 08:30:56', null, '2019-12-18 08:36:15', 'GZP4_MGMT_MT_APP', '37', '', '', 'APP', '0021_0000000034', '0040_0000000087', '', null, '', '0023_0000000076', '0029_0000000020', null, null);
INSERT INTO `resource_set` VALUES ('0022_0000000046', null, '0022_0000000046', null, '2019-12-24 08:30:56', null, '2019-12-18 08:37:02', 'GZP4_MGMT_MT_CACHE', '37', '', '', 'CACHE', '0021_0000000034', '0040_0000000091', '', null, '', '0023_0000000077', '0029_0000000021', null, null);
INSERT INTO `resource_set` VALUES ('0022_0000000047', null, '0022_0000000047', null, '2019-12-24 08:30:56', null, '2019-12-18 08:37:53', 'GZP4_MGMT_MT_DB', '37', '', '', 'DB', '0021_0000000034', '0040_0000000089', '', null, '', '0023_0000000078', '0029_0000000022', null, null);
INSERT INTO `resource_set` VALUES ('0022_0000000048', null, '0022_0000000048', null, '2019-12-24 08:30:56', null, '2019-12-18 08:39:24', 'GZP4_MGMT_CS_BDP', '37', '', '', 'BDP', '0021_0000000033', '0040_0000000279', '', null, '', '0023_0000000079', '0029_0000000023', null, null);
INSERT INTO `resource_set` VALUES ('0022_0000000049', null, '0022_0000000049', null, '2019-12-24 08:30:56', null, '2019-12-18 08:40:26', 'GZP4_MGMT_QZ_VDI', '37', '', '', 'VDI', '0021_0000000035', '0040_0000000282', '', null, '', '0023_0000000081', '0029_0000000024', null, null);
INSERT INTO `resource_set` VALUES ('0022_0000000051', null, '0022_0000000051', null, '2020-01-08 05:15:28', null, '2019-12-21 10:29:40', 'GZP3_SF_CS_DBLB', '37', '2019-12-27 07:16:24', '', 'DBLB', '0021_0000000003', '0040_0000000354', '', null, '', '0023_0000000091', '0029_0000000034', 'subnet-qq4oyeew', null);
INSERT INTO `resource_set` VALUES ('0022_0000000052', null, '0022_0000000052', null, '2019-12-24 08:41:04', null, '2019-12-21 11:28:04', 'GZP3_MGMT_CS_APPLB', '37', '', '', 'APPLB', '0021_0000000021', '0040_0000000353', '', null, '', '0023_0000000089', '0029_0000000032', null, null);
INSERT INTO `resource_set` VALUES ('0022_0000000053', null, '0022_0000000053', null, '2019-12-24 08:30:56', null, '2019-12-21 11:34:18', 'GZP4_MGMT_CS_APPLB', '37', '', '', 'APPLB', '0021_0000000033', '0040_0000000353', '', null, '', '0023_0000000090', '0029_0000000032', null, null);
INSERT INTO `resource_set` VALUES ('0022_0000000055', null, '0022_0000000055', null, '2019-12-24 08:41:04', null, '2019-12-21 11:38:52', 'GZP3_ECN_CS_APPLB', '37', '', '', 'APPLB', '0021_0000000022', '0040_0000000353', '', null, '', '0023_0000000087', '0029_0000000036', null, null);
INSERT INTO `resource_set` VALUES ('0022_0000000056', null, '0022_0000000056', null, '2019-12-24 08:37:02', null, '2019-12-21 11:39:25', 'GZP4_ECN_CS_APPLB', '37', '', '', 'APPLB', '0021_0000000030', '0040_0000000353', '', null, '', '0023_0000000088', '0029_0000000036', null, null);
INSERT INTO `resource_set` VALUES ('0022_0000000057', null, '0022_0000000057', null, '2019-12-24 08:41:04', null, '2019-12-21 11:40:06', 'GZP3_DMZ_CS_APPLB', '37', '', '', 'APPLB', '0021_0000000023', '0040_0000000353', '', null, '', '0023_0000000085', '0029_0000000035', null, null);
INSERT INTO `resource_set` VALUES ('0022_0000000058', null, '0022_0000000058', null, '2019-12-24 08:38:01', null, '2019-12-21 11:40:39', 'GZP4_DMZ_CS_APPLB', '37', '', '', 'APPLB', '0021_0000000027', '0040_0000000353', '', null, '', '0023_0000000086', '0029_0000000035', null, null);
INSERT INTO `resource_set` VALUES ('0022_0000000059', null, '0022_0000000059', null, '2019-12-24 08:36:02', null, '2019-12-21 11:41:28', 'GZP4_SF_CS_DBLB', '37', '', '', 'DBLB', '0021_0000000024', '0040_0000000354', '', null, '', '0023_0000000092', '0029_0000000034', null, null);
INSERT INTO `resource_set` VALUES ('0022_0000000060', null, '0022_0000000060', null, '2019-12-24 08:41:04', null, '2019-12-21 11:41:57', 'GZP3_MGMT_CS_DBLB', '37', '', '', 'DBLB', '0021_0000000021', '0040_0000000353', '', null, '', '0023_0000000093', '0029_0000000033', null, null);
INSERT INTO `resource_set` VALUES ('0022_0000000061', null, '0022_0000000061', null, '2019-12-24 09:23:08', null, '2019-12-21 11:42:20', 'GZP4_MGMT_CS_DBLB', '37', '', '', 'DBLB', '0021_0000000033', '0040_0000000353', '', null, '', '0023_0000000094', '0029_0000000033', null, null);
INSERT INTO `resource_set` VALUES ('0022_0000000062', null, '0022_0000000062', null, '2019-12-24 10:30:27', null, '2019-12-24 10:30:27', 'NDC_WAN_ALL_WANLB', '37', '', '', 'WANLB', '0021_0000000010', '0040_0000000355', '', null, '', '0023_0000000104', '0029_0000000037', null, null);
INSERT INTO `resource_set` VALUES ('0022_0000000064', null, '0022_0000000064', null, '2020-01-08 03:34:12', null, '2019-12-25 04:16:16', 'GZP3_SF_CS_APPLB', '37', '2019-12-27 07:16:19', '', 'APPLB', '0021_0000000003', '0040_0000000353', '', null, '', '0023_0000000083', '0029_0000000031', 'subnet-enlmw0pe', 'rtb-mdmq4c3u');
INSERT INTO `resource_set` VALUES ('0022_0000000065', null, '0022_0000000065', null, '2019-12-25 09:43:55', null, '2019-12-25 04:16:53', 'GZP4_SF_CS_APPLB', '37', '', '', 'APPLB', '0021_0000000024', '0040_0000000353', '', null, '', '0023_0000000084', '0029_0000000031', null, null);
INSERT INTO `resource_set` VALUES ('0022_0000000066', null, '0022_0000000007', null, '2019-12-27 07:16:24', null, '2019-12-17 18:07:39', 'GZP3_SF_CS_APP', '37', '2019-12-27 07:16:24', '', 'APP', '0021_0000000003', '0040_0000000087', '', null, '', '0023_0000000013', '0029_0000000008', 'subnet-gazxqz4k', null);
INSERT INTO `resource_set` VALUES ('0022_0000000067', '0022_0000000066', '0022_0000000007', null, '2020-01-08 07:46:13', null, '2019-12-17 18:07:39', 'GZP3_SF_CS_APP', '38', '2020-01-08 02:42:30', '', 'APP', '0021_0000000003', '0040_0000000087', 'sudo yum install -y java-1.8.0-openjdk', '0040_0000000277', '', '0023_0000000013', '0029_0000000008', 'subnet-gazxqz4k', null);
INSERT INTO `resource_set` VALUES ('0022_0000000068', null, '0022_0000000009', null, '2020-01-08 07:46:13', null, '2019-12-17 18:08:23', 'GZP3_SF_CS_DB', '37', '2019-12-27 07:16:24', '', 'DB', '0021_0000000003', '0040_0000000089', '', null, '', '0023_0000000015', '0029_0000000010', 'subnet-1m9bttw2', null);


-- ----------------------------
-- Records of resource_set$deploy_environment
-- ----------------------------
INSERT INTO `resource_set$deploy_environment` VALUES ('26', '0022_0000000024', '0040_0000000069', '1');
INSERT INTO `resource_set$deploy_environment` VALUES ('30', '0022_0000000026', '0040_0000000069', '1');
INSERT INTO `resource_set$deploy_environment` VALUES ('174', '0022_0000000053', '0040_0000000069', '1');
INSERT INTO `resource_set$deploy_environment` VALUES ('175', '0022_0000000049', '0040_0000000069', '1');
INSERT INTO `resource_set$deploy_environment` VALUES ('176', '0022_0000000048', '0040_0000000069', '1');
INSERT INTO `resource_set$deploy_environment` VALUES ('177', '0022_0000000047', '0040_0000000069', '1');
INSERT INTO `resource_set$deploy_environment` VALUES ('178', '0022_0000000046', '0040_0000000069', '1');
INSERT INTO `resource_set$deploy_environment` VALUES ('179', '0022_0000000045', '0040_0000000069', '1');
INSERT INTO `resource_set$deploy_environment` VALUES ('198', '0022_0000000059', '0040_0000000069', '1');
INSERT INTO `resource_set$deploy_environment` VALUES ('200', '0022_0000000036', '0040_0000000069', '1');
INSERT INTO `resource_set$deploy_environment` VALUES ('201', '0022_0000000035', '0040_0000000069', '1');
INSERT INTO `resource_set$deploy_environment` VALUES ('202', '0022_0000000034', '0040_0000000069', '1');
INSERT INTO `resource_set$deploy_environment` VALUES ('204', '0022_0000000032', '0040_0000000069', '1');
INSERT INTO `resource_set$deploy_environment` VALUES ('205', '0022_0000000031', '0040_0000000069', '1');
INSERT INTO `resource_set$deploy_environment` VALUES ('207', '0022_0000000029', '0040_0000000069', '1');
INSERT INTO `resource_set$deploy_environment` VALUES ('209', '0022_0000000056', '0040_0000000069', '1');
INSERT INTO `resource_set$deploy_environment` VALUES ('210', '0022_0000000044', '0040_0000000069', '1');
INSERT INTO `resource_set$deploy_environment` VALUES ('211', '0022_0000000043', '0040_0000000069', '1');
INSERT INTO `resource_set$deploy_environment` VALUES ('212', '0022_0000000042', '0040_0000000069', '1');
INSERT INTO `resource_set$deploy_environment` VALUES ('213', '0022_0000000041', '0040_0000000069', '1');
INSERT INTO `resource_set$deploy_environment` VALUES ('214', '0022_0000000058', '0040_0000000069', '1');
INSERT INTO `resource_set$deploy_environment` VALUES ('215', '0022_0000000040', '0040_0000000069', '1');
INSERT INTO `resource_set$deploy_environment` VALUES ('217', '0022_0000000038', '0040_0000000069', '1');
INSERT INTO `resource_set$deploy_environment` VALUES ('219', '0022_0000000028', '0040_0000000069', '1');
INSERT INTO `resource_set$deploy_environment` VALUES ('220', '0022_0000000025', '0040_0000000069', '1');
INSERT INTO `resource_set$deploy_environment` VALUES ('221', '0022_0000000022', '0040_0000000069', '1');
INSERT INTO `resource_set$deploy_environment` VALUES ('222', '0022_0000000021', '0040_0000000069', '1');
INSERT INTO `resource_set$deploy_environment` VALUES ('223', '0022_0000000020', '0040_0000000069', '1');
INSERT INTO `resource_set$deploy_environment` VALUES ('224', '0022_0000000010', '0040_0000000069', '1');
INSERT INTO `resource_set$deploy_environment` VALUES ('225', '0022_0000000009', '0040_0000000069', '1');
INSERT INTO `resource_set$deploy_environment` VALUES ('226', '0022_0000000008', '0040_0000000069', '1');
INSERT INTO `resource_set$deploy_environment` VALUES ('227', '0022_0000000006', '0040_0000000069', '1');
INSERT INTO `resource_set$deploy_environment` VALUES ('228', '0022_0000000005', '0040_0000000069', '1');
INSERT INTO `resource_set$deploy_environment` VALUES ('229', '0022_0000000003', '0040_0000000069', '1');
INSERT INTO `resource_set$deploy_environment` VALUES ('230', '0022_0000000002', '0040_0000000069', '1');
INSERT INTO `resource_set$deploy_environment` VALUES ('231', '0022_0000000060', '0040_0000000069', '1');
INSERT INTO `resource_set$deploy_environment` VALUES ('232', '0022_0000000057', '0040_0000000069', '1');
INSERT INTO `resource_set$deploy_environment` VALUES ('233', '0022_0000000055', '0040_0000000069', '1');
INSERT INTO `resource_set$deploy_environment` VALUES ('234', '0022_0000000052', '0040_0000000069', '1');
INSERT INTO `resource_set$deploy_environment` VALUES ('235', '0022_0000000051', '0040_0000000069', '1');
INSERT INTO `resource_set$deploy_environment` VALUES ('237', '0022_0000000019', '0040_0000000069', '1');
INSERT INTO `resource_set$deploy_environment` VALUES ('238', '0022_0000000018', '0040_0000000069', '1');
INSERT INTO `resource_set$deploy_environment` VALUES ('239', '0022_0000000017', '0040_0000000069', '1');
INSERT INTO `resource_set$deploy_environment` VALUES ('240', '0022_0000000016', '0040_0000000069', '1');
INSERT INTO `resource_set$deploy_environment` VALUES ('241', '0022_0000000015', '0040_0000000069', '1');
INSERT INTO `resource_set$deploy_environment` VALUES ('243', '0022_0000000013', '0040_0000000069', '1');
INSERT INTO `resource_set$deploy_environment` VALUES ('245', '0022_0000000011', '0040_0000000069', '1');
INSERT INTO `resource_set$deploy_environment` VALUES ('250', '0022_0000000061', '0040_0000000069', '1');
INSERT INTO `resource_set$deploy_environment` VALUES ('251', '0022_0000000062', '0040_0000000069', '1');
INSERT INTO `resource_set$deploy_environment` VALUES ('257', '0022_0000000023', '0040_0000000069', '1');
INSERT INTO `resource_set$deploy_environment` VALUES ('258', '0022_0000000063', '0040_0000000069', '1');
INSERT INTO `resource_set$deploy_environment` VALUES ('263', '0022_0000000039', '0040_0000000069', '1');
INSERT INTO `resource_set$deploy_environment` VALUES ('264', '0022_0000000037', '0040_0000000069', '1');
INSERT INTO `resource_set$deploy_environment` VALUES ('265', '0022_0000000014', '0040_0000000069', '1');
INSERT INTO `resource_set$deploy_environment` VALUES ('266', '0022_0000000012', '0040_0000000069', '1');
INSERT INTO `resource_set$deploy_environment` VALUES ('273', '0022_0000000004', '0040_0000000069', '1');
INSERT INTO `resource_set$deploy_environment` VALUES ('276', '0022_0000000030', '0040_0000000069', '1');
INSERT INTO `resource_set$deploy_environment` VALUES ('277', '0022_0000000027', '0040_0000000069', '1');
INSERT INTO `resource_set$deploy_environment` VALUES ('278', '0022_0000000033', '0040_0000000069', '1');
INSERT INTO `resource_set$deploy_environment` VALUES ('280', '0022_0000000001', '0040_0000000069', '1');
INSERT INTO `resource_set$deploy_environment` VALUES ('283', '0022_0000000065', '0040_0000000069', '1');
INSERT INTO `resource_set$deploy_environment` VALUES ('286', '0022_0000000064', '0040_0000000069', '1');
INSERT INTO `resource_set$deploy_environment` VALUES ('287', '0022_0000000066', '0040_0000000069', '1');
INSERT INTO `resource_set$deploy_environment` VALUES ('288', '0022_0000000007', '0040_0000000069', '1');
INSERT INTO `resource_set$deploy_environment` VALUES ('289', '0022_0000000067', '0040_0000000069', '1');
INSERT INTO `resource_set$deploy_environment` VALUES ('290', '0022_0000000068', '0040_0000000069', '1');


-- ----------------------------
-- Records of resource_set_design
-- ----------------------------
INSERT INTO `resource_set_design` VALUES ('0029_0000000001', null, '0029_0000000001', null, '2019-12-21 09:18:36', null, '2019-12-16 02:00:13', 'V1_SF_BZa_APP', '34', '', '', 'APP', '0028_0000000001', '0030_0000000023', '0040_0000000060');
INSERT INTO `resource_set_design` VALUES ('0029_0000000003', null, '0029_0000000003', null, '2019-12-17 15:54:50', null, '2019-12-16 09:54:59', 'V1_SF_BZa_CACHE', '34', '', '', 'CACHE', '0028_0000000001', '0030_0000000024', '0040_0000000062');
INSERT INTO `resource_set_design` VALUES ('0029_0000000004', null, '0029_0000000004', null, '2019-12-21 09:17:26', null, '2019-12-16 09:55:52', 'V1_SF_BZa_DB', '34', '', '', 'DB', '0028_0000000001', '0030_0000000025', '0040_0000000061');
INSERT INTO `resource_set_design` VALUES ('0029_0000000005', null, '0029_0000000005', null, '2019-12-21 09:18:36', null, '2019-12-16 09:56:49', 'V1_SF_BZb_APP', '34', '', '', 'APP', '0028_0000000002', '0030_0000000026', '0040_0000000060');
INSERT INTO `resource_set_design` VALUES ('0029_0000000006', null, '0029_0000000006', null, '2019-12-17 15:54:50', null, '2019-12-16 09:57:41', 'V1_SF_BZb_CACHE', '34', '', '', 'CACHE', '0028_0000000002', '0030_0000000027', '0040_0000000062');
INSERT INTO `resource_set_design` VALUES ('0029_0000000007', null, '0029_0000000007', null, '2019-12-21 09:17:26', null, '2019-12-16 09:58:12', 'V1_SF_BZb_DB', '34', '', '', 'DB', '0028_0000000002', '0030_0000000028', '0040_0000000061');
INSERT INTO `resource_set_design` VALUES ('0029_0000000008', null, '0029_0000000008', null, '2019-12-21 09:18:36', null, '2019-12-16 09:59:39', 'V1_SF_CS_APP', '34', '', '', 'APP', '0028_0000000004', '0030_0000000029', '0040_0000000060');
INSERT INTO `resource_set_design` VALUES ('0029_0000000009', null, '0029_0000000009', null, '2019-12-17 15:56:25', null, '2019-12-16 10:00:10', 'V1_SF_CS_CACHE', '34', '', '', 'CACHE', '0028_0000000004', '0030_0000000030', '0040_0000000062');
INSERT INTO `resource_set_design` VALUES ('0029_0000000010', null, '0029_0000000010', null, '2019-12-21 09:17:26', null, '2019-12-16 10:00:58', 'V1_SF_CS_DB', '34', '', '', 'DB', '0028_0000000004', '0030_0000000031', '0040_0000000061');
INSERT INTO `resource_set_design` VALUES ('0029_0000000011', null, '0029_0000000011', null, '2019-12-17 15:56:25', null, '2019-12-16 10:01:35', 'V1_SF_CS_BDP', '34', '', '', 'BDP', '0028_0000000004', '0030_0000000032', '0040_0000000265');
INSERT INTO `resource_set_design` VALUES ('0029_0000000012', null, '0029_0000000012', null, '2019-12-17 15:56:25', null, '2019-12-16 10:51:53', 'V1_DMZ_BZa_IN', '34', '', '', 'IN', '0028_0000000003', '0030_0000000033', '0040_0000000257');
INSERT INTO `resource_set_design` VALUES ('0029_0000000013', null, '0029_0000000013', null, '2019-12-21 09:20:15', null, '2019-12-16 10:55:09', 'V1_DMZ_BZa_OUT', '34', '', '', 'OUT', '0028_0000000003', '0030_0000000034', '0040_0000000280');
INSERT INTO `resource_set_design` VALUES ('0029_0000000014', null, '0029_0000000014', null, '2019-12-17 15:56:24', null, '2019-12-16 11:12:18', 'V1_DMZ_BZb_IN', '34', '', '', 'IN', '0028_0000000006', '0030_0000000042', '0040_0000000257');
INSERT INTO `resource_set_design` VALUES ('0029_0000000015', null, '0029_0000000015', null, '2019-12-21 09:20:15', null, '2019-12-16 11:12:51', 'V1_DMZ_BZb_OUT', '34', '', '', 'OUT', '0028_0000000006', '0030_0000000043', '0040_0000000280');
INSERT INTO `resource_set_design` VALUES ('0029_0000000016', null, '0029_0000000016', null, '2019-12-21 09:19:44', null, '2019-12-16 11:21:26', 'V1_ECN_BZa_OWN', '34', '', '自主研发前置', 'OWN', '0028_0000000007', '0030_0000000035', '0040_0000000257');
INSERT INTO `resource_set_design` VALUES ('0029_0000000017', null, '0029_0000000017', null, '2019-12-21 09:19:44', null, '2019-12-16 11:22:25', 'V1_ECN_BZa_NOWN', '34', '', '非自主研发前置', 'NOWN', '0028_0000000007', '0030_0000000036', '0040_0000000280');
INSERT INTO `resource_set_design` VALUES ('0029_0000000018', null, '0029_0000000018', null, '2019-12-21 09:19:44', null, '2019-12-16 11:22:55', 'V1_ECN_BZb_OWN', '34', '', '', 'OWN', '0028_0000000008', '0030_0000000044', '0040_0000000257');
INSERT INTO `resource_set_design` VALUES ('0029_0000000019', null, '0029_0000000019', null, '2019-12-21 09:19:44', null, '2019-12-16 11:23:30', 'V1_ECN_BZb_NOWN', '34', '', '', 'NOWN', '0028_0000000008', '0030_0000000045', '0040_0000000280');
INSERT INTO `resource_set_design` VALUES ('0029_0000000020', null, '0029_0000000020', null, '2019-12-21 09:18:02', null, '2019-12-16 11:25:47', 'V1_MGMT_MT_APP', '34', '', '', 'APP', '0028_0000000005', '0030_0000000037', '0040_0000000060');
INSERT INTO `resource_set_design` VALUES ('0029_0000000021', null, '0029_0000000021', null, '2019-12-17 18:12:25', null, '2019-12-16 11:26:24', 'V1_MGMT_MT_CACHE', '34', '', '', 'CACHE', '0028_0000000005', '0030_0000000038', '0040_0000000062');
INSERT INTO `resource_set_design` VALUES ('0029_0000000022', null, '0029_0000000022', null, '2019-12-21 09:17:46', null, '2019-12-16 11:27:00', 'V1_MGMT_MT_DB', '34', '', '', 'DB', '0028_0000000005', '0030_0000000039', '0040_0000000061');
INSERT INTO `resource_set_design` VALUES ('0029_0000000023', null, '0029_0000000023', null, '2019-12-17 18:12:25', null, '2019-12-16 11:27:35', 'V1_MGMT_MT_BDP', '34', '', '', 'BDP', '0028_0000000005', '0030_0000000040', '0040_0000000265');
INSERT INTO `resource_set_design` VALUES ('0029_0000000024', null, '0029_0000000024', null, '2019-12-18 09:10:08', null, '2019-12-16 11:29:50', 'V1_MGMT_QZ_VDI', '34', '', '', 'VDI', '0028_0000000013', '0030_0000000046', '0040_0000000325');
INSERT INTO `resource_set_design` VALUES ('0029_0000000026', null, '0029_0000000026', null, '2019-12-19 10:06:49', null, '2019-12-16 11:51:13', 'V1_WAN_ALL_AC', '34', '', '任意客户端', 'AC', '0028_0000000010', '', '0040_0000000280');
INSERT INTO `resource_set_design` VALUES ('0029_0000000028', null, '0029_0000000028', null, '2019-12-24 10:38:24', null, '2019-12-16 14:17:12', 'V1_WAN_ALL_WS', '34', '', '广域网客户端', 'WS', '0028_0000000010', '0030_0000000070', '0040_0000000280');
INSERT INTO `resource_set_design` VALUES ('0029_0000000029', null, '0029_0000000029', null, '2019-12-17 18:17:18', null, '2019-12-17 02:22:28', 'V1_OPN_ALL_VC', '34', '', 'VDI客户端', 'VC', '0028_0000000012', '0030_0000000052', '0040_0000000280');
INSERT INTO `resource_set_design` VALUES ('0029_0000000030', null, '0029_0000000030', null, '2019-12-17 16:06:54', null, '2019-12-17 02:26:52', 'V1_PTN_ALL_FRONT', '34', '', '前置资源集合', 'FRONT', '0028_0000000011', '0030_0000000053', '0040_0000000280');
INSERT INTO `resource_set_design` VALUES ('0029_0000000031', null, '0029_0000000031', null, '2019-12-25 09:43:55', null, '2019-12-21 09:10:15', 'V1_SF_CS_APPLB', '34', '', '', 'APPLB', '0028_0000000004', '0030_0000000054', '0040_0000000338');
INSERT INTO `resource_set_design` VALUES ('0029_0000000032', null, '0029_0000000032', null, '2019-12-21 09:12:06', null, '2019-12-21 09:12:06', 'V1_MGMT_CS_APPLB', '34', '', '', 'APPLB', '0028_0000000015', '0030_0000000057', '0040_0000000338');
INSERT INTO `resource_set_design` VALUES ('0029_0000000033', null, '0029_0000000033', null, '2019-12-21 09:12:37', null, '2019-12-21 09:12:37', 'V1_MGMT_CS_DBLB', '34', '', '', 'DBLB', '0028_0000000015', '0030_0000000059', '0040_0000000339');
INSERT INTO `resource_set_design` VALUES ('0029_0000000034', null, '0029_0000000034', null, '2019-12-21 09:13:23', null, '2019-12-21 09:13:23', 'V1_SF_CS_DBLB', '34', '', '', 'DBLB', '0028_0000000004', '0030_0000000058', '0040_0000000339');
INSERT INTO `resource_set_design` VALUES ('0029_0000000035', null, '0029_0000000035', null, '2019-12-21 09:15:23', null, '2019-12-21 09:15:23', 'V1_DMZ_CS_APPLB', '34', '', '', 'APPLB', '0028_0000000016', '0030_0000000055', '0040_0000000338');
INSERT INTO `resource_set_design` VALUES ('0029_0000000036', null, '0029_0000000036', null, '2019-12-21 09:15:54', null, '2019-12-21 09:15:54', 'V1_ECN_CS_APPLB', '34', '', '', 'APPLB', '0028_0000000017', '0030_0000000056', '0040_0000000338');
INSERT INTO `resource_set_design` VALUES ('0029_0000000037', null, '0029_0000000037', null, '2019-12-24 10:13:12', null, '2019-12-24 10:13:12', 'V1_WAN_ALL_WANLB', '34', '', '', 'WANLB', '0028_0000000010', '0030_0000000071', '0040_0000000348');


-- ----------------------------
-- Records of resource_set_design$cluster_type
-- ----------------------------
INSERT INTO `resource_set_design$cluster_type` VALUES ('54', '0029_0000000006', '0040_0000000091', '1');
INSERT INTO `resource_set_design$cluster_type` VALUES ('57', '0029_0000000003', '0040_0000000091', '1');
INSERT INTO `resource_set_design$cluster_type` VALUES ('63', '0029_0000000014', '0040_0000000087', '1');
INSERT INTO `resource_set_design$cluster_type` VALUES ('65', '0029_0000000012', '0040_0000000087', '1');
INSERT INTO `resource_set_design$cluster_type` VALUES ('66', '0029_0000000011', '0040_0000000279', '1');
INSERT INTO `resource_set_design$cluster_type` VALUES ('68', '0029_0000000009', '0040_0000000091', '1');
INSERT INTO `resource_set_design$cluster_type` VALUES ('77', '0029_0000000030', '0040_0000000282', '1');
INSERT INTO `resource_set_design$cluster_type` VALUES ('83', '0029_0000000023', '0040_0000000279', '1');
INSERT INTO `resource_set_design$cluster_type` VALUES ('85', '0029_0000000021', '0040_0000000091', '1');
INSERT INTO `resource_set_design$cluster_type` VALUES ('87', '0029_0000000029', '0040_0000000282', '1');
INSERT INTO `resource_set_design$cluster_type` VALUES ('88', '0029_0000000024', '0040_0000000282', '1');
INSERT INTO `resource_set_design$cluster_type` VALUES ('90', '0029_0000000026', '0040_0000000282', '1');
INSERT INTO `resource_set_design$cluster_type` VALUES ('92', '0029_0000000032', '0040_0000000353', '1');
INSERT INTO `resource_set_design$cluster_type` VALUES ('93', '0029_0000000033', '0040_0000000354', '1');
INSERT INTO `resource_set_design$cluster_type` VALUES ('94', '0029_0000000034', '0040_0000000354', '1');
INSERT INTO `resource_set_design$cluster_type` VALUES ('95', '0029_0000000035', '0040_0000000353', '1');
INSERT INTO `resource_set_design$cluster_type` VALUES ('96', '0029_0000000036', '0040_0000000353', '1');
INSERT INTO `resource_set_design$cluster_type` VALUES ('97', '0029_0000000010', '0040_0000000089', '1');
INSERT INTO `resource_set_design$cluster_type` VALUES ('98', '0029_0000000007', '0040_0000000089', '1');
INSERT INTO `resource_set_design$cluster_type` VALUES ('99', '0029_0000000004', '0040_0000000089', '1');
INSERT INTO `resource_set_design$cluster_type` VALUES ('100', '0029_0000000022', '0040_0000000089', '1');
INSERT INTO `resource_set_design$cluster_type` VALUES ('101', '0029_0000000020', '0040_0000000087', '1');
INSERT INTO `resource_set_design$cluster_type` VALUES ('102', '0029_0000000008', '0040_0000000087', '1');
INSERT INTO `resource_set_design$cluster_type` VALUES ('103', '0029_0000000005', '0040_0000000087', '1');
INSERT INTO `resource_set_design$cluster_type` VALUES ('104', '0029_0000000001', '0040_0000000087', '1');
INSERT INTO `resource_set_design$cluster_type` VALUES ('105', '0029_0000000019', '0040_0000000282', '1');
INSERT INTO `resource_set_design$cluster_type` VALUES ('106', '0029_0000000018', '0040_0000000087', '1');
INSERT INTO `resource_set_design$cluster_type` VALUES ('107', '0029_0000000017', '0040_0000000282', '1');
INSERT INTO `resource_set_design$cluster_type` VALUES ('108', '0029_0000000016', '0040_0000000087', '1');
INSERT INTO `resource_set_design$cluster_type` VALUES ('109', '0029_0000000015', '0040_0000000282', '1');
INSERT INTO `resource_set_design$cluster_type` VALUES ('110', '0029_0000000013', '0040_0000000282', '1');
INSERT INTO `resource_set_design$cluster_type` VALUES ('111', '0029_0000000037', '0040_0000000355', '1');
INSERT INTO `resource_set_design$cluster_type` VALUES ('112', '0029_0000000028', '0040_0000000282', '1');
INSERT INTO `resource_set_design$cluster_type` VALUES ('113', '0029_0000000031', '0040_0000000353', '1');

-- ----------------------------
-- Records of resource_set_invoke_design
-- ----------------------------
INSERT INTO `resource_set_invoke_design` VALUES ('0036_0000000002', null, '0036_0000000002', null, '2019-12-21 12:48:59', null, '2019-12-21 09:53:57', 'V1_MGMT_MT_APP_invoke_V1_SF_BZb_APP', '34', '', '', 'V1_MGMT_MT_APP_invoke_V1_SF_BZb_APP', '0029_0000000005', '0029_0000000020');
INSERT INTO `resource_set_invoke_design` VALUES ('0036_0000000003', null, '0036_0000000003', null, '2019-12-21 12:48:58', null, '2019-12-21 09:54:46', 'V1_MGMT_MT_APP_invoke_V1_SF_BZa_APP', '34', '', '', 'V1_MGMT_MT_APP_invoke_V1_SF_BZa_APP', '0029_0000000001', '0029_0000000020');
INSERT INTO `resource_set_invoke_design` VALUES ('0036_0000000004', null, '0036_0000000004', null, '2019-12-25 04:27:02', null, '2019-12-25 04:20:46', 'V1_WAN_ALL_WANLB_invoke_V1_DMZ_BZa_IN', '34', '', '', 'V1_WAN_ALL_WANLB_invoke_V1_DMZ_BZa_IN', '0029_0000000012', '0029_0000000037');
INSERT INTO `resource_set_invoke_design` VALUES ('0036_0000000005', null, '0036_0000000005', null, '2019-12-25 04:27:29', null, '2019-12-25 04:27:29', 'V1_WAN_ALL_WANLB_invoke_V1_DMZ_BZb_IN', '34', '', '', 'V1_WAN_ALL_WANLB_invoke_V1_DMZ_BZb_IN', '0029_0000000014', '0029_0000000037');
INSERT INTO `resource_set_invoke_design` VALUES ('0036_0000000006', null, '0036_0000000006', null, '2019-12-25 04:28:27', null, '2019-12-25 04:28:27', 'V1_ECN_CS_APPLB_invoke_V1_ECN_BZa_OWN', '34', '', '', 'V1_ECN_CS_APPLB_invoke_V1_ECN_BZa_OWN', '0029_0000000016', '0029_0000000036');
INSERT INTO `resource_set_invoke_design` VALUES ('0036_0000000007', null, '0036_0000000007', null, '2019-12-25 04:28:51', null, '2019-12-25 04:28:51', 'V1_ECN_CS_APPLB_invoke_V1_ECN_BZa_NOWN', '34', '', '', 'V1_ECN_CS_APPLB_invoke_V1_ECN_BZa_NOWN', '0029_0000000017', '0029_0000000036');
INSERT INTO `resource_set_invoke_design` VALUES ('0036_0000000008', null, '0036_0000000008', null, '2019-12-25 04:29:19', null, '2019-12-25 04:29:19', 'V1_ECN_CS_APPLB_invoke_V1_ECN_BZb_OWN', '34', '', '', 'V1_ECN_CS_APPLB_invoke_V1_ECN_BZb_OWN', '0029_0000000018', '0029_0000000036');
INSERT INTO `resource_set_invoke_design` VALUES ('0036_0000000009', null, '0036_0000000009', null, '2019-12-25 04:29:36', null, '2019-12-25 04:29:36', 'V1_ECN_CS_APPLB_invoke_V1_ECN_BZb_NOWN', '34', '', '', 'V1_ECN_CS_APPLB_invoke_V1_ECN_BZb_NOWN', '0029_0000000019', '0029_0000000036');
INSERT INTO `resource_set_invoke_design` VALUES ('0036_0000000010', null, '0036_0000000010', null, '2019-12-25 04:30:15', null, '2019-12-25 04:30:15', 'V1_DMZ_CS_APPLB_invoke_V1_DMZ_BZa_OUT', '34', '', '', 'V1_DMZ_CS_APPLB_invoke_V1_DMZ_BZa_OUT', '0029_0000000013', '0029_0000000035');
INSERT INTO `resource_set_invoke_design` VALUES ('0036_0000000011', null, '0036_0000000011', null, '2019-12-25 04:30:36', null, '2019-12-25 04:30:36', 'V1_DMZ_CS_APPLB_invoke_V1_DMZ_BZb_OUT', '34', '', '', 'V1_DMZ_CS_APPLB_invoke_V1_DMZ_BZb_OUT', '0029_0000000015', '0029_0000000035');
INSERT INTO `resource_set_invoke_design` VALUES ('0036_0000000012', null, '0036_0000000012', null, '2019-12-25 04:31:05', null, '2019-12-25 04:31:05', 'V1_SF_CS_APPLB_invoke_V1_SF_BZa_APP', '34', '', '', 'V1_SF_CS_APPLB_invoke_V1_SF_BZa_APP', '0029_0000000001', '0029_0000000031');
INSERT INTO `resource_set_invoke_design` VALUES ('0036_0000000013', null, '0036_0000000013', null, '2019-12-25 08:38:21', null, '2019-12-25 08:38:20', 'V1_MGMT_MT_APP_invoke_V1_SF_BZa_CACHE', '34', '', '', 'V1_MGMT_MT_APP_invoke_V1_SF_BZa_CACHE', '0029_0000000003', '0029_0000000020');
INSERT INTO `resource_set_invoke_design` VALUES ('0036_0000000014', null, '0036_0000000014', null, '2019-12-25 08:38:59', null, '2019-12-25 08:38:59', 'V1_MGMT_MT_APP_invoke_V1_SF_BZa_DB', '34', '', '', 'V1_MGMT_MT_APP_invoke_V1_SF_BZa_DB', '0029_0000000004', '0029_0000000020');
INSERT INTO `resource_set_invoke_design` VALUES ('0036_0000000015', null, '0036_0000000015', null, '2019-12-25 08:39:08', null, '2019-12-25 08:39:07', 'V1_MGMT_MT_APP_invoke_V1_SF_BZb_CACHE', '34', '', '', 'V1_MGMT_MT_APP_invoke_V1_SF_BZb_CACHE', '0029_0000000006', '0029_0000000020');
INSERT INTO `resource_set_invoke_design` VALUES ('0036_0000000016', null, '0036_0000000016', null, '2019-12-25 08:39:17', null, '2019-12-25 08:39:17', 'V1_MGMT_MT_APP_invoke_V1_SF_BZb_DB', '34', '', '', 'V1_MGMT_MT_APP_invoke_V1_SF_BZb_DB', '0029_0000000007', '0029_0000000020');
INSERT INTO `resource_set_invoke_design` VALUES ('0036_0000000017', null, '0036_0000000017', null, '2019-12-25 08:39:29', null, '2019-12-25 08:39:29', 'V1_MGMT_MT_APP_invoke_V1_SF_CS_APP', '34', '', '', 'V1_MGMT_MT_APP_invoke_V1_SF_CS_APP', '0029_0000000008', '0029_0000000020');
INSERT INTO `resource_set_invoke_design` VALUES ('0036_0000000018', null, '0036_0000000018', null, '2019-12-25 08:39:41', null, '2019-12-25 08:39:40', 'V1_MGMT_MT_APP_invoke_V1_SF_CS_CACHE', '34', '', '', 'V1_MGMT_MT_APP_invoke_V1_SF_CS_CACHE', '0029_0000000009', '0029_0000000020');
INSERT INTO `resource_set_invoke_design` VALUES ('0036_0000000019', null, '0036_0000000019', null, '2019-12-25 08:39:52', null, '2019-12-25 08:39:52', 'V1_MGMT_MT_APP_invoke_V1_SF_CS_DB', '34', '', '', 'V1_MGMT_MT_APP_invoke_V1_SF_CS_DB', '0029_0000000010', '0029_0000000020');
INSERT INTO `resource_set_invoke_design` VALUES ('0036_0000000020', null, '0036_0000000020', null, '2019-12-25 08:40:06', null, '2019-12-25 08:40:06', 'V1_MGMT_MT_APP_invoke_V1_SF_CS_BDP', '34', '', '', 'V1_MGMT_MT_APP_invoke_V1_SF_CS_BDP', '0029_0000000011', '0029_0000000020');
INSERT INTO `resource_set_invoke_design` VALUES ('0036_0000000021', null, '0036_0000000021', null, '2019-12-25 08:40:19', null, '2019-12-25 08:40:19', 'V1_MGMT_MT_APP_invoke_V1_DMZ_BZa_IN', '34', '', '', 'V1_MGMT_MT_APP_invoke_V1_DMZ_BZa_IN', '0029_0000000012', '0029_0000000020');
INSERT INTO `resource_set_invoke_design` VALUES ('0036_0000000022', null, '0036_0000000022', null, '2019-12-25 08:40:35', null, '2019-12-25 08:40:35', 'V1_MGMT_MT_APP_invoke_V1_DMZ_BZa_OUT', '34', '', '', 'V1_MGMT_MT_APP_invoke_V1_DMZ_BZa_OUT', '0029_0000000013', '0029_0000000020');
INSERT INTO `resource_set_invoke_design` VALUES ('0036_0000000023', null, '0036_0000000023', null, '2019-12-25 08:40:45', null, '2019-12-25 08:40:45', 'V1_MGMT_MT_APP_invoke_V1_DMZ_BZb_IN', '34', '', '', 'V1_MGMT_MT_APP_invoke_V1_DMZ_BZb_IN', '0029_0000000014', '0029_0000000020');
INSERT INTO `resource_set_invoke_design` VALUES ('0036_0000000024', null, '0036_0000000024', null, '2019-12-25 08:41:06', null, '2019-12-25 08:41:06', 'V1_MGMT_MT_APP_invoke_V1_DMZ_BZb_OUT', '34', '', '', 'V1_MGMT_MT_APP_invoke_V1_DMZ_BZb_OUT', '0029_0000000015', '0029_0000000020');
INSERT INTO `resource_set_invoke_design` VALUES ('0036_0000000025', null, '0036_0000000025', null, '2019-12-25 08:41:19', null, '2019-12-25 08:41:19', 'V1_MGMT_MT_APP_invoke_V1_ECN_BZa_OWN', '34', '', '', 'V1_MGMT_MT_APP_invoke_V1_ECN_BZa_OWN', '0029_0000000016', '0029_0000000020');
INSERT INTO `resource_set_invoke_design` VALUES ('0036_0000000026', null, '0036_0000000026', null, '2019-12-25 08:41:29', null, '2019-12-25 08:41:29', 'V1_MGMT_MT_APP_invoke_V1_ECN_BZa_NOWN', '34', '', '', 'V1_MGMT_MT_APP_invoke_V1_ECN_BZa_NOWN', '0029_0000000017', '0029_0000000020');
INSERT INTO `resource_set_invoke_design` VALUES ('0036_0000000027', null, '0036_0000000027', null, '2019-12-25 08:41:46', null, '2019-12-25 08:41:46', 'V1_MGMT_MT_APP_invoke_V1_ECN_BZb_OWN', '34', '', '', 'V1_MGMT_MT_APP_invoke_V1_ECN_BZb_OWN', '0029_0000000018', '0029_0000000020');
INSERT INTO `resource_set_invoke_design` VALUES ('0036_0000000028', null, '0036_0000000028', null, '2019-12-25 08:42:02', null, '2019-12-25 08:42:02', 'V1_MGMT_MT_APP_invoke_V1_ECN_BZb_NOWN', '34', '', '', 'V1_MGMT_MT_APP_invoke_V1_ECN_BZb_NOWN', '0029_0000000019', '0029_0000000020');
INSERT INTO `resource_set_invoke_design` VALUES ('0036_0000000029', null, '0036_0000000029', null, '2019-12-25 08:42:27', null, '2019-12-25 08:42:27', 'V1_MGMT_MT_APP_invoke_V1_SF_CS_APPLB', '34', '', '', 'V1_MGMT_MT_APP_invoke_V1_SF_CS_APPLB', '0029_0000000031', '0029_0000000020');
INSERT INTO `resource_set_invoke_design` VALUES ('0036_0000000030', null, '0036_0000000030', null, '2019-12-25 08:44:21', null, '2019-12-25 08:42:56', 'V1_MGMT_MT_APP_invoke_V1_SF_CS_DBLB', '34', '', '', 'V1_MGMT_MT_APP_invoke_V1_SF_CS_DBLB', '0029_0000000034', '0029_0000000020');
INSERT INTO `resource_set_invoke_design` VALUES ('0036_0000000031', null, '0036_0000000031', null, '2019-12-25 08:44:11', null, '2019-12-25 08:43:18', 'V1_MGMT_MT_APP_invoke_V1_DMZ_CS_APPLB', '34', '', '', 'V1_MGMT_MT_APP_invoke_V1_DMZ_CS_APPLB', '0029_0000000035', '0029_0000000020');
INSERT INTO `resource_set_invoke_design` VALUES ('0036_0000000032', null, '0036_0000000032', null, '2019-12-25 08:43:49', null, '2019-12-25 08:43:49', 'V1_MGMT_MT_APP_invoke_V1_ECN_CS_APPLB', '34', '', '', 'V1_MGMT_MT_APP_invoke_V1_ECN_CS_APPLB', '0029_0000000036', '0029_0000000020');
INSERT INTO `resource_set_invoke_design` VALUES ('0036_0000000033', null, '0036_0000000033', null, '2019-12-25 08:46:57', null, '2019-12-25 08:46:57', 'V1_SF_CS_APPLB_invoke_V1_SF_BZb_APP', '34', '', '', 'V1_SF_CS_APPLB_invoke_V1_SF_BZb_APP', '0029_0000000005', '0029_0000000031');
INSERT INTO `resource_set_invoke_design` VALUES ('0036_0000000034', null, '0036_0000000034', null, '2019-12-25 08:47:06', null, '2019-12-25 08:47:06', 'V1_SF_CS_APPLB_invoke_V1_SF_CS_APP', '34', '', '', 'V1_SF_CS_APPLB_invoke_V1_SF_CS_APP', '0029_0000000008', '0029_0000000031');
INSERT INTO `resource_set_invoke_design` VALUES ('0036_0000000035', null, '0036_0000000035', null, '2019-12-25 08:47:44', null, '2019-12-25 08:47:44', 'V1_SF_CS_DBLB_invoke_V1_SF_BZa_DB', '34', '', '', 'V1_SF_CS_DBLB_invoke_V1_SF_BZa_DB', '0029_0000000004', '0029_0000000034');
INSERT INTO `resource_set_invoke_design` VALUES ('0036_0000000036', null, '0036_0000000036', null, '2019-12-25 08:47:52', null, '2019-12-25 08:47:52', 'V1_SF_CS_DBLB_invoke_V1_SF_BZb_DB', '34', '', '', 'V1_SF_CS_DBLB_invoke_V1_SF_BZb_DB', '0029_0000000007', '0029_0000000034');
INSERT INTO `resource_set_invoke_design` VALUES ('0036_0000000037', null, '0036_0000000037', null, '2019-12-25 08:48:15', null, '2019-12-25 08:48:02', 'V1_SF_CS_DBLB_invoke_V1_SF_CS_DB', '34', '', '', 'V1_SF_CS_DBLB_invoke_V1_SF_CS_DB', '0029_0000000010', '0029_0000000034');
INSERT INTO `resource_set_invoke_design` VALUES ('0036_0000000038', null, '0036_0000000038', null, '2019-12-25 08:48:48', null, '2019-12-25 08:48:48', 'V1_MGMT_CS_APPLB_invoke_V1_MGMT_MT_APP', '34', '', '', 'V1_MGMT_CS_APPLB_invoke_V1_MGMT_MT_APP', '0029_0000000020', '0029_0000000032');
INSERT INTO `resource_set_invoke_design` VALUES ('0036_0000000039', null, '0036_0000000039', null, '2019-12-25 08:49:06', null, '2019-12-25 08:49:06', 'V1_MGMT_CS_DBLB_invoke_V1_MGMT_MT_DB', '34', '', '', 'V1_MGMT_CS_DBLB_invoke_V1_MGMT_MT_DB', '0029_0000000022', '0029_0000000033');
INSERT INTO `resource_set_invoke_design` VALUES ('0036_0000000040', null, '0036_0000000040', null, '2019-12-25 08:50:10', null, '2019-12-25 08:50:10', 'V1_MGMT_QZ_VDI_invoke_V1_SF_CS_APPLB', '34', '', '', 'V1_MGMT_QZ_VDI_invoke_V1_SF_CS_APPLB', '0029_0000000031', '0029_0000000024');
INSERT INTO `resource_set_invoke_design` VALUES ('0036_0000000041', null, '0036_0000000041', null, '2019-12-25 08:50:26', null, '2019-12-25 08:50:26', 'V1_MGMT_QZ_VDI_invoke_V1_MGMT_CS_APPLB', '34', '', '', 'V1_MGMT_QZ_VDI_invoke_V1_MGMT_CS_APPLB', '0029_0000000032', '0029_0000000024');
INSERT INTO `resource_set_invoke_design` VALUES ('0036_0000000042', null, '0036_0000000042', null, '2019-12-25 08:51:08', null, '2019-12-25 08:51:08', 'V1_WAN_ALL_WS_invoke_V1_WAN_ALL_WANLB', '34', '', '', 'V1_WAN_ALL_WS_invoke_V1_WAN_ALL_WANLB', '0029_0000000037', '0029_0000000028');
INSERT INTO `resource_set_invoke_design` VALUES ('0036_0000000043', null, '0036_0000000043', null, '2019-12-25 08:51:44', null, '2019-12-25 08:51:44', 'V1_DMZ_BZa_OUT_invoke_V1_WAN_ALL_AC', '34', '', '', 'V1_DMZ_BZa_OUT_invoke_V1_WAN_ALL_AC', '0029_0000000026', '0029_0000000013');
INSERT INTO `resource_set_invoke_design` VALUES ('0036_0000000044', null, '0036_0000000044', null, '2019-12-25 08:51:54', null, '2019-12-25 08:51:54', 'V1_DMZ_BZb_OUT_invoke_V1_WAN_ALL_AC', '34', '', '', 'V1_DMZ_BZb_OUT_invoke_V1_WAN_ALL_AC', '0029_0000000026', '0029_0000000015');
INSERT INTO `resource_set_invoke_design` VALUES ('0036_0000000045', null, '0036_0000000045', null, '2019-12-25 08:52:50', null, '2019-12-25 08:52:50', 'V1_ECN_BZa_OWN_invoke_V1_PTN_ALL_FRONT', '34', '', '', 'V1_ECN_BZa_OWN_invoke_V1_PTN_ALL_FRONT', '0029_0000000030', '0029_0000000016');
INSERT INTO `resource_set_invoke_design` VALUES ('0036_0000000046', null, '0036_0000000046', null, '2019-12-25 08:52:59', null, '2019-12-25 08:52:59', 'V1_ECN_BZa_NOWN_invoke_V1_PTN_ALL_FRONT', '34', '', '', 'V1_ECN_BZa_NOWN_invoke_V1_PTN_ALL_FRONT', '0029_0000000030', '0029_0000000017');
INSERT INTO `resource_set_invoke_design` VALUES ('0036_0000000047', null, '0036_0000000047', null, '2019-12-25 08:53:08', null, '2019-12-25 08:53:08', 'V1_ECN_BZb_OWN_invoke_V1_PTN_ALL_FRONT', '34', '', '', 'V1_ECN_BZb_OWN_invoke_V1_PTN_ALL_FRONT', '0029_0000000030', '0029_0000000018');
INSERT INTO `resource_set_invoke_design` VALUES ('0036_0000000048', null, '0036_0000000048', null, '2019-12-25 08:53:26', null, '2019-12-25 08:53:26', 'V1_ECN_BZb_NOWN_invoke_V1_PTN_ALL_FRONT', '34', '', '', 'V1_ECN_BZb_NOWN_invoke_V1_PTN_ALL_FRONT', '0029_0000000030', '0029_0000000019');
INSERT INTO `resource_set_invoke_design` VALUES ('0036_0000000049', null, '0036_0000000049', null, '2019-12-25 10:17:32', null, '2019-12-25 10:17:32', 'V1_DMZ_BZa_IN_invoke_V1_SF_CS_APPLB', '34', '', '', 'V1_DMZ_BZa_IN_invoke_V1_SF_CS_APPLB', '0029_0000000031', '0029_0000000012');
INSERT INTO `resource_set_invoke_design` VALUES ('0036_0000000050', null, '0036_0000000050', null, '2019-12-25 10:17:42', null, '2019-12-25 10:17:42', 'V1_DMZ_BZb_IN_invoke_V1_SF_CS_APPLB', '34', '', '', 'V1_DMZ_BZb_IN_invoke_V1_SF_CS_APPLB', '0029_0000000031', '0029_0000000014');
INSERT INTO `resource_set_invoke_design` VALUES ('0036_0000000051', null, '0036_0000000051', null, '2019-12-25 10:19:50', null, '2019-12-25 10:19:50', 'V1_SF_BZa_APP_invoke_V1_SF_CS_DBLB', '34', '', '', 'V1_SF_BZa_APP_invoke_V1_SF_CS_DBLB', '0029_0000000034', '0029_0000000001');
INSERT INTO `resource_set_invoke_design` VALUES ('0036_0000000052', null, '0036_0000000052', null, '2019-12-25 10:19:58', null, '2019-12-25 10:19:58', 'V1_SF_BZb_APP_invoke_V1_SF_CS_DBLB', '34', '', '', 'V1_SF_BZb_APP_invoke_V1_SF_CS_DBLB', '0029_0000000034', '0029_0000000005');
INSERT INTO `resource_set_invoke_design` VALUES ('0036_0000000053', null, '0036_0000000053', null, '2019-12-25 10:20:11', null, '2019-12-25 10:20:11', 'V1_SF_CS_APP_invoke_V1_SF_CS_DB', '34', '', '', 'V1_SF_CS_APP_invoke_V1_SF_CS_DB', '0029_0000000010', '0029_0000000008');
INSERT INTO `resource_set_invoke_design` VALUES ('0036_0000000054', null, '0036_0000000054', null, '2019-12-25 10:21:44', null, '2019-12-25 10:21:44', 'V1_SF_BZa_APP_invoke_V1_SF_CS_APPLB', '34', '', '', 'V1_SF_BZa_APP_invoke_V1_SF_CS_APPLB', '0029_0000000031', '0029_0000000001');
INSERT INTO `resource_set_invoke_design` VALUES ('0036_0000000055', null, '0036_0000000055', null, '2019-12-25 10:22:08', null, '2019-12-25 10:22:08', 'V1_SF_BZb_APP_invoke_V1_SF_CS_APPLB', '34', '', '', 'V1_SF_BZb_APP_invoke_V1_SF_CS_APPLB', '0029_0000000031', '0029_0000000005');
INSERT INTO `resource_set_invoke_design` VALUES ('0036_0000000056', null, '0036_0000000056', null, '2019-12-25 10:22:28', null, '2019-12-25 10:22:28', 'V1_SF_CS_APP_invoke_V1_SF_CS_APPLB', '34', '', '', 'V1_SF_CS_APP_invoke_V1_SF_CS_APPLB', '0029_0000000031', '0029_0000000008');

-- ----------------------------
-- Records of routing_rule
-- ----------------------------
INSERT INTO `routing_rule` VALUES ('0024_0000000095', null, '0024_0000000095', null, '2020-01-02 05:51:26', null, '2019-12-26 02:31:20', 'GZP_MGMT_to_10.128.160.0/24_go_GZP_MGMT-link-GZP_ECN', '37', '', '', 'GZP_MGMT_route to_GZ3P-ECN-CS-APPLB', '140495', '0023_0000000087', '0020_0000000004', '0031_0000000071', '', '', '', '0019_0000000004');
INSERT INTO `routing_rule` VALUES ('0024_0000000096', null, '0024_0000000096', null, '2020-01-02 05:51:26', null, '2019-12-26 03:00:10', 'GZP3_ECN_CS_APPLB_to_10.128.192.0/19_go_GZP_MGMT-link-GZP_ECN', '37', '', '', 'GZP3_ECN_CS_APPLB_route to_GZ-MGMT', '', '0023_0000000031', '0020_0000000004', '0031_0000000070', '', '', '0022_0000000055', '');
INSERT INTO `routing_rule` VALUES ('0024_0000000097', null, '0024_0000000097', null, '2020-01-02 05:51:26', null, '2019-12-26 03:00:33', 'GZP4_ECN_CS_APPLB_to_10.128.192.0/19_go_GZP_MGMT-link-GZP_ECN', '37', '', '', 'GZP4_ECN_CS_APPLB_route to_GZ-MGMT', '', '0023_0000000031', '0020_0000000004', '0031_0000000070', '', '', '0022_0000000056', '');
INSERT INTO `routing_rule` VALUES ('0024_0000000098', null, '0024_0000000098', null, '2020-01-02 05:51:09', null, '2019-12-26 03:10:23', 'GZP3_ECN_CS_APPLB_to_10.128.0.0/17_go_GZP_ECN-link-GZP_SF', '37', '', '', 'GZP3_ECN_CS_APPLB_route to_GZ-SF', '', '0023_0000000003', '0020_0000000003', '0031_0000000067', '', '', '0022_0000000055', '');
INSERT INTO `routing_rule` VALUES ('0024_0000000099', null, '0024_0000000099', null, '2020-01-02 05:51:09', null, '2019-12-26 03:10:43', 'GZP4_ECN_CS_APPLB_to_10.128.0.0/17_go_GZP_ECN-link-GZP_SF', '37', '', '', 'GZP4_ECN_CS_APPLB_route to_GZ-SF', '', '0023_0000000003', '0020_0000000003', '0031_0000000067', '', '', '0022_0000000056', '');
INSERT INTO `routing_rule` VALUES ('0024_0000000100', null, '0024_0000000100', null, '2020-01-02 05:51:09', null, '2019-12-26 03:12:33', 'GZP_MGMT_to_10.128.168.0/24_go_GZP_MGMT-link-GZP_ECN', '37', '', '', 'GZP_MGMT_route to_GZ4P-ECN-CS-APPLB', '', '0023_0000000088', '0020_0000000004', '0031_0000000071', '', '', '', '0019_0000000004');
INSERT INTO `routing_rule` VALUES ('0024_0000000101', null, '0024_0000000101', null, '2020-01-02 05:51:08', null, '2019-12-26 03:13:16', 'GZP_SF_to_10.128.160.0/24_go_GZP_ECN-link-GZP_SF', '37', '', '', 'GZP_SF_route to_GZ3P-ECN-CS-APPLB', '', '0023_0000000087', '0020_0000000003', '0031_0000000061', '', '', '', '0019_0000000001');
INSERT INTO `routing_rule` VALUES ('0024_0000000102', null, '0024_0000000102', null, '2020-01-02 05:51:08', null, '2019-12-26 03:13:41', 'GZP_SF_to_10.128.168.0/24_go_GZP_ECN-link-GZP_SF', '37', '', '', 'GZP_SF_route to_GZ4P-ECN-CS-APPLB', '', '0023_0000000088', '0020_0000000003', '0031_0000000061', '', '', '', '0019_0000000001');
INSERT INTO `routing_rule` VALUES ('0024_0000000103', null, '0024_0000000103', null, '2020-01-02 05:51:08', null, '2019-12-26 07:08:23', 'GZP3_DMZ_CS_APPLB_to_10.128.192.0/19_go_GZP_DMZ-link-GZP_MGMT', '37', '', '', 'GZP3_DMZ_CS_APPLB_route to_GZ-MGMT', '', '0023_0000000031', '0020_0000000005', '0031_0000000068', '', '', '0022_0000000057', '');
INSERT INTO `routing_rule` VALUES ('0024_0000000104', null, '0024_0000000104', null, '2020-01-02 05:51:08', null, '2019-12-26 07:08:53', 'GZP4_DMZ_CS_APPLB_to_10.128.192.0/19_go_GZP_DMZ-link-GZP_MGMT', '37', '', '', 'GZP4_DMZ_CS_APPLB_route to_GZ-MGMT', '', '0023_0000000031', '0020_0000000005', '0031_0000000068', '', '', '0022_0000000058', '');
INSERT INTO `routing_rule` VALUES ('0024_0000000105', null, '0024_0000000105', null, '2020-01-02 05:51:07', null, '2019-12-26 07:10:10', 'GZP_MGMT_to_10.128.128.0/24_go_GZP_DMZ-link-GZP_MGMT', '37', '', '', 'GZP_MGMT_route to_GZ3P-DMZ-CS-APPLB', '', '0023_0000000085', '0020_0000000005', '0031_0000000069', '', '', '', '0019_0000000004');
INSERT INTO `routing_rule` VALUES ('0024_0000000106', null, '0024_0000000106', null, '2020-01-02 05:51:07', null, '2019-12-26 07:10:54', 'GZP_MGMT_to_10.128.136.0/24_go_GZP_DMZ-link-GZP_MGMT', '37', '', '', 'GZP_MGMT_route to_GZ4P-DMZ-CS-APPLB', '', '0023_0000000086', '0020_0000000005', '0031_0000000069', '', '', '', '0019_0000000004');
INSERT INTO `routing_rule` VALUES ('0024_0000000107', null, '0024_0000000107', null, '2020-01-02 05:51:07', null, '2019-12-26 07:11:28', 'GZP3_DMZ_CS_APPLB_to_10.128.0.0/17_go_GZP_DMZ-link-GZP_SF', '37', '', '', 'GZP3_DMZ_CS_APPLB_route to_GZ-SF', '', '0023_0000000003', '0020_0000000002', '0031_0000000066', '', '', '0022_0000000057', '');
INSERT INTO `routing_rule` VALUES ('0024_0000000108', null, '0024_0000000108', null, '2020-01-02 05:50:50', null, '2019-12-26 07:11:57', 'GZP4_DMZ_CS_APPLB_to_10.128.0.0/17_go_GZP_DMZ-link-GZP_SF', '37', '', '', 'GZP4_DMZ_CS_APPLB_route to_GZ-SF', '', '0023_0000000003', '0020_0000000002', '0031_0000000066', '', '', '0022_0000000058', '');
INSERT INTO `routing_rule` VALUES ('0024_0000000109', null, '0024_0000000109', null, '2020-01-02 05:50:50', null, '2019-12-26 07:12:34', 'GZP_SF_to_10.128.128.0/24_go_GZP_DMZ-link-GZP_SF', '37', '', '', 'GZP_SF_route to_GZ3P-DMZ-CS-APPLB', '', '0023_0000000085', '0020_0000000002', '0031_0000000062', '', '', '', '0019_0000000001');
INSERT INTO `routing_rule` VALUES ('0024_0000000110', null, '0024_0000000110', null, '2020-01-02 05:50:50', null, '2019-12-26 07:13:03', 'GZP_SF_to_10.128.136.0/24_go_GZP_DMZ-link-GZP_SF', '37', '', '', 'GZP_SF_route to_GZ4P-DMZ-CS-APPLB', '', '0023_0000000086', '0020_0000000002', '0031_0000000062', '', '', '', '0019_0000000001');
INSERT INTO `routing_rule` VALUES ('0024_0000000111', null, '0024_0000000111', null, '2020-01-02 05:50:50', null, '2019-12-26 07:16:02', 'GZP3_SF_CS_APPLB_to_10.128.128.0/19_go_GZP_DMZ-link-GZP_SF', '37', '', '', 'GZP3_SF_CS_APPLB_route to_GZ-DMZ', '', '0023_0000000017', '0020_0000000002', '0031_0000000050', '', '', '0022_0000000064', '');
INSERT INTO `routing_rule` VALUES ('0024_0000000112', null, '0024_0000000112', null, '2020-01-02 05:50:49', null, '2019-12-26 07:16:23', 'GZP4_SF_CS_APPLB_to_10.128.128.0/19_go_GZP_DMZ-link-GZP_SF', '37', '', '', 'GZP4_SF_CS_APPLB_route to_GZ-DMZ', '', '0023_0000000017', '0020_0000000002', '0031_0000000050', '', '', '0022_0000000065', '');
INSERT INTO `routing_rule` VALUES ('0024_0000000113', null, '0024_0000000113', null, '2020-01-02 05:50:49', null, '2019-12-26 07:18:31', 'GZP_DMZ_to_10.128.0.0/23_go_GZP_DMZ-link-GZP_SF', '37', '', '', 'GZP_DMZ_route to_GZ3P-SF-CS-APPLB', '', '0023_0000000083', '0020_0000000002', '0031_0000000054', '', '', '', '0019_0000000002');
INSERT INTO `routing_rule` VALUES ('0024_0000000114', null, '0024_0000000114', null, '2020-01-02 05:50:49', null, '2019-12-26 07:18:53', 'GZP_DMZ_to_10.128.32.0/23_go_GZP_DMZ-link-GZP_SF', '37', '', '', 'GZP_DMZ_route to_GZ4P-SF-CS-APPLB', '', '0023_0000000084', '0020_0000000002', '0031_0000000054', '', '', '', '0019_0000000002');
INSERT INTO `routing_rule` VALUES ('0024_0000000115', null, '0024_0000000115', null, '2020-01-02 05:50:48', null, '2019-12-26 07:19:15', 'GZP3_SF_CS_APPLB_to_10.128.160.0/19_go_GZP_ECN-link-GZP_SF', '37', '', '', 'GZP3_SF_CS_APPLB_route to_GZ-ECN', '', '0023_0000000024', '0020_0000000003', '0031_0000000049', '', '', '0022_0000000064', '');
INSERT INTO `routing_rule` VALUES ('0024_0000000116', null, '0024_0000000116', null, '2020-01-02 05:50:48', null, '2019-12-26 07:19:31', 'GZP4_SF_CS_APPLB_to_10.128.160.0/19_go_GZP_ECN-link-GZP_SF', '37', '', '', 'GZP4_SF_CS_APPLB_route to_GZ-ECN', '', '0023_0000000024', '0020_0000000003', '0031_0000000049', '', '', '0022_0000000065', '');
INSERT INTO `routing_rule` VALUES ('0024_0000000117', null, '0024_0000000117', null, '2020-01-02 05:50:48', null, '2019-12-26 07:20:44', 'GZP_ECN_to_10.128.0.0/23_go_GZP_ECN-link-GZP_SF', '37', '', '', 'GZP_ECN_route to_GZ3P-SF-CS-APPLB', '', '0023_0000000083', '0020_0000000003', '0031_0000000056', '', '', '', '0019_0000000003');
INSERT INTO `routing_rule` VALUES ('0024_0000000118', null, '0024_0000000118', null, '2020-01-02 05:50:30', null, '2019-12-26 07:21:08', 'GZP_ECN_to_10.128.32.0/23_go_GZP_ECN-link-GZP_SF', '37', '', '', 'GZP_ECN_route to_GZ4P-SF-CS-APPLB', '', '0023_0000000084', '0020_0000000003', '0031_0000000056', '', '', '', '0019_0000000003');
INSERT INTO `routing_rule` VALUES ('0024_0000000119', null, '0024_0000000119', null, '2020-01-02 05:50:30', null, '2019-12-26 07:22:03', 'GZP3_SF_CS_APPLB_to_10.128.192.0/19_go_GZP_MGMT-link-GZP_SF', '37', '', '', 'GZP3_SF_CS_APPLB_route to_GZ-MGMT', '', '0023_0000000031', '0020_0000000001', '0031_0000000048', '', '', '0022_0000000064', '');
INSERT INTO `routing_rule` VALUES ('0024_0000000120', null, '0024_0000000120', null, '2020-01-02 05:50:30', null, '2019-12-26 07:22:21', 'GZP4_SF_CS_APPLB_to_10.128.192.0/19_go_GZP_MGMT-link-GZP_SF', '37', '', '', 'GZP4_SF_CS_APPLB_route to_GZ-MGMT', '', '0023_0000000031', '0020_0000000001', '0031_0000000048', '', '', '0022_0000000065', '');
INSERT INTO `routing_rule` VALUES ('0024_0000000121', null, '0024_0000000121', null, '2020-01-02 05:50:30', null, '2019-12-26 07:22:55', 'GZP_MGMT_to_10.128.0.0/23_go_GZP_MGMT-link-GZP_SF', '37', '', '', 'GZP_MGMT_route to_GZ3P-SF-CS-APPLB', '', '0023_0000000083', '0020_0000000001', '0031_0000000055', '', '', '', '0019_0000000004');
INSERT INTO `routing_rule` VALUES ('0024_0000000122', null, '0024_0000000122', null, '2020-01-02 05:50:29', null, '2019-12-26 07:23:16', 'GZP_MGMT_to_10.128.32.0/23_go_GZP_MGMT-link-GZP_SF', '37', '', '', 'GZP_MGMT_route to_GZ4P-SF-CS-APPLB', '', '0023_0000000084', '0020_0000000001', '0031_0000000055', '', '', '', '0019_0000000004');
INSERT INTO `routing_rule` VALUES ('0024_0000000123', null, '0024_0000000123', null, '2020-01-02 05:50:29', null, '2019-12-26 07:24:40', 'GZP3_MGMT_MT_APP_to_10.128.160.0/19_go_GZP_MGMT-link-GZP_ECN', '37', '', '', 'GZP3_MGMT_MT_APP_route to_GZ-ECN', '', '0023_0000000024', '0020_0000000004', '0031_0000000053', '', '', '0022_0000000019', '');
INSERT INTO `routing_rule` VALUES ('0024_0000000124', null, '0024_0000000124', null, '2020-01-02 05:50:29', null, '2019-12-26 07:24:57', 'GZP4_MGMT_MT_APP_to_10.128.160.0/19_go_GZP_MGMT-link-GZP_ECN', '37', '', '', 'GZP4_MGMT_MT_APP_route to_GZ-ECN', '', '0023_0000000024', '0020_0000000004', '0031_0000000053', '', '', '0022_0000000045', '');
INSERT INTO `routing_rule` VALUES ('0024_0000000125', null, '0024_0000000125', null, '2020-01-02 05:50:28', null, '2019-12-26 07:26:34', 'GZP_ECN_to_10.128.194.0/25_go_GZP_MGMT-link-GZP_ECN', '37', '', '', 'GZP_ECN_route to_GZ3P-MGMT-MT-APP', '', '0023_0000000033', '0020_0000000004', '0031_0000000059', '', '', '', '0019_0000000003');
INSERT INTO `routing_rule` VALUES ('0024_0000000126', null, '0024_0000000126', null, '2020-01-02 05:50:28', null, '2019-12-26 07:26:57', 'GZP_ECN_to_10.128.202.0/25_go_GZP_MGMT-link-GZP_ECN', '37', '', '', 'GZP_ECN_route to_GZ4P-MGMT-MT-APP', '', '0023_0000000076', '0020_0000000004', '0031_0000000059', '', '', '', '0019_0000000003');
INSERT INTO `routing_rule` VALUES ('0024_0000000127', null, '0024_0000000127', null, '2020-01-02 05:50:28', null, '2019-12-26 07:28:37', 'GZP3_MGMT_MT_APP_to_10.128.128.0/19_go_GZP_DMZ-link-GZP_MGMT', '37', '', '', 'GZP3_MGMT_MT_APP_route to_GZ-DMZ', '', '0023_0000000017', '0020_0000000005', '0031_0000000052', '', '', '0022_0000000019', '');
INSERT INTO `routing_rule` VALUES ('0024_0000000128', null, '0024_0000000128', null, '2020-01-02 05:49:57', null, '2019-12-26 07:28:53', 'GZP4_MGMT_MT_APP_to_10.128.128.0/19_go_GZP_DMZ-link-GZP_MGMT', '37', '', '', 'GZP4_MGMT_MT_APP_route to_GZ-DMZ', '', '0023_0000000017', '0020_0000000005', '0031_0000000052', '', '', '0022_0000000045', '');
INSERT INTO `routing_rule` VALUES ('0024_0000000129', null, '0024_0000000129', null, '2020-01-02 05:49:57', null, '2019-12-26 07:29:18', 'GZP_DMZ_to_10.128.194.0/25_go_GZP_DMZ-link-GZP_MGMT', '37', '', '', 'GZP_DMZ_route to_GZ3P-MGMT-MT-APP', '', '0023_0000000033', '0020_0000000005', '0031_0000000058', '', '', '', '0019_0000000002');
INSERT INTO `routing_rule` VALUES ('0024_0000000130', null, '0024_0000000130', null, '2020-01-02 05:49:57', null, '2019-12-26 07:29:40', 'GZP_DMZ_to_10.128.202.0/25_go_GZP_DMZ-link-GZP_MGMT', '37', '', '', 'GZP_DMZ_route to_GZ4P-MGMT-MT-APP', '', '0023_0000000076', '0020_0000000005', '0031_0000000058', '', '', '', '0019_0000000002');
INSERT INTO `routing_rule` VALUES ('0024_0000000131', null, '0024_0000000131', null, '2020-01-02 05:49:56', null, '2019-12-26 07:29:58', 'GZP3_MGMT_MT_APP_to_10.128.0.0/17_go_GZP_MGMT-link-GZP_SF', '37', '', '', 'GZP3_MGMT_MT_APP_route to_GZ-SF', '', '0023_0000000003', '0020_0000000001', '0031_0000000051', '', '', '0022_0000000019', '');
INSERT INTO `routing_rule` VALUES ('0024_0000000132', null, '0024_0000000132', null, '2020-01-02 05:49:56', null, '2019-12-26 07:30:16', 'GZP4_MGMT_MT_APP_to_10.128.0.0/17_go_GZP_MGMT-link-GZP_SF', '37', '', '', 'GZP4_MGMT_MT_APP_route to_GZ-SF', '', '0023_0000000003', '0020_0000000001', '0031_0000000051', '', '', '0022_0000000045', '');
INSERT INTO `routing_rule` VALUES ('0024_0000000133', null, '0024_0000000133', null, '2020-01-02 05:49:56', null, '2019-12-26 07:30:43', 'GZP_SF_to_10.128.194.0/25_go_GZP_MGMT-link-GZP_SF', '37', '', '', 'GZP_SF_route to_GZ3P-MGMT-MT-APP', '', '0023_0000000033', '0020_0000000001', '0031_0000000057', '', '', '', '0019_0000000001');
INSERT INTO `routing_rule` VALUES ('0024_0000000134', null, '0024_0000000134', null, '2020-01-02 05:49:55', null, '2019-12-26 07:31:00', 'GZP_SF_to_10.128.202.0/25_go_GZP_MGMT-link-GZP_SF', '37', '', '', 'GZP_SF_route to_GZ4P-MGMT-MT-APP', '', '0023_0000000076', '0020_0000000001', '0031_0000000057', '', '', '', '0019_0000000001');
INSERT INTO `routing_rule` VALUES ('0024_0000000135', null, '0024_0000000135', null, '2020-01-02 05:49:55', null, '2019-12-26 07:36:46', 'GZP_DMZ_to_0.0.0.0/0_go_NDC_WAN-link-GZP_DMZ', '37', '', '', 'GZP_DMZ_route to_WAN', '', '0023_0000000082', '0020_0000000015', '0031_0000000063', '', '', '', '0019_0000000002');
INSERT INTO `routing_rule` VALUES ('0024_0000000136', null, '0024_0000000136', null, '2020-01-02 05:49:55', null, '2019-12-26 07:37:06', 'GZP_MGMT_to_10.1.0.0/20_go_NDC_OPN-link-GZP_MGMT', '37', '', '', 'GZP_MGMT_route to_NDC-OPN', '', '0023_0000000041', '0020_0000000007', '0031_0000000065', '', '', '', '0019_0000000004');
INSERT INTO `routing_rule` VALUES ('0024_0000000137', null, '0024_0000000137', null, '2020-01-02 05:49:54', null, '2019-12-26 07:44:18', 'GZP_ECN_to_10.2.1.0/24_go_GZP_ECN-link-NDC_PTN', '37', '', '', 'GZP_ECN_route to_PTN', '', '0023_0000000131', '0020_0000000017', '0031_0000000064', '', '', '', '0019_0000000003');

-- ----------------------------
-- Records of routing_rule_design
-- ----------------------------
INSERT INTO `routing_rule_design` VALUES ('0031_0000000048', null, '0031_0000000048', null, '2020-01-02 05:55:52', null, '2019-12-19 11:53:59', 'V1_SF_CS_APPLB_to_MGMT_go_V1_MGMT-link-V1_SF', '34', '', '', 'V1_SF_CS_APPLB_route_MGMT', '0030_0000000004', '0027_0000000002', null, '0029_0000000031', null);
INSERT INTO `routing_rule_design` VALUES ('0031_0000000049', null, '0031_0000000049', null, '2020-01-02 05:55:51', null, '2019-12-19 11:54:17', 'V1_SF_CS_APPLB_to_ECN_go_V1_ECN-link-V1_SF', '34', '', '', 'V1_SF_CS_APPLB_route_ECN', '0030_0000000006', '0027_0000000004', null, '0029_0000000031', null);
INSERT INTO `routing_rule_design` VALUES ('0031_0000000050', null, '0031_0000000050', null, '2020-01-02 05:55:51', null, '2019-12-19 11:55:06', 'V1_SF_CS_APPLB_to_DMZ_go_V1_DMZ-link-V1_SF', '34', '', '', 'V1_SF_CS_APPLB_route_DMZ', '0030_0000000005', '0027_0000000003', null, '0029_0000000031', null);
INSERT INTO `routing_rule_design` VALUES ('0031_0000000051', null, '0031_0000000051', null, '2020-01-02 05:55:44', null, '2019-12-19 11:57:12', 'V1_MGMT_MT_APP_to_SF_go_V1_MGMT-link-V1_SF', '34', '', '', 'V1_MGMT_MT_APP_route_SF', '0030_0000000003', '0027_0000000002', null, '0029_0000000020', null);
INSERT INTO `routing_rule_design` VALUES ('0031_0000000052', null, '0031_0000000052', null, '2020-01-02 05:55:43', null, '2019-12-19 11:57:32', 'V1_MGMT_MT_APP_to_DMZ_go_V1_DMZ-link-V1_MGMT', '34', '', '', 'V1_MGMT_MT_APP_route_DMZ', '0030_0000000005', '0027_0000000009', null, '0029_0000000020', null);
INSERT INTO `routing_rule_design` VALUES ('0031_0000000053', null, '0031_0000000053', null, '2020-01-02 05:55:43', null, '2019-12-19 11:57:57', 'V1_MGMT_MT_APP_to_ECN_go_V1_MGMT-link-V1_ECN', '34', '', '', 'V1_MGMT_MT_APP_route_ECN', '0030_0000000006', '0027_0000000008', null, '0029_0000000020', null);
INSERT INTO `routing_rule_design` VALUES ('0031_0000000054', null, '0031_0000000054', null, '2020-01-02 05:55:43', null, '2019-12-19 11:59:03', 'V1_DMZ_to_SF-CS-APPLB_go_V1_DMZ-link-V1_SF', '34', '', '', 'V1_DMZ_route_SF-CS-APPLB', '0030_0000000054', '0027_0000000003', '0026_0000000003', null, null);
INSERT INTO `routing_rule_design` VALUES ('0031_0000000055', null, '0031_0000000055', null, '2020-01-02 05:55:43', null, '2019-12-19 11:59:49', 'V1_MGMT_to_SF-CS-APPLB_go_V1_MGMT-link-V1_SF', '34', '', '', 'V1_MGMT_route_SF-CS-APPLB', '0030_0000000054', '0027_0000000002', '0026_0000000002', null, null);
INSERT INTO `routing_rule_design` VALUES ('0031_0000000056', null, '0031_0000000056', null, '2020-01-02 05:55:43', null, '2019-12-19 12:00:16', 'V1_ECN_to_SF-CS-APPLB_go_V1_ECN-link-V1_SF', '34', '', '', 'V1_ECN_route_SF-CS-APPLB', '0030_0000000054', '0027_0000000004', '0026_0000000004', null, null);
INSERT INTO `routing_rule_design` VALUES ('0031_0000000057', null, '0031_0000000057', null, '2020-01-02 05:55:42', null, '2019-12-19 12:02:29', 'V1_SF_to_MGMT-MT-APP_go_V1_MGMT-link-V1_SF', '34', '', '', 'V1_SF_route_MGMT-MT-APP', '0030_0000000037', '0027_0000000002', '0026_0000000001', null, null);
INSERT INTO `routing_rule_design` VALUES ('0031_0000000058', null, '0031_0000000058', null, '2020-01-02 05:55:42', null, '2019-12-19 12:06:57', 'V1_DMZ_to_MGMT-MT-APP_go_V1_DMZ-link-V1_MGMT', '34', '', '', 'V1_DMZ_route_MGMT-MT-APP', '0030_0000000037', '0027_0000000009', '0026_0000000003', null, null);
INSERT INTO `routing_rule_design` VALUES ('0031_0000000059', null, '0031_0000000059', null, '2020-01-02 05:55:42', null, '2019-12-19 12:07:18', 'V1_ECN_to_MGMT-MT-APP_go_V1_MGMT-link-V1_ECN', '34', '', '', 'V1_ECN_route_MGMT-MT-APP', '0030_0000000037', '0027_0000000008', '0026_0000000004', null, null);
INSERT INTO `routing_rule_design` VALUES ('0031_0000000061', null, '0031_0000000061', null, '2020-01-02 05:55:42', null, '2019-12-19 12:09:28', 'V1_SF_to_ECN-CS-APPLB_go_V1_ECN-link-V1_SF', '34', '', '', 'V1_SF_route_ECN-CS-APPLB', '0030_0000000056', '0027_0000000004', '0026_0000000001', null, null);
INSERT INTO `routing_rule_design` VALUES ('0031_0000000062', null, '0031_0000000062', null, '2020-01-02 05:55:23', null, '2019-12-19 12:09:41', 'V1_SF_to_DMZ-CS-APPLB_go_V1_DMZ-link-V1_SF', '34', '', '', 'V1_SF_route_DMZ-CS-APPLB', '0030_0000000055', '0027_0000000003', '0026_0000000001', null, null);
INSERT INTO `routing_rule_design` VALUES ('0031_0000000063', null, '0031_0000000063', null, '2020-01-02 05:55:23', null, '2019-12-19 12:12:47', 'V1_DMZ_to_WAN_go_V1_WAN-link-V1_DMZ', '34', '', '', 'V1_DMZ_route_WAN', '0030_0000000048', '0027_0000000010', '0026_0000000003', null, null);
INSERT INTO `routing_rule_design` VALUES ('0031_0000000064', null, '0031_0000000064', null, '2020-01-02 05:55:23', null, '2019-12-19 12:14:49', 'V1_ECN_to_PTN_go_V1_PTN-link-V1_ECN', '34', '', '', 'V1_ECN_route_PTN', '0030_0000000010', '0027_0000000007', '0026_0000000004', null, null);
INSERT INTO `routing_rule_design` VALUES ('0031_0000000065', null, '0031_0000000065', null, '2020-01-02 05:55:23', null, '2019-12-25 09:06:36', 'V1_MGMT_to_OPN_go_V1_OPN-link-V1_MGMT', '34', '', '', 'V1_MGMT_route_OPN', '0030_0000000009', '0027_0000000005', '0026_0000000002', null, null);
INSERT INTO `routing_rule_design` VALUES ('0031_0000000066', null, '0031_0000000066', null, '2020-01-02 05:55:22', null, '2019-12-25 09:09:32', 'V1_DMZ_CS_APPLB_to_SF_go_V1_DMZ-link-V1_SF', '34', '', '', 'V1_DMZ_CS_APPLB_route_SF', '0030_0000000003', '0027_0000000003', null, '0029_0000000035', null);
INSERT INTO `routing_rule_design` VALUES ('0031_0000000067', null, '0031_0000000067', null, '2020-01-02 05:55:22', null, '2019-12-25 09:12:59', 'V1_ECN_CS_APPLB_to_SF_go_V1_ECN-link-V1_SF', '34', '', '', 'V1_ECN_CS_APPLB_route_SF', '0030_0000000003', '0027_0000000004', null, '0029_0000000036', null);
INSERT INTO `routing_rule_design` VALUES ('0031_0000000068', null, '0031_0000000068', null, '2020-01-02 05:55:22', null, '2019-12-25 09:19:28', 'V1_DMZ_CS_APPLB_to_MGMT_go_V1_DMZ-link-V1_MGMT', '34', '', '', 'V1_DMZ_CS_APPLB_route_MGMT', '0030_0000000004', '0027_0000000009', null, '0029_0000000035', null);
INSERT INTO `routing_rule_design` VALUES ('0031_0000000069', null, '0031_0000000069', null, '2020-01-02 05:55:22', null, '2019-12-25 09:20:35', 'V1_MGMT_to_DMZ-CS-APPLB_go_V1_DMZ-link-V1_MGMT', '34', '', '', 'V1_MGMT_route_DMZ-CS-APPLB', '0030_0000000055', '0027_0000000009', '0026_0000000002', null, null);
INSERT INTO `routing_rule_design` VALUES ('0031_0000000070', null, '0031_0000000070', null, '2020-01-02 05:55:21', null, '2019-12-25 09:28:58', 'V1_ECN_CS_APPLB_to_MGMT_go_V1_MGMT-link-V1_ECN', '34', '', '', 'V1_ECN_CS_APPLB_route_MGMT', '0030_0000000004', '0027_0000000008', null, '0029_0000000036', null);
INSERT INTO `routing_rule_design` VALUES ('0031_0000000071', null, '0031_0000000071', null, '2020-01-02 05:55:21', null, '2019-12-25 09:29:21', 'V1_MGMT_to_ECN-CS-APPLB_go_V1_MGMT-link-V1_ECN', '34', '', '', 'V1_MGMT_route_ECN-CS-APPLB', '0030_0000000056', '0027_0000000008', '0026_0000000002', null, null);


-- ----------------------------
-- Records of service_design
-- ----------------------------
INSERT INTO `service_design` VALUES ('0004_0000000010', null, '0004_0000000010', null, '2020-01-03 04:05:07', null, '2019-12-21 13:34:09', 'DMCS_CORE_APP_S100001_余额查询_直连访问', '34', '2020-01-03 04:05:07', '', 'S100001', '余额查询', '83', '0003_0000000012', '362', '365');
INSERT INTO `service_design` VALUES ('0004_0000000011', null, '0004_0000000011', null, '2020-01-03 04:05:07', null, '2019-12-21 13:34:49', 'DMCS_CORE_APP_S200001_开户交易_直连访问', '34', '2020-01-03 04:05:07', '', 'S200001', '开户交易', '83', '0003_0000000012', '362', '366');
INSERT INTO `service_design` VALUES ('0004_0000000012', null, '0004_0000000012', null, '2020-01-03 04:05:07', null, '2019-12-24 10:46:34', 'DMCS_CORE_APP_S200002_调整处理_RMB总线', '34', '2020-01-03 04:05:07', '', 'S200002', '调整处理', '82', '0003_0000000012', '362', '366');
INSERT INTO `service_design` VALUES ('0004_0000000013', null, '0004_0000000013', null, '2020-01-03 04:05:07', null, '2019-12-24 10:48:15', 'DMCS_ADM_APP_S300002_调整处理_直连访问', '34', '2020-01-03 04:05:07', '', 'S300002', '调整处理', '83', '0003_0000000016', '362', '366');
INSERT INTO `service_design` VALUES ('0004_0000000014', null, '0004_0000000014', null, '2020-01-03 04:05:07', null, '2019-12-24 10:49:27', 'DMCS_ADM_APP_S400001_余额查询_直连访问', '34', '2020-01-03 04:05:07', '', 'S400001', '余额查询', '83', '0003_0000000016', '362', '365');
INSERT INTO `service_design` VALUES ('0004_0000000015', null, '0004_0000000015', null, '2020-01-03 04:05:07', null, '2019-12-24 10:50:00', 'DMCS_CORE_APP_S100002_余额查询_RMB总线', '34', '2020-01-03 04:05:07', '', 'S100002', '余额查询', '82', '0003_0000000012', '362', '365');
INSERT INTO `service_design` VALUES ('0004_0000000016', null, '0004_0000000016', null, '2020-01-03 04:05:07', null, '2019-12-24 10:50:49', 'DMCS_PROXY_NGINX_S500001_余额查询_直连访问', '34', '2020-01-03 04:05:07', '', 'S500001', '余额查询', '83', '0003_0000000025', '362', '365');

-- ----------------------------
-- Records of service_invoke_design
-- ----------------------------
INSERT INTO `service_invoke_design` VALUES ('0035_0000000001', null, '0035_0000000001', null, '2020-01-03 04:05:07', null, '2019-12-21 13:43:57', 'DMCS_ADM_APP---DMCS_CORE_APP_S100002_余额查询_RMB总线', '34', '2020-01-03 04:05:07', '', '22', '0003_0000000012', '0003_0000000016', '0004_0000000015');
INSERT INTO `service_invoke_design` VALUES ('0035_0000000002', null, '0035_0000000002', null, '2020-01-03 04:05:07', null, '2019-12-21 13:46:07', 'DMCS_ADM_APP---DMCS_CORE_APP_S200002_调整处理_RMB总线', '34', '2020-01-03 04:05:07', '', '23', '0003_0000000012', '0003_0000000016', '0004_0000000012');
INSERT INTO `service_invoke_design` VALUES ('0035_0000000003', null, '0035_0000000003', null, '2020-01-03 04:05:07', null, '2019-12-24 10:55:18', 'DMCS_MC_BROWER---DMCS_ADM_APP_S400001_余额查询_直连访问', '34', '2020-01-03 04:05:07', '', '33', '0003_0000000016', '0003_0000000026', '0004_0000000014');
INSERT INTO `service_invoke_design` VALUES ('0035_0000000004', null, '0035_0000000004', null, '2020-01-03 04:05:07', null, '2019-12-24 10:55:44', 'DMCS_PROXY_NGINX---DMCS_CORE_APP_S100001_余额查询_直连访问', '34', '2020-01-03 04:05:07', '', '33', '0003_0000000012', '0003_0000000025', '0004_0000000010');
INSERT INTO `service_invoke_design` VALUES ('0035_0000000005', null, '0035_0000000005', null, '2020-01-03 04:05:07', null, '2019-12-24 10:55:57', 'DMCS_APIC_APIWEB---DMCS_PROXY_NGINX_S500001_余额查询_直连访问', '34', '2020-01-03 04:05:07', '', '33', '0003_0000000025', '0003_0000000028', '0004_0000000016');
INSERT INTO `service_invoke_design` VALUES ('0035_0000000006', null, '0035_0000000006', null, '2020-01-03 04:05:07', null, '2019-12-24 10:56:24', 'DMCS_MC_BROWER---DMCS_ADM_APP_S300002_调整处理_直连访问', '34', '2020-01-03 04:05:07', '', '33', '0003_0000000016', '0003_0000000026', '0004_0000000013');

-- ----------------------------
-- Records of service_invoke_seq_design
-- ----------------------------
INSERT INTO `service_invoke_seq_design` VALUES ('0006_0000000001', null, '0006_0000000001', null, '2019-12-24 11:03:16', null, '2019-12-21 13:46:45', 'DMCS_seq_QUERY', '34', '', '', 'QUERY', '管理台账户余额查询', '0001_0000000001');
INSERT INTO `service_invoke_seq_design` VALUES ('0006_0000000002', null, '0006_0000000002', null, '2019-12-24 11:03:58', null, '2019-12-24 11:03:58', 'DMCS_seq_QUERY2', '34', '', '', 'QUERY2', 'WEB API账户余额查询', '0001_0000000001');


-- ----------------------------
-- Records of service_invoke_seq_design$service_invoke_design_sequence
-- ----------------------------
INSERT INTO `service_invoke_seq_design$service_invoke_design_sequence` VALUES ('3', '0006_0000000001', '0035_0000000006', '1');
INSERT INTO `service_invoke_seq_design$service_invoke_design_sequence` VALUES ('4', '0006_0000000001', '0035_0000000002', '2');
INSERT INTO `service_invoke_seq_design$service_invoke_design_sequence` VALUES ('5', '0006_0000000002', '0035_0000000005', '1');
INSERT INTO `service_invoke_seq_design$service_invoke_design_sequence` VALUES ('6', '0006_0000000002', '0035_0000000004', '2');

-- ----------------------------
-- Records of subsys
-- ----------------------------
INSERT INTO `subsys` VALUES ('0008_0000000006', null, '0008_0000000006', null, '2019-12-25 01:35:34', null, '2019-12-21 13:51:32', 'DMCS_PRD_CORE', '37', '', '', 'CORE', 'liuchao', '0002_0000000009', '0007_0000000001');
INSERT INTO `subsys` VALUES ('0008_0000000007', null, '0008_0000000007', null, '2019-12-24 09:35:32', null, '2019-12-21 13:52:47', 'DMCS_PRD_ADM', '37', '', '', 'ADM', 'liuchao', '0002_0000000010', '0007_0000000001');
INSERT INTO `subsys` VALUES ('0008_0000000008', null, '0008_0000000008', null, '2019-12-24 03:56:38', null, '2019-12-24 03:56:38', 'WECUBE_PRD_CLIENT', '37', '', '', 'CLIENT', '', '0002_0000000012', '0007_0000000003');
INSERT INTO `subsys` VALUES ('0008_0000000009', null, '0008_0000000009', null, '2019-12-24 03:56:51', null, '2019-12-24 03:56:51', 'WECUBE_PRD_CORE', '37', '', '', 'CORE', '', '0002_0000000011', '0007_0000000003');
INSERT INTO `subsys` VALUES ('0008_0000000010', null, '0008_0000000010', null, '2019-12-24 12:33:01', null, '2019-12-24 12:32:00', 'DMCS_PRD_PROXY', '37', '', '', 'PROXY', '', '0002_0000000015', '0007_0000000001');
INSERT INTO `subsys` VALUES ('0008_0000000011', null, '0008_0000000011', null, '2019-12-24 12:33:12', null, '2019-12-24 12:33:12', 'DMCS_PRD_APIC', '37', '', '', 'APIC', '', '0002_0000000016', '0007_0000000001');
INSERT INTO `subsys` VALUES ('0008_0000000012', null, '0008_0000000012', null, '2019-12-24 12:33:23', null, '2019-12-24 12:33:23', 'DMCS_PRD_MC', '37', '', '', 'MC', '', '0002_0000000014', '0007_0000000001');
INSERT INTO `subsys` VALUES ('0008_0000000013', null, '0008_0000000013', null, '2020-01-08 10:24:12', null, '2019-12-31 06:34:00', 'PRD_DEMO2_CORE', '37', '2019-12-31 06:35:20', '', 'CORE', '', '0002_0000000017', '0007_0000000002');

-- ----------------------------
-- Records of subsys$business_zone
-- ----------------------------
INSERT INTO `subsys$business_zone` VALUES ('10', '0008_0000000007', '0021_0000000003', '2');
INSERT INTO `subsys$business_zone` VALUES ('11', '0008_0000000007', '0021_0000000001', '1');
INSERT INTO `subsys$business_zone` VALUES ('12', '0008_0000000008', '0021_0000000011', '1');
INSERT INTO `subsys$business_zone` VALUES ('13', '0008_0000000009', '0021_0000000021', '2');
INSERT INTO `subsys$business_zone` VALUES ('14', '0008_0000000009', '0021_0000000008', '1');
INSERT INTO `subsys$business_zone` VALUES ('16', '0008_0000000010', '0021_0000000010', '2');
INSERT INTO `subsys$business_zone` VALUES ('17', '0008_0000000010', '0021_0000000004', '1');
INSERT INTO `subsys$business_zone` VALUES ('18', '0008_0000000011', '0021_0000000010', '1');
INSERT INTO `subsys$business_zone` VALUES ('19', '0008_0000000012', '0021_0000000009', '1');
INSERT INTO `subsys$business_zone` VALUES ('20', '0008_0000000006', '0021_0000000001', '1');
INSERT INTO `subsys$business_zone` VALUES ('21', '0008_0000000006', '0021_0000000003', '2');
INSERT INTO `subsys$business_zone` VALUES ('23', '0008_0000000013', '0021_0000000001', '1');
INSERT INTO `subsys$business_zone` VALUES ('24', '0008_0000000013', '0021_0000000003', '2');

-- ----------------------------
-- Records of subsys_design
-- ----------------------------
INSERT INTO `subsys_design` VALUES ('0002_0000000009', null, '0002_0000000009', null, '2020-01-03 04:15:58', null, '2019-12-21 13:21:32', 'DMCS_CORE', '34', '2020-01-03 04:05:07', '', 'CORE', '0001_0000000001', '0040_0000000058', '核心子系统', null);
INSERT INTO `subsys_design` VALUES ('0002_0000000010', null, '0002_0000000010', null, '2020-01-03 04:15:58', null, '2019-12-21 13:35:44', 'DMCS_ADM', '34', '2020-01-03 04:05:07', '', 'ADM', '0001_0000000001', '0040_0000000058', '后台管理子系统', null);
INSERT INTO `subsys_design` VALUES ('0002_0000000011', null, '0002_0000000011', null, '2020-01-03 02:29:01', null, '2019-12-22 12:01:17', 'WECUBE_CORE', '34', '', '', 'CORE', '0001_0000000003', '0040_0000000254', '核心子系统', null);
INSERT INTO `subsys_design` VALUES ('0002_0000000012', null, '0002_0000000012', null, '2020-01-03 02:29:01', null, '2019-12-22 12:03:37', 'WECUBE_CLIENT', '34', '', '', 'CLIENT', '0001_0000000003', '0040_0000000254', 'WEB客户端', null);
INSERT INTO `subsys_design` VALUES ('0002_0000000014', null, '0002_0000000014', null, '2020-01-03 04:15:58', null, '2019-12-24 09:44:56', 'DMCS_MC', '34', '2020-01-03 04:05:07', '', 'MC', '0001_0000000001', '0040_0000000058', '管理客户端子系统', null);
INSERT INTO `subsys_design` VALUES ('0002_0000000015', null, '0002_0000000015', null, '2020-01-03 04:15:58', null, '2019-12-24 09:45:37', 'DMCS_PROXY', '34', '2020-01-03 04:05:07', '', 'PROXY', '0001_0000000001', '0040_0000000058', '代理子系统', null);
INSERT INTO `subsys_design` VALUES ('0002_0000000016', null, '0002_0000000016', null, '2020-01-03 04:15:58', null, '2019-12-24 09:46:50', 'DMCS_APIC', '34', '2020-01-03 04:05:07', '', 'APIC', '0001_0000000001', '0040_0000000058', 'API客户端', null);
INSERT INTO `subsys_design` VALUES ('0002_0000000017', '0002_0000000021', '0002_0000000017', null, '2020-01-08 10:24:26', null, '2019-12-31 03:34:45', 'DEMO2_CORE', '35', null, '', 'CORE', '0001_0000000002', '0040_0000000059', '演示核心子系统', '234563');
INSERT INTO `subsys_design` VALUES ('0002_0000000018', null, '0002_0000000017', null, '2019-12-31 03:50:59', null, '2019-12-31 03:34:45', 'DEMO2_CORE', '34', '2019-12-31 03:34:48', '', 'CORE', '0001_0000000002', '0040_0000000059', '演示核心子系统', null);
INSERT INTO `subsys_design` VALUES ('0002_0000000019', null, '0002_0000000019', 'mockadmin', '2020-01-10 07:15:08', null, '2020-01-03 04:13:33', 'DMCS_BATCH', '34', '2020-01-10 07:15:08', '', 'BATCH', '0001_0000000001', '0040_0000000058', '批量子系统', null);
INSERT INTO `subsys_design` VALUES ('0002_0000000020', null, '0002_0000000020', 'mockadmin', '2020-01-10 07:15:08', null, '2020-01-07 09:59:41', 'DMCS_GL', '34', '2020-01-10 07:15:08', '', 'GL', '0001_0000000001', '0040_0000000058', '小总账', '122334');
INSERT INTO `subsys_design` VALUES ('0002_0000000021', '0002_0000000018', '0002_0000000017', null, '2020-01-08 08:28:13', null, '2019-12-31 03:34:45', 'DEMO2_CORE', '35', '2019-12-31 06:35:02', '', 'CORE', '0001_0000000002', '0040_0000000059', '演示核心子系统', null);


-- ----------------------------
-- Records of subsys_design$business_zone_design
-- ----------------------------
INSERT INTO `subsys_design$business_zone_design` VALUES ('1', '0002_0000000009', '0028_0000000001', '1');
INSERT INTO `subsys_design$business_zone_design` VALUES ('2', '0002_0000000009', '0028_0000000004', '2');
INSERT INTO `subsys_design$business_zone_design` VALUES ('5', '0002_0000000011', '0028_0000000015', '2');
INSERT INTO `subsys_design$business_zone_design` VALUES ('6', '0002_0000000011', '0028_0000000005', '1');
INSERT INTO `subsys_design$business_zone_design` VALUES ('9', '0002_0000000012', '0028_0000000012', '1');
INSERT INTO `subsys_design$business_zone_design` VALUES ('10', '0002_0000000010', '0028_0000000004', '2');
INSERT INTO `subsys_design$business_zone_design` VALUES ('11', '0002_0000000010', '0028_0000000001', '1');
INSERT INTO `subsys_design$business_zone_design` VALUES ('18', '0002_0000000015', '0028_0000000010', '2');
INSERT INTO `subsys_design$business_zone_design` VALUES ('19', '0002_0000000015', '0028_0000000003', '1');
INSERT INTO `subsys_design$business_zone_design` VALUES ('22', '0002_0000000016', '0028_0000000010', '1');
INSERT INTO `subsys_design$business_zone_design` VALUES ('23', '0002_0000000014', '0028_0000000013', '1');
INSERT INTO `subsys_design$business_zone_design` VALUES ('25', '0002_0000000018', '0028_0000000001', '0');
INSERT INTO `subsys_design$business_zone_design` VALUES ('28', '0002_0000000019', '0028_0000000001', '1');
INSERT INTO `subsys_design$business_zone_design` VALUES ('29', '0002_0000000019', '0028_0000000004', '2');
INSERT INTO `subsys_design$business_zone_design` VALUES ('30', '0002_0000000020', '0028_0000000004', '1');
INSERT INTO `subsys_design$business_zone_design` VALUES ('31', '0002_0000000021', '0028_0000000001', '0');
INSERT INTO `subsys_design$business_zone_design` VALUES ('32', '0002_0000000021', '0028_0000000004', '0');
INSERT INTO `subsys_design$business_zone_design` VALUES ('35', '0002_0000000017', '0028_0000000004', '1');
INSERT INTO `subsys_design$business_zone_design` VALUES ('36', '0002_0000000017', '0028_0000000001', '2');

-- ----------------------------
-- Records of system_design
-- ----------------------------
INSERT INTO `system_design` VALUES ('0001_0000000001', '0001_0000000007', '0001_0000000001', 'mockadmin', '2020-01-15 03:46:17', null, '2019-12-18 01:53:23', 'DMCS', '35', '2020-01-10 07:15:08', '2', 'DMCS', null, '存款微核心系统', '0025_0000000001', null);
INSERT INTO `system_design` VALUES ('0001_0000000002', '0001_0000000006', '0001_0000000002', 'mockadmin', '2020-01-10 07:05:16', null, '2019-12-18 03:38:08', 'DEMO2', '35', '2020-01-10 04:51:29', '', 'DEMO2', null, '演示系统2', '0025_0000000001', '123457');
INSERT INTO `system_design` VALUES ('0001_0000000003', null, '0001_0000000003', null, '2020-01-03 02:29:01', null, '2019-12-22 12:00:06', 'WECUBE', '34', '', '', 'WECUBE', null, 'WeCube', '0025_0000000001', null);
INSERT INTO `system_design` VALUES ('0001_0000000004', null, '0001_0000000004', null, '2020-01-03 02:29:01', null, '2019-12-26 14:39:41', 'YYYY', '34', '', '', 'YYYY', null, 'YYYYT', '0025_0000000001', null);
INSERT INTO `system_design` VALUES ('0001_0000000005', null, '0001_0000000002', null, '2020-01-03 03:04:43', null, '2019-12-18 03:38:08', null, '34', '2019-12-31 03:35:35', '', 'DEMO2', null, '演示系统2', '0025_0000000001', null);
INSERT INTO `system_design` VALUES ('0001_0000000006', '0001_0000000005', '0001_0000000002', null, '2020-01-03 02:43:09', null, '2019-12-18 03:38:08', null, '35', '2019-12-31 03:51:02', '', 'DEMO2', null, '演示系统2', '0025_0000000001', null);
INSERT INTO `system_design` VALUES ('0001_0000000007', null, '0001_0000000001', 'mockadmin', '2020-01-15 03:55:21', null, '2019-12-18 01:53:23', null, '34', '2020-01-03 04:05:07', '1', 'DMCS', null, '存款微核心系统', '0025_0000000001', null);
INSERT INTO `system_design` VALUES ('0001_0000000008', null, '0001_0000000008', 'admin', '2020-02-04 08:42:58', 'admin', '2020-02-03 12:40:33', 'b', '34', '', '', 'b', null, 'a', '0025_0000000001', null);

-- ----------------------------
-- Records of unit
-- ----------------------------
INSERT INTO `unit` VALUES ('0009_0000000008', null, '0009_0000000008', null, '2019-12-25 02:29:53', null, '2019-12-21 13:59:08', 'DMCS_PRD_ADM_APP', '37', '', '', 'APP', '', '0008_0000000007', '0003_0000000016', '10000', '20000', '', null, null);
INSERT INTO `unit` VALUES ('0009_0000000009', null, '0009_0000000009', null, '2019-12-25 02:29:53', null, '2019-12-24 03:57:44', 'WECUBE_PRD_CORE_APP', '37', '', '', 'APP', '', '0008_0000000009', '0003_0000000020', '8080', '20008', '', null, null);
INSERT INTO `unit` VALUES ('0009_0000000014', null, '0009_0000000014', null, '2019-12-25 02:29:53', null, '2019-12-24 07:25:41', 'WECUBE_PRD_CORE_DB', '37', '', '', 'DB', '', '0008_0000000009', '0003_0000000021', '3306', '20008', '', null, null);
INSERT INTO `unit` VALUES ('0009_0000000018', null, '0009_0000000018', null, '2019-12-25 02:29:53', null, '2019-12-25 01:37:03', 'DMCS_PRD_CORE_APP', '37', '', '', 'APP', '', '0008_0000000006', '0003_0000000012', '10001', '20001', '', null, null);
INSERT INTO `unit` VALUES ('0009_0000000019', null, '0009_0000000019', null, '2019-12-25 02:29:53', null, '2019-12-25 01:38:50', 'DMCS_PRD_CORE_DB', '37', '', '', 'DB', '', '0008_0000000006', '0003_0000000015', '13306', '13306', '', null, null);
INSERT INTO `unit` VALUES ('0009_0000000020', null, '0009_0000000020', null, '2019-12-25 02:29:53', null, '2019-12-25 01:40:00', 'DMCS_PRD_ADM_DB', '37', '', '', 'DB', '', '0008_0000000007', '0003_0000000018', '13307', '13307', '', null, null);
INSERT INTO `unit` VALUES ('0009_0000000021', null, '0009_0000000021', null, '2019-12-25 02:29:53', null, '2019-12-25 01:41:25', 'DMCS_PRD_PROXY_NGINX', '37', '', '', 'NGINX', '', '0008_0000000010', '0003_0000000025', '10000', '10000', '', null, null);
INSERT INTO `unit` VALUES ('0009_0000000027', null, '0009_0000000027', null, '2019-12-25 11:12:26', null, '2019-12-25 11:12:26', 'DMCS_PRD_CORE_ALB', '37', '', '', 'ALB', '', '0008_0000000006', '0003_0000000013', '10000', '10000', '', null, null);
INSERT INTO `unit` VALUES ('0009_0000000028', null, '0009_0000000028', null, '2019-12-25 11:15:07', null, '2019-12-25 11:15:07', 'DMCS_PRD_MC_BROWER', '37', '', '', 'BROWER', '', '0008_0000000012', '0003_0000000026', '1000', '100', '', null, null);
INSERT INTO `unit` VALUES ('0009_0000000029', null, '0009_0000000029', null, '2019-12-26 10:46:39', null, '2019-12-26 10:46:39', 'DMCS_PRD_CORE_DLB', '37', '', '', 'DLB', '', '0008_0000000006', '0003_0000000014', '13308', '3306', '', null, null);
INSERT INTO `unit` VALUES ('0009_0000000030', null, '0009_0000000030', null, '2019-12-26 10:47:24', null, '2019-12-26 10:47:24', 'DMCS_PRD_ADM_ALB', '37', '', '', 'ALB', '', '0008_0000000007', '0003_0000000017', '80', '80', '', null, null);
INSERT INTO `unit` VALUES ('0009_0000000031', null, '0009_0000000031', null, '2019-12-26 10:48:14', null, '2019-12-26 10:48:14', 'DMCS_PRD_ADM_DLB', '37', '', '', 'DLB', '', '0008_0000000007', '0003_0000000019', '13309', '13309', '', null, null);
INSERT INTO `unit` VALUES ('0009_0000000032', null, '0009_0000000032', null, '2019-12-26 10:50:27', null, '2019-12-26 10:50:27', 'DMCS_PRD_APIC_APIWEB', '37', '', '', 'APIWEB', '', '0008_0000000011', '0003_0000000028', '0', '0', '', null, null);
INSERT INTO `unit` VALUES ('0009_0000000033', null, '0009_0000000033', null, '2019-12-26 13:06:28', null, '2019-12-26 10:51:15', 'DMCS_PRD_PROXY_WANLB', '37', '', '', 'WANLB', '', '0008_0000000010', '0003_0000000027', '80', '80', '', null, null);
INSERT INTO `unit` VALUES ('0009_0000000034', null, '0009_0000000034', null, '2020-01-08 08:23:43', null, '2019-12-31 08:04:27', 'DEMO2_PRD_CORE_APP', '37', '', '', 'APP', '', '0008_0000000013', '0003_0000000029', '8080', '8080', '', '', '/data/DEMO2_PRD_CORE_APP/');
INSERT INTO `unit` VALUES ('0009_0000000035', null, '0009_0000000035', null, '2020-01-06 02:59:34', null, '2019-12-31 08:06:27', 'DEMO2_PRD_CORE_DB', '37', '', '', 'DB', '', '0008_0000000013', '0003_0000000030', '3306', '3306', '', '', null);
INSERT INTO `unit` VALUES ('0009_0000000036', null, '0009_0000000036', null, '2020-01-06 02:59:34', null, '2019-12-31 08:14:53', 'DEMO2_PRD_CORE_DLB', '37', '', '', 'DLB', '', '0008_0000000013', '0003_0000000031', '13310', '13310', '', '', null);
INSERT INTO `unit` VALUES ('0009_0000000037', null, '0009_0000000037', null, '2020-01-06 04:30:09', null, '2020-01-06 04:30:09', 'DEMO2_PRD_CORE_ALB', '37', '', '', 'ALB', '', '0008_0000000013', '0003_0000000035', '8080', '8080', '', '', null);


-- ----------------------------
-- Records of unit$resource_set
-- ----------------------------
INSERT INTO `unit$resource_set` VALUES ('49', '0009_0000000021', '0022_0000000012', '1');
INSERT INTO `unit$resource_set` VALUES ('50', '0009_0000000020', '0022_0000000003', '1');
INSERT INTO `unit$resource_set` VALUES ('51', '0009_0000000019', '0022_0000000003', '1');
INSERT INTO `unit$resource_set` VALUES ('52', '0009_0000000018', '0022_0000000001', '1');
INSERT INTO `unit$resource_set` VALUES ('53', '0009_0000000014', '0022_0000000021', '1');
INSERT INTO `unit$resource_set` VALUES ('54', '0009_0000000009', '0022_0000000019', '1');
INSERT INTO `unit$resource_set` VALUES ('55', '0009_0000000008', '0022_0000000001', '1');
INSERT INTO `unit$resource_set` VALUES ('58', '0009_0000000027', '0022_0000000064', '1');
INSERT INTO `unit$resource_set` VALUES ('59', '0009_0000000028', '0022_0000000025', '1');
INSERT INTO `unit$resource_set` VALUES ('60', '0009_0000000029', '0022_0000000051', '1');
INSERT INTO `unit$resource_set` VALUES ('61', '0009_0000000030', '0022_0000000064', '1');
INSERT INTO `unit$resource_set` VALUES ('62', '0009_0000000031', '0022_0000000051', '1');
INSERT INTO `unit$resource_set` VALUES ('63', '0009_0000000032', '0022_0000000023', '1');
INSERT INTO `unit$resource_set` VALUES ('65', '0009_0000000033', '0022_0000000062', '1');
INSERT INTO `unit$resource_set` VALUES ('72', '0009_0000000036', '0022_0000000051', '1');
INSERT INTO `unit$resource_set` VALUES ('73', '0009_0000000036', '0022_0000000059', '2');
INSERT INTO `unit$resource_set` VALUES ('74', '0009_0000000035', '0022_0000000035', '2');
INSERT INTO `unit$resource_set` VALUES ('75', '0009_0000000035', '0022_0000000009', '1');
INSERT INTO `unit$resource_set` VALUES ('78', '0009_0000000037', '0022_0000000064', '1');
INSERT INTO `unit$resource_set` VALUES ('85', '0009_0000000034', '0022_0000000007', '1');
INSERT INTO `unit$resource_set` VALUES ('86', '0009_0000000034', '0022_0000000033', '2');

-- ----------------------------
-- Records of unit$unit_type
-- ----------------------------
INSERT INTO `unit$unit_type` VALUES ('9', '0009_0000000006', '0040_0000000066', '1');
INSERT INTO `unit$unit_type` VALUES ('10', '0009_0000000005', '0040_0000000281', '1');
INSERT INTO `unit$unit_type` VALUES ('11', '0009_0000000004', '0040_0000000064', '1');
INSERT INTO `unit$unit_type` VALUES ('12', '0009_0000000003', '0040_0000000281', '1');
INSERT INTO `unit$unit_type` VALUES ('13', '0009_0000000002', '0040_0000000258', '1');
INSERT INTO `unit$unit_type` VALUES ('14', '0009_0000000001', '0040_0000000064', '1');
INSERT INTO `unit$unit_type` VALUES ('15', '0009_0000000007', '0040_0000000066', '1');
INSERT INTO `unit$unit_type` VALUES ('19', '0009_0000000010', '0040_0000000340', '1');
INSERT INTO `unit$unit_type` VALUES ('20', '0009_0000000011', '0040_0000000340', '1');
INSERT INTO `unit$unit_type` VALUES ('21', '0009_0000000012', '0040_0000000340', '1');
INSERT INTO `unit$unit_type` VALUES ('22', '0009_0000000013', '0040_0000000340', '1');
INSERT INTO `unit$unit_type` VALUES ('24', '0009_0000000015', '0040_0000000340', '1');
INSERT INTO `unit$unit_type` VALUES ('26', '0009_0000000016', '0040_0000000340', '1');
INSERT INTO `unit$unit_type` VALUES ('28', '0009_0000000017', '0040_0000000340', '1');
INSERT INTO `unit$unit_type` VALUES ('37', '0009_0000000022', '0040_0000000349', '1');
INSERT INTO `unit$unit_type` VALUES ('45', '0009_0000000021', '0040_0000000258', '1');
INSERT INTO `unit$unit_type` VALUES ('46', '0009_0000000020', '0040_0000000066', '1');
INSERT INTO `unit$unit_type` VALUES ('47', '0009_0000000019', '0040_0000000066', '1');
INSERT INTO `unit$unit_type` VALUES ('48', '0009_0000000018', '0040_0000000064', '1');
INSERT INTO `unit$unit_type` VALUES ('49', '0009_0000000014', '0040_0000000066', '1');
INSERT INTO `unit$unit_type` VALUES ('50', '0009_0000000009', '0040_0000000064', '1');
INSERT INTO `unit$unit_type` VALUES ('51', '0009_0000000008', '0040_0000000064', '1');
INSERT INTO `unit$unit_type` VALUES ('55', '0009_0000000027', '0040_0000000340', '1');
INSERT INTO `unit$unit_type` VALUES ('56', '0009_0000000028', '0040_0000000326', '1');
INSERT INTO `unit$unit_type` VALUES ('57', '0009_0000000029', '0040_0000000341', '1');
INSERT INTO `unit$unit_type` VALUES ('58', '0009_0000000030', '0040_0000000340', '1');
INSERT INTO `unit$unit_type` VALUES ('59', '0009_0000000031', '0040_0000000341', '1');
INSERT INTO `unit$unit_type` VALUES ('60', '0009_0000000032', '0040_0000000326', '1');
INSERT INTO `unit$unit_type` VALUES ('62', '0009_0000000033', '0040_0000000349', '1');
INSERT INTO `unit$unit_type` VALUES ('68', '0009_0000000036', '0040_0000000341', '1');
INSERT INTO `unit$unit_type` VALUES ('69', '0009_0000000035', '0040_0000000066', '1');
INSERT INTO `unit$unit_type` VALUES ('71', '0009_0000000037', '0040_0000000340', '1');
INSERT INTO `unit$unit_type` VALUES ('75', '0009_0000000034', '0040_0000000063', '1');

-- ----------------------------
-- Records of unit_design
-- ----------------------------
INSERT INTO `unit_design` VALUES ('0003_0000000012', null, '0003_0000000012', null, '2020-01-03 04:05:07', null, '2019-12-21 13:23:25', 'DMCS_CORE_APP', '34', '2020-01-03 04:05:07', '', 'APP', '0040_0000000104', '核心应用', '0029_0000000001', '0002_0000000009', null, '0040_0000000361');
INSERT INTO `unit_design` VALUES ('0003_0000000013', null, '0003_0000000013', null, '2020-01-03 04:05:07', null, '2019-12-21 13:24:07', 'DMCS_CORE_ALB', '34', '2020-01-03 04:05:07', '', 'ALB', '0040_0000000104', '应用负载均衡', '0029_0000000031', '0002_0000000009', null, '0040_0000000361');
INSERT INTO `unit_design` VALUES ('0003_0000000014', null, '0003_0000000014', null, '2020-01-03 04:05:07', null, '2019-12-21 13:24:34', 'DMCS_CORE_DLB', '34', '2020-01-03 04:05:07', '', 'DLB', '0040_0000000104', '数据库负载均衡', '0029_0000000034', '0002_0000000009', null, '0040_0000000361');
INSERT INTO `unit_design` VALUES ('0003_0000000015', null, '0003_0000000015', null, '2020-01-03 04:05:07', null, '2019-12-21 13:25:06', 'DMCS_CORE_DB', '34', '2020-01-03 04:05:07', '', 'DB', '0040_0000000104', '核心数据库', '0029_0000000004', '0002_0000000009', null, '0040_0000000361');
INSERT INTO `unit_design` VALUES ('0003_0000000016', null, '0003_0000000016', null, '2020-01-03 04:05:07', null, '2019-12-21 13:36:18', 'DMCS_ADM_APP', '34', '2020-01-03 04:05:07', '', 'APP', '0040_0000000104', '管理台应用', '0029_0000000001', '0002_0000000010', null, '0040_0000000361');
INSERT INTO `unit_design` VALUES ('0003_0000000017', null, '0003_0000000017', null, '2020-01-03 04:05:07', null, '2019-12-21 13:36:59', 'DMCS_ADM_ALB', '34', '2020-01-03 04:05:07', '', 'ALB', '0040_0000000104', '管理台负载均衡', '0029_0000000031', '0002_0000000010', null, '0040_0000000361');
INSERT INTO `unit_design` VALUES ('0003_0000000018', null, '0003_0000000018', null, '2020-01-03 04:05:07', null, '2019-12-21 13:37:23', 'DMCS_ADM_DB', '34', '2020-01-03 04:05:07', '', 'DB', '0040_0000000104', '管理台数据库', '0029_0000000004', '0002_0000000010', null, '0040_0000000361');
INSERT INTO `unit_design` VALUES ('0003_0000000019', null, '0003_0000000019', null, '2020-01-03 04:05:07', null, '2019-12-21 13:38:07', 'DMCS_ADM_DLB', '34', '2020-01-03 04:05:07', '', 'DLB', '0040_0000000104', 'ADM', '0029_0000000034', '0002_0000000010', null, '0040_0000000361');
INSERT INTO `unit_design` VALUES ('0003_0000000020', null, '0003_0000000020', null, '2019-12-24 07:23:43', null, '2019-12-24 03:43:53', 'WECUBE_CORE_APP', '34', '', '', 'APP', '0040_0000000104', '核心应用', '0029_0000000020', '0002_0000000011', null, '0040_0000000361');
INSERT INTO `unit_design` VALUES ('0003_0000000021', null, '0003_0000000021', null, '2019-12-24 07:23:43', null, '2019-12-24 03:44:35', 'WECUBE_CORE_DB', '34', '', '', 'DB', '0040_0000000104', '核心数据库', '0029_0000000022', '0002_0000000011', null, '0040_0000000361');
INSERT INTO `unit_design` VALUES ('0003_0000000022', null, '0003_0000000022', null, '2019-12-24 07:23:43', null, '2019-12-24 03:46:43', 'WECUBE_CORE_APPLB', '34', '', '', 'APPLB', '0040_0000000104', '应用负载均衡', '0029_0000000032', '0002_0000000011', null, '0040_0000000361');
INSERT INTO `unit_design` VALUES ('0003_0000000023', null, '0003_0000000023', null, '2019-12-24 07:23:43', null, '2019-12-24 03:47:19', 'WECUBE_CORE_DBLB', '34', '', '', 'DBLB', '0040_0000000104', '数据库负载均衡', '0029_0000000033', '0002_0000000011', null, '0040_0000000361');
INSERT INTO `unit_design` VALUES ('0003_0000000024', null, '0003_0000000024', null, '2019-12-24 07:23:43', null, '2019-12-24 03:50:35', 'WECUBE_CLIENT_BROWER', '34', '', '', 'BROWER', '0040_0000000104', 'WEB客户端', '0029_0000000029', '0002_0000000012', null, '0040_0000000361');
INSERT INTO `unit_design` VALUES ('0003_0000000025', null, '0003_0000000025', null, '2020-01-03 04:05:07', null, '2019-12-24 09:48:46', 'DMCS_PROXY_NGINX', '34', '2020-01-03 04:05:07', '', 'NGINX', '0040_0000000104', '正向代理模块', '0029_0000000012', '0002_0000000015', null, '0040_0000000361');
INSERT INTO `unit_design` VALUES ('0003_0000000026', null, '0003_0000000026', null, '2020-01-03 04:05:07', null, '2019-12-24 09:49:41', 'DMCS_MC_BROWER', '34', '2020-01-03 04:05:07', '', 'BROWER', '0040_0000000103', '管理WEB', '0029_0000000024', '0002_0000000014', null, '0040_0000000361');
INSERT INTO `unit_design` VALUES ('0003_0000000027', null, '0003_0000000027', null, '2020-01-03 04:05:07', null, '2019-12-24 10:34:11', 'DMCS_PROXY_WANLB', '34', '2020-01-03 04:05:07', '', 'WANLB', '0040_0000000104', '负载均衡', '0029_0000000037', '0002_0000000015', null, '0040_0000000361');
INSERT INTO `unit_design` VALUES ('0003_0000000028', null, '0003_0000000028', null, '2020-01-03 04:05:07', null, '2019-12-24 10:44:24', 'DMCS_APIC_APIWEB', '34', '2020-01-03 04:05:07', '', 'APIWEB', '0040_0000000103', 'APIWEB客户端', '0029_0000000028', '0002_0000000016', null, '0040_0000000361');
INSERT INTO `unit_design` VALUES ('0003_0000000029', '0003_0000000033', '0003_0000000029', null, '2020-01-03 04:52:39', null, '2019-12-31 03:37:35', 'DEMO2_CORE_APP', '35', null, '', 'APP', '0040_0000000104', '演示业务应用', '0029_0000000008', '0002_0000000017', null, '0040_0000000361');
INSERT INTO `unit_design` VALUES ('0003_0000000030', '0003_0000000034', '0003_0000000030', null, '2020-01-06 02:58:14', null, '2019-12-31 03:38:11', 'DEMO2_CORE_DB', '35', null, '', 'DB', '0040_0000000104', '演示业务数据库', '0029_0000000010', '0002_0000000017', null, '0040_0000000361');
INSERT INTO `unit_design` VALUES ('0003_0000000031', null, '0003_0000000031', null, '2020-01-06 02:58:14', null, '2019-12-31 08:12:38', 'DEMO2_CORE_DBLB', '34', '', '', 'DBLB', '0040_0000000104', '演示业务数据库负载均衡', '0029_0000000034', '0002_0000000017', null, '0040_0000000361');
INSERT INTO `unit_design` VALUES ('0003_0000000032', null, '0003_0000000032', 'mockadmin', '2020-01-10 07:15:08', null, '2020-01-03 04:17:51', 'DMCS_BATCH_APP', '34', '2020-01-10 07:15:08', '', 'APP', '0040_0000000104', '跑批单元', '0029_0000000001', '0002_0000000019', null, '0040_0000000361');
INSERT INTO `unit_design` VALUES ('0003_0000000033', null, '0003_0000000029', null, '2019-12-31 03:37:38', null, '2019-12-31 03:37:35', 'DEMO2_CORE_APP', '34', '2019-12-31 03:37:37', '', 'APP', '0040_0000000104', '演示业务应用', '0029_0000000001', '0002_0000000017', null, '0040_0000000361');
INSERT INTO `unit_design` VALUES ('0003_0000000034', null, '0003_0000000030', null, '2019-12-31 03:38:13', null, '2019-12-31 03:38:11', 'DEMO2_CORE_DB', '34', '2019-12-31 03:38:13', '', 'DB', '0040_0000000104', '演示业务数据库', '0029_0000000004', '0002_0000000017', null, '0040_0000000361');
INSERT INTO `unit_design` VALUES ('0003_0000000035', null, '0003_0000000035', null, '2020-01-06 04:28:13', null, '2020-01-06 04:28:13', 'DEMO2_CORE_ALB', '34', '', '', 'ALB', '0040_0000000104', 'APP负载均衡', '0029_0000000031', '0002_0000000017', null, '0040_0000000361');

-- ----------------------------
-- Records of we_system
-- ----------------------------
INSERT INTO `we_system` VALUES ('0007_0000000001', null, '0007_0000000001', null, '2020-01-03 04:15:58', null, '2019-12-18 05:23:39', 'DMCS_PRD', '37', '', '', 'DMCS_PRD', '0040_0000000069', '0001_0000000001', null);
INSERT INTO `we_system` VALUES ('0007_0000000002', null, '0007_0000000002', null, '2020-01-08 10:24:26', null, '2019-12-18 05:24:51', 'PRD_DEMO2', '37', '', '', 'DEMO2_PRD', '0040_0000000069', '0001_0000000002', null);
INSERT INTO `we_system` VALUES ('0007_0000000003', null, '0007_0000000003', 'admin', '2020-01-03 04:26:02', null, '2019-12-24 03:52:50', 'WECUBE_PRD', '37', '2020-01-03 12:26:02', '', 'WECUBE_PRD', '0040_0000000069', '0001_0000000003', null);

-- ----------------------------
-- Records of we_system$data_center
-- ----------------------------
INSERT INTO `we_system$data_center` VALUES ('1', '0007_0000000002', '0018_0000000001', '2');
INSERT INTO `we_system$data_center` VALUES ('2', '0007_0000000002', '0018_0000000003', '1');
INSERT INTO `we_system$data_center` VALUES ('3', '0007_0000000002', '0018_0000000002', '3');
INSERT INTO `we_system$data_center` VALUES ('9', '0007_0000000003', '0018_0000000001', '1');
INSERT INTO `we_system$data_center` VALUES ('13', '0007_0000000001', '0018_0000000001', '1');
INSERT INTO `we_system$data_center` VALUES ('14', '0007_0000000001', '0018_0000000002', '2');
INSERT INTO `we_system$data_center` VALUES ('15', '0007_0000000001', '0018_0000000003', '3');

/*!40101 SET SQL_MODE=IFNULL(@OLD_SQL_MODE, '') */;
/*!40014 SET FOREIGN_KEY_CHECKS=IF(@OLD_FOREIGN_KEY_CHECKS IS NULL, 1, @OLD_FOREIGN_KEY_CHECKS) */;
/*!40101 SET CHARACTER_SET_CLIENT=@OLD_CHARACTER_SET_CLIENT */;
SET FOREIGN_KEY_CHECKS=1;
